itemCode,name,description,category,collection,supplier,listPrice,supplierDiscountPct,unitCost,unit
AL-30GR,"Avalon Glass Rack 30""W",AVALON AND ASPEN Glass Rack,Cabinets,Avalon,2025 Cabinet Price List Supplier,56.19,61,,each
AL-30WR,"Avalon Wine Rack 30""W",AVALON AND ASPEN Wine Rack,Cabinets,Avalon,2025 Cabinet Price List Supplier,219.68,61,,each
AL-36GR,"Avalon Glass Rack 36""W",AVALON AND ASPEN Glass Rack,Cabinets,Avalon,2025 Cabinet Price List Supplier,76.31,61,,each
AL-36WR,"Avalon Wine Rack 36""W",AVALON AND ASPEN Wine Rack,Cabinets,Avalon,2025 Cabinet Price List Supplier,266.43,61,,each
AL-ACM8-2,Avalon Crown Molding,AVALON AND ASPEN Crown Molding,Cabinets,Avalon,2025 Cabinet Price List Supplier,149.38,61,,each
AL-B09,"Avalon Base Cabinet 9""W",AVALON Base Cabinet,Cabinets,Avalon,2025 Cabinet Price List Supplier,210.56,61,,each
AL-B12,"Avalon Base Cabinet 12""W",AVALON Base Cabinet,Cabinets,Avalon,2025 Cabinet Price List Supplier,276.45,61,,each
AL-B15,"Avalon Base Cabinet 15""W",AVALON Base Cabinet,Cabinets,Avalon,2025 Cabinet Price List Supplier,329.80,61,,each
AL-B18,"Avalon Base Cabinet 18""W",AVALON Base Cabinet,Cabinets,Avalon,2025 Cabinet Price List Supplier,385.74,61,,each
AL-B21,"Avalon Base Cabinet 21""W",AVALON Base Cabinet,Cabinets,Avalon,2025 Cabinet Price List Supplier,419.69,61,,each
AL-B24,"Avalon Base Cabinet 24""W",AVALON Base Cabinet,Cabinets,Avalon,2025 Cabinet Price List Supplier,463.21,61,,each
AL-B27,"Avalon Base Cabinet 27""W",AVALON Base Cabinet,Cabinets,Avalon,2025 Cabinet Price List Supplier,499.55,61,,each
AL-B30,"Avalon Base Cabinet 30""W",AVALON Base Cabinet,Cabinets,Avalon,2025 Cabinet Price List Supplier,586.98,61,,each
AL-B33,"Avalon Base Cabinet 33""W",AVALON Base Cabinet,Cabinets,Avalon,2025 Cabinet Price List Supplier,624.74,61,,each
AL-B36,"Avalon Base Cabinet 36""W",AVALON Base Cabinet,Cabinets,Avalon,2025 Cabinet Price List Supplier,662.38,61,,each
AL-BBC39,"Avalon Base Blind Corner Cabinet 39""W",AVALON Base Blind Corner Cabinet,Cabinets,Avalon,2025 Cabinet Price List Supplier,502.46,61,,each
AL-BBC42,"Avalon Base Blind Corner Cabinet 42""W",AVALON Base Blind Corner Cabinet,Cabinets,Avalon,2025 Cabinet Price List Supplier,659.54,61,,each
AL-BCB150,Avalon Chair Rail Molding,AVALON and ASPEN Chair Rail Molding,Cabinets,Avalon,2025 Cabinet Price List Supplier,30.26,61,,each
AL-BEC24,"Avalon Base End Cabinet 24""W",AVALON Base End Cabinet,Cabinets,Avalon,2025 Cabinet Price List Supplier,587.43,61,,each
AL-BES09,"Avalon Base End Shelf 9""W",AVALON and ASPEN Base End Shelf,Cabinets,Avalon,2025 Cabinet Price List Supplier,337.17,61,,each
AL-BFH09,"Avalon BASE FULL HEIGHT DOOR CABINET 9""W",AVALON BASE FULL HEIGHT DOOR CABINET,Cabinets,Avalon,2025 Cabinet Price List Supplier,180.00,61,,each
AL-BLS33N,"Avalon Lazy Susan cabinet with shelf only. No Trays. 33""W",AVALON Lazy Susan cabinet with shelf only. No Trays.,Cabinets,Avalon,2025 Cabinet Price List Supplier,745.82,61,,each
AL-BLS36N,"Avalon Lazy Susan Cabinet with shelf only. No Trays. 36""W",AVALON Lazy Susan Cabinet with shelf only. No Trays.,Cabinets,Avalon,2025 Cabinet Price List Supplier,804.74,61,,each
AL-BM8,Avalon Base Molding,AVALON and ASPEN Base Molding,Cabinets,Avalon,2025 Cabinet Price List Supplier,98.87,61,,each
AL-BMC30,"Avalon Base Microwave Cabinet 30""W",AVALON Base Microwave Cabinet,Cabinets,Avalon,2025 Cabinet Price List Supplier,572.00,61,,each
AL-BP3696,"Avalon Back Panel 36""x96""x1/4""","AVALON and ASPEN Back Panel 36""x96""x1/4""",Cabinets,Avalon,2025 Cabinet Price List Supplier,134.32,61,,each
AL-BP4896,"Avalon Back Panel 48""W x 96""H",AVALON and ASPEN Back Panel,Cabinets,Avalon,2025 Cabinet Price List Supplier,178.20,61,,each
AL-BSR06,"Avalon Spice Rack 6""W",AVALON Spice Rack,Cabinets,Avalon,2025 Cabinet Price List Supplier,271.60,61,,each
AL-BSR09,"Avalon Spice Rack Cabinet 9""W",AVALON Spice Rack Cabinet,Cabinets,Avalon,2025 Cabinet Price List Supplier,284.53,61,,each
AL-BSR12,"Avalon Spice Rack Cabinet 12""W",Avalon Spice Rack Cabinet,Cabinets,Avalon,2025 Cabinet Price List Supplier,320.00,61,,each
AL-CCM8-1,Avalon Crown Molding,AVALON AND ASPEN Crown Molding,Cabinets,Avalon,2025 Cabinet Price List Supplier,98.87,61,,each
AL-CCM8-2,Avalon Crown Molding,AVALON AND ASPEN Crown Molding,Cabinets,Avalon,2025 Cabinet Price List Supplier,149.38,61,,each
AL-CORBEL,Avalon Corbel,AVALON and ASPEN Corbel,Cabinets,Avalon,2025 Cabinet Price List Supplier,210.42,61,,each
AL-CSB36,"Avalon Corner Sink Base Cabinet 36""W",AVALON Corner Sink Base Cabinet,Cabinets,Avalon,2025 Cabinet Price List Supplier,779.62,61,,each
AL-D1212W,"Avalon Decoreave End Panel 12""W x 12""H",AVALON Decoreave End Panel,Cabinets,Avalon,2025 Cabinet Price List Supplier,92.97,61,,each
AL-D1215W,"Avalon Decoreave End Panel 12""W x 15""H",AVALON Decoreave End Panel,Cabinets,Avalon,2025 Cabinet Price List Supplier,99.35,61,,each
AL-D1230W,"Avalon Decorative Door for Wall 12""W x 30""H",AVALON Decorative Door for Wall,Cabinets,Avalon,2025 Cabinet Price List Supplier,87.76,61,,each
AL-D1236W,"Avalon Decorative Door for Wall 12""W x 36""H",AVALON Decorative Door for Wall,Cabinets,Avalon,2025 Cabinet Price List Supplier,105.60,61,,each
AL-D1242W,"Avalon Decorative Door for Wall 12""W x 42""H",AVALON Decorative Door for Wall,Cabinets,Avalon,2025 Cabinet Price List Supplier,123.45,61,,each
AL-D1249W,"Avalon Pantry Bottom Door 12""W x 49""H",AVALON Pantry Bottom Door,Cabinets,Avalon,2025 Cabinet Price List Supplier,168.00,61,,each
AL-D2430B,"Avalon Decorative Door for Base 24""W x 30""H",AVALON Decorative Door for Base,Cabinets,Avalon,2025 Cabinet Price List Supplier,182.17,61,,each
AL-DB12-3,"Avalon Drawer Base Cabinet 12""W",AVALON Drawer Base Cabinet,Cabinets,Avalon,2025 Cabinet Price List Supplier,447.56,61,,each
AL-DB15-3,"Avalon Drawer Base Cabinet 15""W",AVALON Drawer Base Cabinet,Cabinets,Avalon,2025 Cabinet Price List Supplier,501.04,61,,each
AL-DB18-3,"Avalon Drawer Base Cabinet 18""W",AVALON Drawer Base Cabinet,Cabinets,Avalon,2025 Cabinet Price List Supplier,554.45,61,,each
AL-DB21-3,"Avalon Drawer Base Cabinet 21""W",AVALON Drawer Base Cabinet,Cabinets,Avalon,2025 Cabinet Price List Supplier,612.78,61,,each
AL-DB24-3,"Avalon Drawer Base Cabinet 24""W",AVALON Drawer Base Cabinet,Cabinets,Avalon,2025 Cabinet Price List Supplier,667.17,61,,each
AL-DB30-3,"Avalon Drawer Base Cabinet 30""W",AVALON Drawer Base Cabinet,Cabinets,Avalon,2025 Cabinet Price List Supplier,711.92,61,,each
AL-DB36-3,"Avalon Drawer Base Cabinet 36""W",AVALON Drawer Base Cabinet,Cabinets,Avalon,2025 Cabinet Price List Supplier,762.81,61,,each
AL-DMI,Avalon Dentil Insert Molding,AVALON AND ASPEN Dentil Insert Molding,Cabinets,Avalon,2025 Cabinet Price List Supplier,14.23,61,,each
AL-DWR-3,Avalon Dish Washer Panel,AVALON AND ASPEN Dish Washer Panel,Cabinets,Avalon,2025 Cabinet Price List Supplier,85.82,61,,each
AL-FA2421,"Avalon Vanity Sink Cabinet 24""W x 21""H",AVALON Vanity Sink Cabinet,Cabinets,Avalon,2025 Cabinet Price List Supplier,280.14,61,,each
AL-FA3021,"Avalon Vanity Sink Cabinet 30""W x 21""H",AVALON Vanity Sink Cabinet,Cabinets,Avalon,2025 Cabinet Price List Supplier,324.24,61,,each
AL-FA3021DL,"Avalon Vanity Cabinet with Drawers, Drawers on the Left 30""W x 21""H","AVALON Vanity Cabinet with Drawers, Drawers on the Left",Cabinets,Avalon,2025 Cabinet Price List Supplier,531.10,61,,each
AL-FA3021DR,"Avalon Vanity Cabinet with drawers, Drawer on the Right 30""W x 21""H","AVALON Vanity Cabinet with drawers, Drawer on the Right",Cabinets,Avalon,2025 Cabinet Price List Supplier,531.10,61,,each
AL-FA3621DL,"Avalon Vanity Cabinet with Drawers, Drawers on the Left 36""W x 21""H","AVALON Vanity Cabinet with Drawers, Drawers on the Left",Cabinets,Avalon,2025 Cabinet Price List Supplier,575.40,61,,each
AL-FA3621DR,"Avalon Vanity Cabinet with Drawers, Drawer on the Right 36""W x 21""H","AVALON Vanity Cabinet with Drawers, Drawer on the Right",Cabinets,Avalon,2025 Cabinet Price List Supplier,575.40,61,,each
AL-FB3X3,Avalon Rossette,AVALON AND ASPEN Rossette,Cabinets,Avalon,2025 Cabinet Price List Supplier,10.21,61,,each
AL-FD30,"Avalon Knee Drawer Cabinet 30""W",AVALON Knee Drawer Cabinet,Cabinets,Avalon,2025 Cabinet Price List Supplier,127.52,61,,each
AL-FSB30,"Avalon FARM SINK BASE 30""W",AVALON FARM SINK BASE,Cabinets,Avalon,2025 Cabinet Price List Supplier,530.00,61,,each
AL-FSB36,"Avalon Farm Sink Base Cabinet 36""W",Avalaon Farm Sink Base Cabinet,Cabinets,Avalon,2025 Cabinet Price List Supplier,560.00,61,,each
AL-GD1212,"Avalon Mullion Door with Clear Glass 12""W x 12""H",AVALON Mullion Door with Clear Glass,Cabinets,Avalon,2025 Cabinet Price List Supplier,82.82,61,,each
AL-GD1215,"Avalon Mullion Door with Clear Glass 12""W x 15""H",AVALON Mullion Door with Clear Glass,Cabinets,Avalon,2025 Cabinet Price List Supplier,85.16,61,,each
AL-GD1230,"Avalon Mullion Door with Frosted Glass 12""W x 30""H",AVALON Mullion Door with Frosted Glass,Cabinets,Avalon,2025 Cabinet Price List Supplier,102.45,61,,each
AL-GD1236,"Avalon Mullion Door with Frosted Glass 12""W x 36""H",AVALON Mullion Door with Frosted Glass,Cabinets,Avalon,2025 Cabinet Price List Supplier,113.87,61,,each
AL-GD1242,"Avalon Mullion Door with Frosted Glass 12""W x 42""H",AVALON Mullion Door with Frosted Glass,Cabinets,Avalon,2025 Cabinet Price List Supplier,125.30,61,,each
AL-GD1512,"Avalon Mullion Door with Clear Glass 15""W x 12""H",AVALON Mullion Door with Clear Glass,Cabinets,Avalon,2025 Cabinet Price List Supplier,96.23,61,,each
AL-GD1515,"Avalon Mullion Door with Clear Glass 15""W x 15""H",AVALON Mullion Door with Clear Glass,Cabinets,Avalon,2025 Cabinet Price List Supplier,98.65,61,,each
AL-GD1530,"Avalon Mullion Door with Frosted Glass 15""W x 30""H",AVALON Mullion Door with Frosted Glass,Cabinets,Avalon,2025 Cabinet Price List Supplier,119.33,61,,each
AL-GD1536,"Avalon Mullion Door with Frosted Glass 15""W x 36""H",AVALON Mullion Door with Frosted Glass,Cabinets,Avalon,2025 Cabinet Price List Supplier,130.76,61,,each
AL-GD1542,"Avalon Mullion Door with Frosted Glass 15""W x 42""H",AVALON Mullion Door with Frosted Glass,Cabinets,Avalon,2025 Cabinet Price List Supplier,143.18,61,,each
AL-GD1812,"Avalon Mullion Door with Clear Glass 18""W x 12""H",AVALON Mullion Door with Clear Glass,Cabinets,Avalon,2025 Cabinet Price List Supplier,109.65,61,,each
AL-GD1815,"Avalon Mullion Door with Clear Glass 18""W x 15""H",AVALON Mullion Door with Clear Glass,Cabinets,Avalon,2025 Cabinet Price List Supplier,112.13,61,,each
AL-GD1830,"Avalon Mullion Door with Frosted Glass 18""W x 30""H",AVALON Mullion Door with Frosted Glass,Cabinets,Avalon,2025 Cabinet Price List Supplier,137.72,61,,each
AL-GD1836,"Avalon Mullion Door with Frosted Glass 18""W x 36""H",AVALON Mullion Door with Frosted Glass,Cabinets,Avalon,2025 Cabinet Price List Supplier,149.03,61,,each
AL-GD1842,"Avalon Mullion Door with Frosted Glass 18""W x 42""H",AVALON Mullion Door with Frosted Glass,Cabinets,Avalon,2025 Cabinet Price List Supplier,163.38,61,,each
AL-GD2112,"Avalon Mullion Door with Clear Glass 21""W x 12""H",AVALON Mullion Door with Clear Glass,Cabinets,Avalon,2025 Cabinet Price List Supplier,123.06,61,,each
AL-GD2115,"Avalon Mullion Door with Clear Glass 21""W x 15""H",AVALON Mullion Door with Clear Glass,Cabinets,Avalon,2025 Cabinet Price List Supplier,131.29,61,,each
AL-GD2412,"Avalon Mullion Door with Clear Glass ***This is 1 Set, 2 Doors*** 24""W x 12""H","AVALON Mullion Door with Clear Glass ***This is 1 Set, 2 Doors***",Cabinets,Avalon,2025 Cabinet Price List Supplier,136.47,61,,each
AL-GD2415,"Avalon Mullion Door with Clear Glass..***This is 1 Set, 2 Doors*** 24""W x 15""H","AVALON Mullion Door with Clear Glass..***This is 1 Set, 2 Doors***",Cabinets,Avalon,2025 Cabinet Price List Supplier,150.45,61,,each
AL-GD2712,"Avalon Mullion Door with Clear Glass***This is 1 Set, 2 Doors*** 27""W x 12""H","AVALON Mullion Door with Clear Glass***This is 1 Set, 2 Doors***",Cabinets,Avalon,2025 Cabinet Price List Supplier,149.88,61,,each
AL-GD2715,"Avalon Mullion Door with Clear Glass..***This is 1 Set, 2 Doors*** 27""W x 15""H","AVALON Mullion Door with Clear Glass..***This is 1 Set, 2 Doors***",Cabinets,Avalon,2025 Cabinet Price List Supplier,160.39,61,,each
AL-GD3012,"Avalon Mullion Door with Clear Glass..***This is 1 Set, 2 Doors*** 30""W x 12""H","AVALON Mullion Door with Clear Glass..***This is 1 Set, 2 Doors***",Cabinets,Avalon,2025 Cabinet Price List Supplier,163.30,61,,each
AL-GD3015,"Avalon Mullion Door with Clear Glass..***This is 1 Set, 2 Doors*** 30""W x 15""H","AVALON Mullion Door with Clear Glass..***This is 1 Set, 2 Doors***",Cabinets,Avalon,2025 Cabinet Price List Supplier,170.32,61,,each
AL-GD3312,"Avalon Mullion Door with Clear Glass..***This is 1 Set, 2 Doors*** 33""W x 12""H","AVALON Mullion Door with Clear Glass..***This is 1 Set, 2 Doors***",Cabinets,Avalon,2025 Cabinet Price List Supplier,176.71,61,,each
AL-GD3315,"Avalon Mullion Door with Clear Glass..***This is 1 Set, 2 Doors*** 33""W x 15""H","AVALON Mullion Door with Clear Glass..***This is 1 Set, 2 Doors***",Cabinets,Avalon,2025 Cabinet Price List Supplier,183.10,61,,each
AL-GD3612,"Avalon Mullion Door with Clear Glass..***This is 1 Set, 2 Doors*** 36""W x 12""H","AVALON Mullion Door with Clear Glass..***This is 1 Set, 2 Doors***",Cabinets,Avalon,2025 Cabinet Price List Supplier,190.12,61,,each
AL-GD3615,"Avalon Mullion Door with Clear Glass ***This is 1 Set, 2 Doors*** 36""W x 15""H","AVALON Mullion Door with Clear Glass ***This is 1 Set, 2 Doors***",Cabinets,Avalon,2025 Cabinet Price List Supplier,180.26,61,,each
AL-GW1212,"Avalon Wall Cabinet with finished interior. Glass Doors are sold separately 12""W x 12""H",AVALON Wall Cabinet with finished interior. Glass Doors are sold separately,Cabinets,Avalon,2025 Cabinet Price List Supplier,145.63,61,,each
AL-GW1215,"Avalon Wall Cabinet with finished interior. Glass Doors are sold separately 12""W x 15""H",AVALON Wall Cabinet with finished interior. Glass Doors are sold separately,Cabinets,Avalon,2025 Cabinet Price List Supplier,160.74,61,,each
AL-GW1512,"Avalon Wall Cabinet with finished interior. Glass Doors are sold separately 15""W x 12""H",AVALON Wall Cabinet with finished interior. Glass Doors are sold separately,Cabinets,Avalon,2025 Cabinet Price List Supplier,159.18,61,,each
AL-GW1515,"Avalon Wall Cabinet with finished interior. Glass Doors are sold separately 15""W x 15""H",AVALON Wall Cabinet with finished interior. Glass Doors are sold separately,Cabinets,Avalon,2025 Cabinet Price List Supplier,174.86,61,,each
AL-GW1812,"Avalon Wall Cabinet with finished interior. Glass Doors are sold separately 18""W x 12""H",AVALON Wall Cabinet with finished interior. Glass Doors are sold separately,Cabinets,Avalon,2025 Cabinet Price List Supplier,172.66,61,,each
AL-GW1815,"Avalon Wall Cabinet with finished interior. Glass Doors are sold separately 18""W x 15""H",AVALON Wall Cabinet with finished interior. Glass Doors are sold separately,Cabinets,Avalon,2025 Cabinet Price List Supplier,189.20,61,,each
AL-GW2112,"Avalon Wall Cabinet with finished interior. Glass Doors are sold separately 21""W x 12""H",AVALON Wall Cabinet with finished interior. Glass Doors are sold separately,Cabinets,Avalon,2025 Cabinet Price List Supplier,186.01,61,,each
AL-GW2115,"Avalon Wall Cabinet with finished interior. Glass Doors are sold separately 21""W x 15""H",AVALON Wall Cabinet with finished interior. Glass Doors are sold separately,Cabinets,Avalon,2025 Cabinet Price List Supplier,203.39,61,,each
AL-GW2412,"Avalon Wall Cabinet with finished interior. Glass Doors are sold separately 24""W x 12""H",AVALON Wall Cabinet with finished interior. Glass Doors are sold separately,Cabinets,Avalon,2025 Cabinet Price List Supplier,198.71,61,,each
AL-GW2415,"Avalon Wall Cabinet with finished interior. Glass Doors are sold separately 24""W x 15""H",AVALON Wall Cabinet with finished interior. Glass Doors are sold separately,Cabinets,Avalon,2025 Cabinet Price List Supplier,217.80,61,,each
AL-GW2712,"Avalon Wall Cabinet with finished interior. Glass Doors are sold separately 27""W x 12""H",AVALON Wall Cabinet with finished interior. Glass Doors are sold separately,Cabinets,Avalon,2025 Cabinet Price List Supplier,213.05,61,,each
AL-GW2715,"Avalon Wall Cabinet with finished interior. Glass Doors are sold separately 27""W x 15""H",AVALON Wall Cabinet with finished interior. Glass Doors are sold separately,Cabinets,Avalon,2025 Cabinet Price List Supplier,231.99,61,,each
AL-GW3012,"Avalon Wall Cabinet with finished interior. Glass Doors are sold separately 30""W x 12""H",AVALON Wall Cabinet with finished interior. Glass Doors are sold separately,Cabinets,Avalon,2025 Cabinet Price List Supplier,228.73,61,,each
AL-GW3015,"Avalon Wall Cabinet with finished interior. Glass Doors are sold separately 30""W x 15""H",AVALON Wall Cabinet with finished interior. Glass Doors are sold separately,Cabinets,Avalon,2025 Cabinet Price List Supplier,248.67,61,,each
AL-GW3312,"Avalon Wall Cabinet with finished interior. Glass Doors are sold separately 33""W x 12""H",AVALON Wall Cabinet with finished interior. Glass Doors are sold separately,Cabinets,Avalon,2025 Cabinet Price List Supplier,243.21,61,,each
AL-GW3315,"Avalon Wall Cabinet with finished interior. Glass Doors are sold separately 33""W x 15""H",AVALON Wall Cabinet with finished interior. Glass Doors are sold separately,Cabinets,Avalon,2025 Cabinet Price List Supplier,264.21,61,,each
AL-GW3612,"Avalon Wall Cabinet with finished interior. Glass Doors are sold separately 36""W x 12""H",AVALON Wall Cabinet with finished interior. Glass Doors are sold separately,Cabinets,Avalon,2025 Cabinet Price List Supplier,257.61,61,,each
AL-GW3615,"Avalon Wall Cabinet with finished interior. Glass Doors are sold separately 36""W x 15""H",AVALON Wall Cabinet with finished interior. Glass Doors are sold separately,Cabinets,Avalon,2025 Cabinet Price List Supplier,279.61,61,,each
AL-GWDC2412,"Avalon Diagonal Corner Wall Cabinet with finished interior. Glass Doors are sold separately 24""W x 12""H",AVALON Diagonal Corner Wall Cabinet with finished interior. Glass Doors are sold separately,Cabinets,Avalon,2025 Cabinet Price List Supplier,321.63,61,,each
AL-GWDC2415,"Avalon Diagonal Corner Wall Cabinet with finished interior. Glass Doors are sold separately 24""W x 15""H",AVALON Diagonal Corner Wall Cabinet with finished interior. Glass Doors are sold separately,Cabinets,Avalon,2025 Cabinet Price List Supplier,337.81,61,,each
AL-HC30,"Avalon Hood Cover 30""W",AVALON AND ASPEN Hood Cover,Cabinets,Avalon,2025 Cabinet Price List Supplier,688.00,61,,each
AL-HC36,"Avalon Hood Cover 36""W",AVALON AND ASPEN Hood Cover,Cabinets,Avalon,2025 Cabinet Price List Supplier,732.00,61,,each
AL-LACQUER ENAMEL(SPRAY PAINT,Avalon AL-M105-4892// AN-M105-4892,AL-M105-4892// AN-M105-4892,Cabinets,Avalon,2025 Cabinet Price List Supplier,35.00,61,,each
AL-OC3384,"Avalon Oven Cabinet 33""W x 84""H",AVALON Oven Cabinet,Cabinets,Avalon,2025 Cabinet Price List Supplier,1093.97,61,,each
AL-OC3390,"Avalon Oven Cabinet 33""W x 90""H",AVALON Oven Cabinet,Cabinets,Avalon,2025 Cabinet Price List Supplier,1105.34,61,,each
AL-OC3396,"Avalon Oven Cabinet 33""W x 96""H",AVALON Oven Cabinet,Cabinets,Avalon,2025 Cabinet Price List Supplier,1244.12,61,,each
AL-OCM8,Avalon Outside Corner Molding,AVALON and ASPEN Outside Corner Molding,Cabinets,Avalon,2025 Cabinet Price List Supplier,21.34,61,,each
AL-OGM8,Avalon Ogee Molding,AVALON AND ASPEN Ogee Molding,Cabinets,Avalon,2025 Cabinet Price List Supplier,76.17,61,,each
AL-PCVFF396,"Avalon Fluted Tall Filler 39""W",AVALON AND ASPEN Fluted Tall Filler,Cabinets,Avalon,2025 Cabinet Price List Supplier,75.53,61,,each
AL-PD18-2,"Avalon POT DRAWER CABINET-2 Drawers 18""W",AVALON POT DRAWER CABINET-2 Drawers,Cabinets,Avalon,2025 Cabinet Price List Supplier,540.00,61,,each
AL-PD30-2,"Avalon POT DRAWER CABINET-2 Drawers 30""W",AVALON POT DRAWER CABINET-2 Drawers,Cabinets,Avalon,2025 Cabinet Price List Supplier,685.00,61,,each
AL-PD36-2,"Avalon POT DRAWER CABINET-2 Drawers 36""W",AVALON POT DRAWER CABINET-2 Drawers,Cabinets,Avalon,2025 Cabinet Price List Supplier,735.00,61,,each
AL-QR8,Avalon Quarter Round,AVALON AND ASPEN Quarter Round,Cabinets,Avalon,2025 Cabinet Price List Supplier,30.26,61,,each
AL-RMI,Avalon Rope Insert,AVALON AND ASPEN Rope Insert,Cabinets,Avalon,2025 Cabinet Price List Supplier,14.23,61,,each
AL-RRP9624,"Avalon Refrigerator Panel 96""x24""x3"" return","AVALON AND ASPEN Refrigerator Panel 96""x24""x3"" return",Cabinets,Avalon,2025 Cabinet Price List Supplier,181.39,61,,each
AL-SB24,"Avalon Sink Base Cabinet 24""W",AVALON Sink Base Cabinet,Cabinets,Avalon,2025 Cabinet Price List Supplier,327.54,61,,each
AL-SB27,"Avalon Sink Base Cabinet 27""W",AVALON Sink Base Cabinet,Cabinets,Avalon,2025 Cabinet Price List Supplier,365.56,61,,each
AL-SB30,"Avalon Sink Base Cabinet 30""W",AVALON Sink Base Cabinet,Cabinets,Avalon,2025 Cabinet Price List Supplier,409.21,61,,each
AL-SB33,"Avalon Sink Base Cabinet 33""W",AVALON Sink Base Cabinet,Cabinets,Avalon,2025 Cabinet Price List Supplier,485.32,61,,each
AL-SB36,"Avalon Sink Base Cabinet 36""W",AVALON Sink Base Cabinet,Cabinets,Avalon,2025 Cabinet Price List Supplier,518.69,61,,each
AL-SD,Avalon Sample Door,AVALON Sample Door,Cabinets,Avalon,2025 Cabinet Price List Supplier,40.00,61,,each
AL-SM8,Avalon Scribe Molding,AVALON and ASPEN Scribe Molding,Cabinets,Avalon,2025 Cabinet Price List Supplier,14.23,61,,each
AL-SPOOL,"Avalon Full Post 3""x3""x34 1/2""","AVALON AND ASPEN Full Post 3""x3""x34 1/2""",Cabinets,Avalon,2025 Cabinet Price List Supplier,182.04,61,,each
AL-SS-30,"Avalon Split Post 2""x3/4""x30""","AVALON AND ASPEN Split Post 2""x3/4""x30""",Cabinets,Avalon,2025 Cabinet Price List Supplier,91.02,61,,each
AL-SVA12D,"Avalon Vanity Drawer Base 12""W",AVALON Vanity Drawer Base,Cabinets,Avalon,2025 Cabinet Price List Supplier,413.54,61,,each
AL-SVA15D,"Avalon Vanity Drawer Base 15""W",AVALON Vanity Drawer Base,Cabinets,Avalon,2025 Cabinet Price List Supplier,458.68,61,,each
AL-SVA18D,"Avalon Vanity Drawer Base 18""W",AVALON Vanity Drawer Base,Cabinets,Avalon,2025 Cabinet Price List Supplier,504.53,61,,each
AL-SVAM2430,"Avalon Mirror 24""W x 30""H",AVALON Mirror,Cabinets,Avalon,2025 Cabinet Price List Supplier,154.00,61,,each
AL-TK8,Avalon Toe Kick,AVALON and ASPEN Toe Kick,Cabinets,Avalon,2025 Cabinet Price List Supplier,17.46,61,,each
AL-TLR,Avalon Light Rail Molding,AVALON and ASPEN Light Rail Molding,Cabinets,Avalon,2025 Cabinet Price List Supplier,69.19,61,,each
AL-TOUCH UP KIT,Avalon Touch Up Kit,AVALON Touch Up Kit,Cabinets,Avalon,2025 Cabinet Price List Supplier,39.56,61,,each
AL-UREP,"Avalon Universal Panel 30""x96""x3/4""","AVALON AND ASPEN Universal Panel 30""x96""x3/4""",Cabinets,Avalon,2025 Cabinet Price List Supplier,277.42,61,,each
AL-V36,"Avalon Valance 36""W",AVALON AND ASPEN Valance,Cabinets,Avalon,2025 Cabinet Price List Supplier,37.05,61,,each
AL-V42,"Avalon Valance 42""W",AVALON AND ASPEN Valance,Cabinets,Avalon,2025 Cabinet Price List Supplier,43.78,61,,each
AL-V48,"Avalon Valance 48""W",AVALON AND ASPEN Valance,Cabinets,Avalon,2025 Cabinet Price List Supplier,50.57,61,,each
AL-V60,"Avalon Valance 60""W",AVALON AND ASPEN Valance,Cabinets,Avalon,2025 Cabinet Price List Supplier,65.31,61,,each
AL-VAL3612,"Avalon Big Valance 36""W x 12""H",AVALON AND ASPEN Big Valance,Cabinets,Avalon,2025 Cabinet Price List Supplier,132.00,61,,each
AL-VAL4212,"Avalon Big Valance 42""W x 12""H",AVALON AND ASPEN Big Valance,Cabinets,Avalon,2025 Cabinet Price List Supplier,143.00,61,,each
AL-VAL4812,"Avalon Big Valance 48""W x 12""H",AVALON AND ASPEN Big Valance,Cabinets,Avalon,2025 Cabinet Price List Supplier,198.00,61,,each
AL-W0930,"Avalon Wall Cabinet 9""W x 30""H",AVALON Wall Cabinet,Cabinets,Avalon,2025 Cabinet Price List Supplier,165.03,61,,each
AL-W0936,"Avalon Wall Cabinet 9""W x 36""H",AVALON Wall Cabinet,Cabinets,Avalon,2025 Cabinet Price List Supplier,189.34,61,,each
AL-W0942,"Avalon Wall Cabinet 9""W x 42""H",AVALON Wall Cabinet,Cabinets,Avalon,2025 Cabinet Price List Supplier,213.66,61,,each
AL-W1230,"Avalon Wall Cabinet 12""W x 30""H",AVALON Wall Cabinet,Cabinets,Avalon,2025 Cabinet Price List Supplier,191.93,61,,each
AL-W1236,"Avalon Wall Cabinet 12""W x 36""H",AVALON Wall Cabinet,Cabinets,Avalon,2025 Cabinet Price List Supplier,218.76,61,,each
AL-W1242,"Avalon Wall Cabinet 12""W x 42""H",AVALON Wall Cabinet,Cabinets,Avalon,2025 Cabinet Price List Supplier,247.54,61,,each
AL-W1530,"Avalon Wall Cabinet 15""W x 30""H",AVALON Wall Cabinet,Cabinets,Avalon,2025 Cabinet Price List Supplier,223.23,61,,each
AL-W1536,"Avalon Wall Cabinet 15""W x 36""H",AVALON Wall Cabinet,Cabinets,Avalon,2025 Cabinet Price List Supplier,253.24,61,,each
AL-W1542,"Avalon Wall Cabinet 15""W x 42""H",AVALON Wall Cabinet,Cabinets,Avalon,2025 Cabinet Price List Supplier,283.11,61,,each
AL-W1830,"Avalon Wall Cabinet 18""W x 30""H",AVALON Wall Cabinet,Cabinets,Avalon,2025 Cabinet Price List Supplier,256.59,61,,each
AL-W1836,"Avalon Wall Cabinet 18""W x 36""H",AVALON Wall Cabinet,Cabinets,Avalon,2025 Cabinet Price List Supplier,286.61,61,,each
AL-W1842,"Avalon Wall Cabinet 18""W x 42""H",AVALON Wall Cabinet,Cabinets,Avalon,2025 Cabinet Price List Supplier,316.73,61,,each
AL-W2130,"Avalon Wall Cabinet 21""W x 30""H",AVALON Wall Cabinet,Cabinets,Avalon,2025 Cabinet Price List Supplier,287.38,61,,each
AL-W2136,"Avalon Wall Cabinet 21""W x 36""H",AVALON Wall Cabinet,Cabinets,Avalon,2025 Cabinet Price List Supplier,320.29,61,,each
AL-W2142,"Avalon Wall Cabinet 21""W x 42""H",AVALON Wall Cabinet,Cabinets,Avalon,2025 Cabinet Price List Supplier,353.21,61,,each
AL-W2412,"Avalon Wall Cabinet 24""W x 12""H",AVALON Wall Cabinet,Cabinets,Avalon,2025 Cabinet Price List Supplier,201.00,61,,each
AL-W2415,"Avalon Wall Cabinet 24""W x 15""H",AVALON Wall Cabinet,Cabinets,Avalon,2025 Cabinet Price List Supplier,220.00,61,,each
AL-W2418,"Avalon Wall Cabinet 24""W x 18""H",AVALON Wall Cabinet,Cabinets,Avalon,2025 Cabinet Price List Supplier,239.00,61,,each
AL-W2424,"Avalon Wall Cabinet 24""W x 24""H",AVALON Wall Cabinet,Cabinets,Avalon,2025 Cabinet Price List Supplier,307.41,61,,each
AL-W2430,"Avalon Wall Cabinet 24""W x 30""H",AVALON Wall Cabinet,Cabinets,Avalon,2025 Cabinet Price List Supplier,328.25,61,,each
AL-W2436,"Avalon Wall Cabinet 24""W x 36""H",AVALON Wall Cabinet,Cabinets,Avalon,2025 Cabinet Price List Supplier,365.23,61,,each
AL-W2442,"Avalon Wall Cabinet 24""W x 42""H",AVALON Wall Cabinet,Cabinets,Avalon,2025 Cabinet Price List Supplier,394.60,61,,each
AL-W2730,"Avalon Wall Cabinet 27""W x 30""H",AVALON Wall Cabinet,Cabinets,Avalon,2025 Cabinet Price List Supplier,358.77,61,,each
AL-W2736,"Avalon Wall Cabinet 27""W x 36""H",AVALON Wall Cabinet,Cabinets,Avalon,2025 Cabinet Price List Supplier,377.07,61,,each
AL-W2742,"Avalon Wall Cabinet 27""W x 42""H",AVALON Wall Cabinet,Cabinets,Avalon,2025 Cabinet Price List Supplier,395.25,61,,each
AL-W3012,"Avalon Wall Cabinet 30""W x 12""H",AVALON Wall Cabinet,Cabinets,Avalon,2025 Cabinet Price List Supplier,196.33,61,,each
AL-W301224,"Avalon Refrigerator Cabinet 30""W x 12""H x 24""D",Avalon Refrigerator Cabinet,Cabinets,Avalon,2025 Cabinet Price List Supplier,271.71,61,,each
AL-W3015,"Avalon Wall Cabinet 30""W x 15""H",AVALON Wall Cabinet,Cabinets,Avalon,2025 Cabinet Price List Supplier,217.21,61,,each
AL-W301524,"Avalon Refrigerator Cabinet 30""W x 15""H x 24""D",Avalon Refrigerator Cabinet,Cabinets,Avalon,2025 Cabinet Price List Supplier,304.04,61,,each
AL-W3018,"Avalon Wall Cabinet 30""W x 18""H",AVALON Wall Cabinet,Cabinets,Avalon,2025 Cabinet Price List Supplier,232.67,61,,each
AL-W301824,"Avalon Refrigerator Cabinet 30""W x 18""H x 24""D",Avalon Refrigerator Cabinet,Cabinets,Avalon,2025 Cabinet Price List Supplier,305.80,61,,each
AL-W3021,"Avalon Wall Cabinet 30""W x 21""H",AVALON Wall Cabinet,Cabinets,Avalon,2025 Cabinet Price List Supplier,282.00,61,,each
AL-W302124,"Avalon Regrigerator Wall Cabinet 30""W x 21""H x 24""D",AVALON Regrigerator Wall Cabinet,Cabinets,Avalon,2025 Cabinet Price List Supplier,417.00,61,,each
AL-W3024,"Avalon Wall Cabinet 30""W x 24""H",AVALON Wall Cabinet,Cabinets,Avalon,2025 Cabinet Price List Supplier,327.47,61,,each
AL-W302424,"Avalon Refrigerator Wall Cabinet 30""W x 24""H x 24""D",AVALON Refrigerator Wall Cabinet,Cabinets,Avalon,2025 Cabinet Price List Supplier,399.00,61,,each
AL-W3030,"Avalon Wall Cabinet 30""W x 30""H",AVALON Wall Cabinet,Cabinets,Avalon,2025 Cabinet Price List Supplier,389.10,61,,each
AL-W3036,"Avalon Wall Cabinet 30""W x 36""H",AVALON Wall Cabinet,Cabinets,Avalon,2025 Cabinet Price List Supplier,431.97,61,,each
AL-W3042,"Avalon Wall Cabinet 30""W x 42""H",AVALON Wall Cabinet,Cabinets,Avalon,2025 Cabinet Price List Supplier,474.72,61,,each
AL-W3312,"Avalon Wall Cabinet 33""W x 12""H",AVALON Wall Cabinet,Cabinets,Avalon,2025 Cabinet Price List Supplier,223.94,61,,each
AL-W331224,"Avalon Refrigerator Cabinet 33""W x 12""H x 24""D",Avalon Refrigerator Cabinet,Cabinets,Avalon,2025 Cabinet Price List Supplier,280.71,61,,each
AL-W3315,"Avalon Wall Cabinet 33""W x 15""H",AVALON Wall Cabinet,Cabinets,Avalon,2025 Cabinet Price List Supplier,235.71,61,,each
AL-W331524,"Avalon Refrigerator Cabinet 33""W x 15""H x 24""D",Avalon Refrigerator Cabinet,Cabinets,Avalon,2025 Cabinet Price List Supplier,313.07,61,,each
AL-W3318,"Avalon Wall Cabinet 33""W x 18""H",AVALON Wall Cabinet,Cabinets,Avalon,2025 Cabinet Price List Supplier,248.51,61,,each
AL-W331824,"Avalon Refrigerator Cabinet 33""W x 18""H x 24""D",Avalon Refrigerator Cabinet,Cabinets,Avalon,2025 Cabinet Price List Supplier,321.60,61,,each
AL-W3324,"Avalon Wall Cabinet 33""W x 24""H",AVALON Wall Cabinet,Cabinets,Avalon,2025 Cabinet Price List Supplier,342.87,61,,each
AL-W332424,"Avalon Refrigerator Cabinet 33""W x 24""H x 24""D",Avalon Refrigerator Cabinet,Cabinets,Avalon,2025 Cabinet Price List Supplier,400.00,61,,each
AL-W3330,"Avalon Wall Cabinet 33""W x 30""H",AVALON Wall Cabinet,Cabinets,Avalon,2025 Cabinet Price List Supplier,411.15,61,,each
AL-W3336,"Avalon Wall Cabinet 33""W x 36""H",AVALON Wall Cabinet,Cabinets,Avalon,2025 Cabinet Price List Supplier,465.60,61,,each
AL-W3342,"Avalon Wall Cabinet 33""W x 42""H",AVALON Wall Cabinet,Cabinets,Avalon,2025 Cabinet Price List Supplier,534.54,61,,each
AL-W3612,"Avalon Wall Cabinet 36""W x 12""H",AVALON Wall Cabinet,Cabinets,Avalon,2025 Cabinet Price List Supplier,214.11,61,,each
AL-W361224,"Avalon Refrigerator Cabinet 36""W x 12""H x 24""D",Avalon Refrigerator Cabinet,Cabinets,Avalon,2025 Cabinet Price List Supplier,289.71,61,,each
AL-W3615,"Avalon Wall Cabinet 36""W x 15""H",AVALON Wall Cabinet,Cabinets,Avalon,2025 Cabinet Price List Supplier,249.80,61,,each
AL-W361524,"Avalon Refrigerator Cabinet 36""W x 15""H x 24""D",Avalon Refrigerator Cabinet,Cabinets,Avalon,2025 Cabinet Price List Supplier,322.04,61,,each
AL-W3618,"Avalon Wall Cabinet 36""W x 18""H",AVALON Wall Cabinet,Cabinets,Avalon,2025 Cabinet Price List Supplier,279.43,61,,each
AL-W361824,"Avalon Refrigerator Cabinet 36""W x 18""H x 24""D",Avalon Refrigerator Cabinet,Cabinets,Avalon,2025 Cabinet Price List Supplier,352.30,61,,each
AL-W3621,"Avalon Wall Cabinet 36""W x 21""H",AVALON Wall Cabinet,Cabinets,Avalon,2025 Cabinet Price List Supplier,322.00,61,,each
AL-W3621-24,"Avalon Refrigerator Wall Cabinet 36""W x 21""H",AVALON Refrigerator Wall Cabinet,Cabinets,Avalon,2025 Cabinet Price List Supplier,455.00,61,,each
AL-W3624,"Avalon Wall Cabinet 36""W x 24""H",AVALON Wall Cabinet,Cabinets,Avalon,2025 Cabinet Price List Supplier,360.13,61,,each
AL-W362424,"Avalon Refrigerator Cabinet 36""W x 24""H x 24""D",Avalon Refrigerator Cabinet,Cabinets,Avalon,2025 Cabinet Price List Supplier,458.94,61,,each
AL-W3630,"Avalon Wall Cabinet 36""W x 30""H",AVALON Wall Cabinet,Cabinets,Avalon,2025 Cabinet Price List Supplier,440.64,61,,each
AL-W3636,"Avalon Wall Cabinet 36""W x 36""H",AVALON Wall Cabinet,Cabinets,Avalon,2025 Cabinet Price List Supplier,498.90,61,,each
AL-W3642,"Avalon Wall Cabinet 36""W x 42""H",AVALON Wall Cabinet,Cabinets,Avalon,2025 Cabinet Price List Supplier,571.07,61,,each
AL-WCD3015,"Avalon Plate Rack 30""W x 15""H",AVALON Plate Rack,Cabinets,Avalon,2025 Cabinet Price List Supplier,229.70,61,,each
AL-WDC2430,"Avalon Wall Diagonal Cabinet 24""W x 30""H",AVALON Wall Diagonal Cabinet,Cabinets,Avalon,2025 Cabinet Price List Supplier,404.56,61,,each
AL-WDC2436,"Avalon Wall Diagonal Cabinet 24""W x 36""H",AVALON Wall Diagonal Cabinet,Cabinets,Avalon,2025 Cabinet Price List Supplier,452.86,61,,each
AL-WDC2442,"Avalon Wall Diagonal Cabinet 24""W x 42""H",AVALON Wall Diagonal Cabinet,Cabinets,Avalon,2025 Cabinet Price List Supplier,497.48,61,,each
AL-WDC273615,"Avalon Wall Diagonal Cabinet 27""W x 36""H x 15""D",AVALON Wall Diagonal Cabinet,Cabinets,Avalon,2025 Cabinet Price List Supplier,533.18,61,,each
AL-WDC274215,"Avalon Wall Diagonal Cabinet 27""W x 42""H x 15""D",AVALON Wall Diagonal Cabinet,Cabinets,Avalon,2025 Cabinet Price List Supplier,579.99,61,,each
AL-WEC1230,"Avalon Wall Angled Cabinet 12""W x 30""H",AVALON Wall Angled Cabinet,Cabinets,Avalon,2025 Cabinet Price List Supplier,226.85,61,,each
AL-WEC1236,"Avalon Wall Angled Cabinet 12""W x 36""H",AVALON Wall Angled Cabinet,Cabinets,Avalon,2025 Cabinet Price List Supplier,256.01,61,,each
AL-WEC1242,"Avalon Wall Angled Cabinet 12""W x 42""H",AVALON Wall Angled Cabinet,Cabinets,Avalon,2025 Cabinet Price List Supplier,282.01,61,,each
AL-WES0930,"Avalon Wall End Shelf 9""W x 30""H",AVALON and ASPEN Wall End Shelf,Cabinets,Avalon,2025 Cabinet Price List Supplier,156.88,61,,each
AL-WES0936,"Avalon Wall End Shelf 9""W x 36""H",AVALON and ASPEN Wall End Shelf,Cabinets,Avalon,2025 Cabinet Price List Supplier,185.85,61,,each
AL-WES0942,"Avalon Wall End Shelf 9""W x 42""H",AVALON and ASPEN Wall End Shelf,Cabinets,Avalon,2025 Cabinet Price List Supplier,218.25,61,,each
AL-WF1.5X96,"Avalon Tall Filler 1.5""W x 96""H",AVALON and ASPEN Tall Filler,Cabinets,Avalon,2025 Cabinet Price List Supplier,61.00,61,,each
AL-WF330,"Avalon Wall Filler 3""W x 30""H",AVALON and ASPEN Wall Filler,Cabinets,Avalon,2025 Cabinet Price List Supplier,24.25,61,,each
AL-WF336,"Avalon Wall Filler 3""W x 36""H",AVALON and ASPEN Wall Filler,Cabinets,Avalon,2025 Cabinet Price List Supplier,28.78,61,,each
AL-WF342,"Avalon Wall Filler 3""W x 42""H",AVALON and ASPEN Wall Filler,Cabinets,Avalon,2025 Cabinet Price List Supplier,33.56,61,,each
AL-WF396,"Avalon Long Filler 3""W x 96""H",AVALON and ASPEN Long Filler,Cabinets,Avalon,2025 Cabinet Price List Supplier,69.13,61,,each
AL-WF630,"Avalon Wall Filler 6""W x 30""H",AVALON and ASPEN Wall Filler,Cabinets,Avalon,2025 Cabinet Price List Supplier,47.72,61,,each
AL-WF636,"Avalon Wall Filler 6""W x 36""H",AVALON and ASPEN Wall Filler,Cabinets,Avalon,2025 Cabinet Price List Supplier,54.32,61,,each
AL-WF642,"Avalon Wall Filler 6""W x 42""H",AVALON and ASPEN Wall Filler,Cabinets,Avalon,2025 Cabinet Price List Supplier,61.05,61,,each
AL-WF696,"Avalon Long Filler 6""W x 96""H",AVALON and ASPEN Long Filler,Cabinets,Avalon,2025 Cabinet Price List Supplier,133.80,61,,each
AL-WLS2430,"Avalon Wall Corner Bi-fold Door Cabinet 24""W x 30""H",AVALON Wall Corner Bi-fold Door Cabinet,Cabinets,Avalon,2025 Cabinet Price List Supplier,407.00,61,,each
AL-WLS2436,"Avalon Wall Corner Bi-fold Door Cabinet 24""W x 36""H",AVALON Wall Corner Bi-fold Door Cabinet,Cabinets,Avalon,2025 Cabinet Price List Supplier,456.00,61,,each
AL-WLS2442,"Avalon Wall Corner Bi-fold Door Cabinet 24""W x 42""H",AVALON Wall Corner Bi-fold Door Cabinet,Cabinets,Avalon,2025 Cabinet Price List Supplier,500.00,61,,each
AL-WMC3030,"Avalon Microwave Cabinet 30""W x 30""H",AVALON Microwave Cabinet,Cabinets,Avalon,2025 Cabinet Price List Supplier,450.08,61,,each
AL-WMC3036,"Avalon Microwave Cabinet 30""W x 36""H",AVALON Microwave Cabinet,Cabinets,Avalon,2025 Cabinet Price List Supplier,468.44,61,,each
AL-WMC3042,"Avalon Microwave Cabinet 30""W x 42""H",AVALON Microwave Cabinet,Cabinets,Avalon,2025 Cabinet Price List Supplier,494.57,61,,each
AL-WP1884,"Avalon Wall Pantry 18""W x 84""H",AVALON Wall Pantry,Cabinets,Avalon,2025 Cabinet Price List Supplier,789.97,61,,each
AL-WP1890,"Avalon Wall Pantry 18""W x 90""H",AVALON Wall Pantry,Cabinets,Avalon,2025 Cabinet Price List Supplier,841.18,61,,each
AL-WP1896,"Avalon Wall Pantry 18""W x 96""H",AVALON Wall Pantry,Cabinets,Avalon,2025 Cabinet Price List Supplier,892.53,61,,each
AL-WP2484,"Avalon Wall Pantry 24""W x 84""H",AVALON Wall Pantry,Cabinets,Avalon,2025 Cabinet Price List Supplier,858.06,61,,each
AL-WP2490,"Avalon Wall Pantry 24""W x 90""H",AVALON Wall Pantry,Cabinets,Avalon,2025 Cabinet Price List Supplier,895.77,61,,each
AL-WP2496,"Avalon Wall Pantry 24""W x 96""H",AVALON Wall Pantry,Cabinets,Avalon,2025 Cabinet Price List Supplier,959.26,61,,each
AL-WP3084,"Avalon Wall Pantry 30""W x 84""H",AVALON Wall Pantry,Cabinets,Avalon,2025 Cabinet Price List Supplier,890.00,61,,each
AL-WP3090,"Avalon Wall Pantry 30""W x 90""H",AVALON Wall Pantry,Cabinets,Avalon,2025 Cabinet Price List Supplier,943.00,61,,each
AL-WP3096,"Avalon Wall Pantry 30""W x 96""H",AVALON Wall Pantry,Cabinets,Avalon,2025 Cabinet Price List Supplier,992.00,61,,each
AN-B09,"Aspen Base Cabinet 9""W",Aspen Base Cabinet,Cabinets,Aspen,2025 Cabinet Price List Supplier,206.22,61,,each
AN-B12,"Aspen Base Cabinet 12""W",Aspen Base Cabinet,Cabinets,Aspen,2025 Cabinet Price List Supplier,270.75,61,,each
AN-B15,"Aspen Base Cabinet 15""W",Aspen Base Cabinet,Cabinets,Aspen,2025 Cabinet Price List Supplier,323.00,61,,each
AN-B18,"Aspen Base Cabinet 18""W",Aspen Base Cabinet,Cabinets,Aspen,2025 Cabinet Price List Supplier,377.78,61,,each
AN-B21,"Aspen Base Cabinet 21""W",Aspen Base Cabinet,Cabinets,Aspen,2025 Cabinet Price List Supplier,411.03,61,,each
AN-B24,"Aspen Base Cabinet 24""W",Aspen Base Cabinet,Cabinets,Aspen,2025 Cabinet Price List Supplier,453.66,61,,each
AN-B27,"Aspen Base Cabinet 27""W",Aspen Base Cabinet,Cabinets,Aspen,2025 Cabinet Price List Supplier,489.25,61,,each
AN-B30,"Aspen Base Cabinet 30""W",Aspen Base Cabinet,Cabinets,Aspen,2025 Cabinet Price List Supplier,574.88,61,,each
AN-B33,"Aspen Base Cabinet 33""W",Aspen Base Cabinet,Cabinets,Aspen,2025 Cabinet Price List Supplier,611.86,61,,each
AN-B36,"Aspen Base Cabinet 36""W",Aspen Base Cabinet,Cabinets,Aspen,2025 Cabinet Price List Supplier,648.72,61,,each
AN-BBC39,"Aspen Blind Corner Cabinet 39""W",Aspen Blind Corner Cabinet,Cabinets,Aspen,2025 Cabinet Price List Supplier,492.10,61,,each
AN-BBC42,"Aspen Blind Corner Cabinet 42""W",Aspen Blind Corner Cabinet,Cabinets,Aspen,2025 Cabinet Price List Supplier,645.94,61,,each
AN-BEC24,"Aspen Base End Angle 24""W",Aspen Base End Angle,Cabinets,Aspen,2025 Cabinet Price List Supplier,575.32,61,,each
AN-BFH09,"Aspen BASE FULL HEIGHT DOOR CABINET 9""W",Aspen BASE FULL HEIGHT DOOR CABINET,Cabinets,Aspen,2025 Cabinet Price List Supplier,180.00,61,,each
AN-BLS33N,"Aspen Lazy Susan cabinet with shelf only. No Trays. 33""W",Aspen Lazy Susan cabinet with shelf only. No Trays.,Cabinets,Aspen,2025 Cabinet Price List Supplier,727.66,61,,each
AN-BLS36N,"Aspen Lazy Susan cabinet with shelf only. No Trays. 36""W",Aspen Lazy Susan cabinet with shelf only. No Trays.,Cabinets,Aspen,2025 Cabinet Price List Supplier,785.36,61,,each
AN-BMC30,"Aspen Base Microwave Cabinet 30""","Aspen Base Microwave Cabinet 30""",Cabinets,Aspen,2025 Cabinet Price List Supplier,535.00,61,,each
AN-BSR06,"Aspen Spice Rack Cabinet 6""W",Aspen Spice Rack Cabinet,Cabinets,Aspen,2025 Cabinet Price List Supplier,266.00,61,,each
AN-BSR09,"Aspen Spice Rack Cabinet 9""W",Aspen Spice Rack Cabinet,Cabinets,Aspen,2025 Cabinet Price List Supplier,278.67,61,,each
AN-BSR12,"Aspen Spice Rack Cabinet 12""","Aspen Spice Rack Cabinet 12""",Cabinets,Aspen,2025 Cabinet Price List Supplier,300.00,61,,each
AN-CSB36,"Aspen Diagonal Corner Sink Base 36""W",Aspen Diagonal Corner Sink Base,Cabinets,Aspen,2025 Cabinet Price List Supplier,763.55,61,,each
AN-D1212W,"Aspen Wall Decorative Door 12""W x 12""H",Aspen Wall Decorative Door,Cabinets,Aspen,2025 Cabinet Price List Supplier,92.97,61,,each
AN-D1215W,"Aspen Wall Decorative Door 12""W x 15""H",Aspen Wall Decorative Door,Cabinets,Aspen,2025 Cabinet Price List Supplier,99.35,61,,each
AN-D1230W,"Aspen Wall Decorative Door 12""W x 30""H",Aspen Wall Decorative Door,Cabinets,Aspen,2025 Cabinet Price List Supplier,85.95,61,,each
AN-D1236W,"Aspen Wall Decorative Door 12""W x 36""H",Aspen Wall Decorative Door,Cabinets,Aspen,2025 Cabinet Price List Supplier,103.43,61,,each
AN-D1242W,"Aspen Wall Decorative Door 12""W x 42""H",Aspen Wall Decorative Door,Cabinets,Aspen,2025 Cabinet Price List Supplier,120.91,61,,each
AN-D1249W,"Aspen Wall Decorative Door 12""W x 49""H",Aspen Wall Decorative Door,Cabinets,Aspen,2025 Cabinet Price List Supplier,168.00,61,,each
AN-D2430B,"Aspen Base Decorative Door 24""W x 30""H",Aspen Base Decorative Door,Cabinets,Aspen,2025 Cabinet Price List Supplier,178.41,61,,each
AN-DB12-3,"Aspen Drawer Base Cabinet 12""W",Aspen Drawer Base Cabinet,Cabinets,Aspen,2025 Cabinet Price List Supplier,438.33,61,,each
AN-DB15-3,"Aspen Drawer Base Cabinet 15""W",Aspen Drawer Base Cabinet,Cabinets,Aspen,2025 Cabinet Price List Supplier,490.71,61,,each
AN-DB18-3,"Aspen Drawer Base Cabinet 18""W",Aspen Drawer Base Cabinet,Cabinets,Aspen,2025 Cabinet Price List Supplier,543.02,61,,each
AN-DB21-3,"Aspen Drawer Base Cabinet 21""W",Aspen Drawer Base Cabinet,Cabinets,Aspen,2025 Cabinet Price List Supplier,600.15,61,,each
AN-DB24-3,"Aspen Drawer Base Cabinet 24""W",Aspen Drawer Base Cabinet,Cabinets,Aspen,2025 Cabinet Price List Supplier,653.41,61,,each
AN-DB30-3,"Aspen Drawer Base Cabinet 30""W",Aspen Drawer Base Cabinet,Cabinets,Aspen,2025 Cabinet Price List Supplier,697.24,61,,each
AN-DB36-3,"Aspen Drawer Base Cabinet 36""W",Aspen Drawer Base Cabinet,Cabinets,Aspen,2025 Cabinet Price List Supplier,747.08,61,,each
AN-FA2421,"Aspen Sink Vanity Cabinet 24""W x 21""H",Aspen Sink Vanity Cabinet,Cabinets,Aspen,2025 Cabinet Price List Supplier,274.36,61,,each
AN-FA3021,"Aspen Sink Vanity Cabinet 30""W x 21""H",Aspen Sink Vanity Cabinet,Cabinets,Aspen,2025 Cabinet Price List Supplier,317.56,61,,each
AN-FA3021DL,"Aspen Vanity with 2 drawers, Drawers on the Left 30""W x 21""H","Aspen Vanity with 2 drawers, Drawers on the Left",Cabinets,Aspen,2025 Cabinet Price List Supplier,520.15,61,,each
AN-FA3021DR,"Aspen Vanity with 2 drawer, Drawers on the right 30""W x 21""H","Aspen Vanity with 2 drawer, Drawers on the right",Cabinets,Aspen,2025 Cabinet Price List Supplier,520.15,61,,each
AN-FA3621DL,"Aspen Vanity with 2 drawers, Drawers on the left 36""W x 21""H","Aspen Aspen Vanity with 2 drawers, Drawers on the left",Cabinets,Aspen,2025 Cabinet Price List Supplier,563.54,61,,each
AN-FA3621DR,"Aspen Vanity with 2 drawers, drawers on the right 36""W x 21""H","Aspen Vanity with 2 drawers, drawers on the right",Cabinets,Aspen,2025 Cabinet Price List Supplier,563.54,61,,each
AN-FB3X3,Aspen Rossette,Aspen Rossette,Cabinets,Aspen,2025 Cabinet Price List Supplier,10.00,61,,each
AN-FD30,"Aspen Knee Drawer Cabinet 30""W",Aspen Knee Drawer Cabinet,Cabinets,Aspen,2025 Cabinet Price List Supplier,124.89,61,,each
AN-FSB30,"Aspen FARM SINK BASE 30""W",Aspen FARM SINK BASE,Cabinets,Aspen,2025 Cabinet Price List Supplier,520.00,61,,each
AN-FSB36,"Aspen Farm Sink Base Cabinet 36""","Aspen Farm Sink Base Cabinet 36""",Cabinets,Aspen,2025 Cabinet Price List Supplier,550.00,61,,each
AN-GD1212,"Aspen Clear Glass and Frame 12""W x 12""H",Aspen Clear Glass and Frame,Cabinets,Aspen,2025 Cabinet Price List Supplier,82.82,61,,each
AN-GD1215,"Aspen Clear Glass and Frame 12""W x 15""H",Aspen Clear Glass and Frame,Cabinets,Aspen,2025 Cabinet Price List Supplier,85.16,61,,each
AN-GD1230,"Aspen Frosted Glass and Frame 12""W x 30""H",Aspen Frosted Glass and Frame,Cabinets,Aspen,2025 Cabinet Price List Supplier,100.33,61,,each
AN-GD1236,"Aspen Frosted Glass and Frame 12""W x 36""H",Aspen Frosted Glass and Frame,Cabinets,Aspen,2025 Cabinet Price List Supplier,111.52,61,,each
AN-GD1242,"Aspen Frosted Glass and Frame 12""W x 42""H",Aspen Frosted Glass and Frame,Cabinets,Aspen,2025 Cabinet Price List Supplier,122.71,61,,each
AN-GD1512,"Aspen Clear Glass and Frame 15""W x 12""H",Aspen Clear Glass and Frame,Cabinets,Aspen,2025 Cabinet Price List Supplier,96.23,61,,each
AN-GD1515,"Aspen Clear Glass and Frame 15""W x 15""H",Aspen Clear Glass and Frame,Cabinets,Aspen,2025 Cabinet Price List Supplier,98.65,61,,each
AN-GD1530,"Aspen Frosted Glass and Frame 15""W x 30""H",Aspen Frosted Glass and Frame,Cabinets,Aspen,2025 Cabinet Price List Supplier,116.88,61,,each
AN-GD1536,"Aspen Frosted Glass and Frame 15""W x 36""H",Aspen Frosted Glass and Frame,Cabinets,Aspen,2025 Cabinet Price List Supplier,128.07,61,,each
AN-GD1542,"Aspen Frosted Glass and Frame 15""W x 42""H",Aspen Frosted Glass and Frame,Cabinets,Aspen,2025 Cabinet Price List Supplier,140.24,61,,each
AN-GD1812,"Aspen Clear Glass and Frame 18""W x 12""H",Aspen Clear Glass and Frame,Cabinets,Aspen,2025 Cabinet Price List Supplier,109.65,61,,each
AN-GD1815,"Aspen Clear Glass and Frame 18""W x 15""H",Aspen Clear Glass and Frame,Cabinets,Aspen,2025 Cabinet Price List Supplier,112.13,61,,each
AN-GD1830,"Aspen Frosted Glass and Frame 18""W x 30""H",Aspen Frosted Glass and Frame,Cabinets,Aspen,2025 Cabinet Price List Supplier,134.88,61,,each
AN-GD1836,"Aspen Frosted Glass and Frame 18""W x 36""H",Aspen Frosted Glass and Frame,Cabinets,Aspen,2025 Cabinet Price List Supplier,145.97,61,,each
AN-GD1842,"Aspen Frosted Glass and Frame 18""W x 42""H",Aspen Frosted Glass and Frame,Cabinets,Aspen,2025 Cabinet Price List Supplier,160.00,61,,each
AN-GD2112,"Aspen Clear Glass and Frame 21""W x 12""H",Aspen Clear Glass and Frame,Cabinets,Aspen,2025 Cabinet Price List Supplier,123.06,61,,each
AN-GD2115,"Aspen Clear Glass and Frame 21""W x 15""H",Aspen Clear Glass and Frame,Cabinets,Aspen,2025 Cabinet Price List Supplier,131.29,61,,each
AN-GD2412,"Aspen Clear Glass and Frame ***This is 1 Set, 2 Doors*** 24""W x 12""H","Aspen Clear Glass and Frame ***This is 1 Set, 2 Doors***",Cabinets,Aspen,2025 Cabinet Price List Supplier,136.47,61,,each
AN-GD2415,"Aspen Clear Glass and Frame ***This is 1 Set, 2 Doors*** 24""W x 15""H","Aspen Clear Glass and Frame ***This is 1 Set, 2 Doors***",Cabinets,Aspen,2025 Cabinet Price List Supplier,150.45,61,,each
AN-GD2712,"Aspen Clear Glass and Frame ***This is 1 Set, 2 Doors*** 27""W x 12""H","Aspen Clear Glass and Frame ***This is 1 Set, 2 Doors***",Cabinets,Aspen,2025 Cabinet Price List Supplier,149.88,61,,each
AN-GD2715,"Aspen Clear Glass and Frame ***This is 1 Set, 2 Doors*** 27""W x 15""H","Aspen Clear Glass and Frame ***This is 1 Set, 2 Doors***",Cabinets,Aspen,2025 Cabinet Price List Supplier,160.39,61,,each
AN-GD3012,"Aspen Clear Glass and Frame ***This is 1 Set, 2 Doors*** 30""W x 12""H","Aspen Clear Glass and Frame ***This is 1 Set, 2 Doors***",Cabinets,Aspen,2025 Cabinet Price List Supplier,163.30,61,,each
AN-GD3015,"Aspen Clear Glass and Frame ***This is 1 Set, 2 Doors*** 30""W x 15""H","Aspen Clear Glass and Frame ***This is 1 Set, 2 Doors***",Cabinets,Aspen,2025 Cabinet Price List Supplier,170.32,61,,each
AN-GD3312,"Aspen Clear Glass and Frame ***This is 1 Set, 2 Doors*** 33""W x 12""H","Aspen Clear Glass and Frame ***This is 1 Set, 2 Doors***",Cabinets,Aspen,2025 Cabinet Price List Supplier,176.71,61,,each
AN-GD3315,"Aspen Clear Glass and Frame ***This is 1 Set, 2 Doors*** 33""W x 15""H","Aspen Clear Glass and Frame ***This is 1 Set, 2 Doors***",Cabinets,Aspen,2025 Cabinet Price List Supplier,183.10,61,,each
AN-GD3612,"Aspen Clear Glass and Frame ***This is 1 Set, 2 Doors*** 36""W x 12""H","Aspen Clear Glass and Frame ***This is 1 Set, 2 Doors***",Cabinets,Aspen,2025 Cabinet Price List Supplier,190.12,61,,each
AN-GD3615,"Aspen Clear Glass and Frame ***This is 1 Set, 2 Doors*** 36""W x 15""H","Aspen Clear Glass and Frame ***This is 1 Set, 2 Doors***",Cabinets,Aspen,2025 Cabinet Price List Supplier,180.26,61,,each
AN-GW1212,"Aspen Wall Cabinet with finished interior. Glass Doors are sold separately 12""W x 12""H",Aspen Wall Cabinet with finished interior. Glass Doors are sold separately,Cabinets,Aspen,2025 Cabinet Price List Supplier,145.63,61,,each
AN-GW1215,"Aspen Wall Cabinet with finished interior. Glass Doors are sold separately 12""W x 15""H",Aspen Wall Cabinet with finished interior. Glass Doors are sold separately,Cabinets,Aspen,2025 Cabinet Price List Supplier,160.74,61,,each
AN-GW1512,"Aspen Wall Cabinet with finished interior. Glass Doors are sold separately 15""W x 12""H",Aspen Wall Cabinet with finished interior. Glass Doors are sold separately,Cabinets,Aspen,2025 Cabinet Price List Supplier,160.74,61,,each
AN-GW1515,"Aspen Wall Cabinet with finished interior. Glass Doors are sold separately 15""W x 15""H",Aspen Wall Cabinet with finished interior. Glass Doors are sold separately,Cabinets,Aspen,2025 Cabinet Price List Supplier,174.86,61,,each
AN-GW1812,"Aspen Wall Cabinet with finished interior. Glass Doors are sold separately 18""W x 12""H",Aspen Wall Cabinet with finished interior. Glass Doors are sold separately,Cabinets,Aspen,2025 Cabinet Price List Supplier,172.66,61,,each
AN-GW1815,"Aspen Wall Cabinet with finished interior. Glass Doors are sold separately 18""W x 15""H",Aspen Wall Cabinet with finished interior. Glass Doors are sold separately,Cabinets,Aspen,2025 Cabinet Price List Supplier,189.20,61,,each
AN-GW2112,"Aspen Wall Cabinet with finished interior. Glass Doors are sold separately 21""W x 12""H",Aspen Wall Cabinet with finished interior. Glass Doors are sold separately,Cabinets,Aspen,2025 Cabinet Price List Supplier,186.01,61,,each
AN-GW2115,"Aspen Wall Cabinet with finished interior. Glass Doors are sold separately 21""W x 15""H",Aspen Wall Cabinet with finished interior. Glass Doors are sold separately,Cabinets,Aspen,2025 Cabinet Price List Supplier,203.39,61,,each
AN-GW2412,"Aspen Wall Cabinet with finished interior. Glass Doors are sold separately 24""W x 12""H",Aspen Wall Cabinet with finished interior. Glass Doors are sold separately,Cabinets,Aspen,2025 Cabinet Price List Supplier,198.71,61,,each
AN-GW2415,"Aspen Wall Cabinet with finished interior. Glass Doors are sold separately 24""W x 15""H",Aspen Wall Cabinet with finished interior. Glass Doors are sold separately,Cabinets,Aspen,2025 Cabinet Price List Supplier,217.80,61,,each
AN-GW2712,"Aspen Wall Cabinet with finished interior. Glass Doors are sold separately 27""W x 12""H",Aspen Wall Cabinet with finished interior. Glass Doors are sold separately,Cabinets,Aspen,2025 Cabinet Price List Supplier,213.05,61,,each
AN-GW2715,"Aspen Wall Cabinet with finished interior. Glass Doors are sold separately 27""W x 15""H",Aspen Wall Cabinet with finished interior. Glass Doors are sold separately,Cabinets,Aspen,2025 Cabinet Price List Supplier,231.99,61,,each
AN-GW3012,"Aspen Wall Cabinet with finished interior. Glass Doors are sold separately 30""W x 12""H",Aspen Wall Cabinet with finished interior. Glass Doors are sold separately,Cabinets,Aspen,2025 Cabinet Price List Supplier,228.73,61,,each
AN-GW3015,"Aspen Wall Cabinet with finished interior. Glass Doors are sold separately 30""W x 15""H",Aspen Wall Cabinet with finished interior. Glass Doors are sold separately,Cabinets,Aspen,2025 Cabinet Price List Supplier,248.67,61,,each
AN-GW3312,"Aspen Wall Cabinet with finished interior. Glass Doors are sold separately 33""W x 12""H",Aspen Wall Cabinet with finished interior. Glass Doors are sold separately,Cabinets,Aspen,2025 Cabinet Price List Supplier,243.21,61,,each
AN-GW3315,"Aspen Wall Cabinet with finished interior. Glass Doors are sold separately 33""W x 15""H",Aspen Wall Cabinet with finished interior. Glass Doors are sold separately,Cabinets,Aspen,2025 Cabinet Price List Supplier,264.21,61,,each
AN-GW3612,"Aspen Wall Cabinet with finished interior. Glass Doors are sold separately 36""W x 12""H",Aspen Wall Cabinet with finished interior. Glass Doors are sold separately,Cabinets,Aspen,2025 Cabinet Price List Supplier,257.61,61,,each
AN-GW3615,"Aspen Wall Cabinet with finished interior. Glass Doors are sold separately 36""W x 15""H",Aspen Wall Cabinet with finished interior. Glass Doors are sold separately,Cabinets,Aspen,2025 Cabinet Price List Supplier,279.61,61,,each
AN-GWDC2412,"Aspen Diagonal Corner Wall Cabinet with finished interior. Glass Doors are sold separately 24""W x 12""H",Aspen Diagonal Corner Wall Cabinet with finished interior. Glass Doors are sold separately,Cabinets,Aspen,2025 Cabinet Price List Supplier,329.86,61,,each
AN-GWDC2415,"Aspen Diagonal Corner Wall Cabinet with finished interior. Glass Doors are sold separately 24""W x 15""H",Aspen Diagonal Corner Wall Cabinet with finished interior. Glass Doors are sold separately,Cabinets,Aspen,2025 Cabinet Price List Supplier,337.81,61,,each
AN-OC3384,"Aspen Wall Oven Cabinet 33""W x 84""H",Aspen Wall Oven Cabinet,Cabinets,Aspen,2025 Cabinet Price List Supplier,1071.41,61,,each
AN-OC3390,"Aspen Wall Oven Cabinet 33""W x 90""H",Aspen Wall Oven Cabinet,Cabinets,Aspen,2025 Cabinet Price List Supplier,1082.55,61,,each
AN-OC3396,"Aspen Wall Oven Cabinet 33""W x 96""H",Aspen Wall Oven Cabinet,Cabinets,Aspen,2025 Cabinet Price List Supplier,1218.47,61,,each
AN-PD18-2,"Aspen POT DRAWER CABINET-2 Drawers 18""W",Aspen POT DRAWER CABINET-2 Drawers,Cabinets,Aspen,2025 Cabinet Price List Supplier,540.00,61,,each
AN-PD30-2,"Aspen POT DRAWER CABINET-2 Drawers 30""W",Aspen POT DRAWER CABINET-2 Drawers,Cabinets,Aspen,2025 Cabinet Price List Supplier,685.00,61,,each
AN-PD36-2,"Aspen POT DRAWER CABINET-2 Drawers 36""W",Aspen POT DRAWER CABINET-2 Drawers,Cabinets,Aspen,2025 Cabinet Price List Supplier,735.00,61,,each
AN-SB24,"Aspen Sink Base Cabinet 24""W",Aspen Sink Base Cabinet,Cabinets,Aspen,2025 Cabinet Price List Supplier,320.78,61,,each
AN-SB27,"Aspen Sink Base 27""W",Aspen Sink Base,Cabinets,Aspen,2025 Cabinet Price List Supplier,358.02,61,,each
AN-SB30,"Aspen Sink Base 30""W",Aspen Sink Base,Cabinets,Aspen,2025 Cabinet Price List Supplier,400.77,61,,each
AN-SB33,"Aspen Sink Base 33""W",Aspen Sink Base,Cabinets,Aspen,2025 Cabinet Price List Supplier,475.32,61,,each
AN-SB36,"Aspen Sink Base 36""W",Aspen Sink Base,Cabinets,Aspen,2025 Cabinet Price List Supplier,508.00,61,,each
AN-SD,Aspen Sample Doors,Aspen Sample Doors,Cabinets,Aspen,2025 Cabinet Price List Supplier,40.00,61,,each
AN-SVA12D-3,"Aspen Vanity 3 Drawers Cabinet 12""W",Aspen Vanity 3 Drawers Cabinet,Cabinets,Aspen,2025 Cabinet Price List Supplier,405.01,61,,each
AN-SVA15D-3,"Aspen Vanity 3 Drawer Cabinet 15""W",Aspen Vanity 3 Drawer Cabinet,Cabinets,Aspen,2025 Cabinet Price List Supplier,449.23,61,,each
AN-SVA18D-3,"Aspen Vanity 3 Drawers Cabinet 18""W",Aspen Vanity 3 Drawers Cabinet,Cabinets,Aspen,2025 Cabinet Price List Supplier,494.12,61,,each
AN-SVAM2430,"Aspen Mirror 24""W x 30""H",Aspen Mirror,Cabinets,Aspen,2025 Cabinet Price List Supplier,154.00,61,,each
AN-TOUCH UP KIT,Aspen Touch up Kit,Aspen Touch up Kit,Cabinets,Aspen,2025 Cabinet Price List Supplier,39.56,61,,each
AN-W0930,"Aspen Wall Cabinet 9""W x 30""H",Aspen Wall Cabinet,Cabinets,Aspen,2025 Cabinet Price List Supplier,161.63,61,,each
AN-W0936,"Aspen Wall Cabinet 9""W x 36""H",Aspen Wall Cabinet,Cabinets,Aspen,2025 Cabinet Price List Supplier,185.44,61,,each
AN-W0942,"Aspen Wall Cabinet 9""W x 42""H",Aspen Wall Cabinet,Cabinets,Aspen,2025 Cabinet Price List Supplier,209.26,61,,each
AN-W1230,"Aspen Wall Cabinet 12""W x 30""H",Aspen Wall Cabinet,Cabinets,Aspen,2025 Cabinet Price List Supplier,187.98,61,,each
AN-W1236,"Aspen Wall Cabinet 12""W x 36""H",Aspen Wall Cabinet,Cabinets,Aspen,2025 Cabinet Price List Supplier,214.25,61,,each
AN-W1242,"Aspen Wall Cabinet 12""W x 42""H",Aspen Wall Cabinet,Cabinets,Aspen,2025 Cabinet Price List Supplier,242.44,61,,each
AN-W1530,"Aspen Wall Cabinet 15""W x 30""H",Aspen Wall Cabinet,Cabinets,Aspen,2025 Cabinet Price List Supplier,218.62,61,,each
AN-W1536,"Aspen Wall Cabinet 15""W x 36""H",Aspen Wall Cabinet,Cabinets,Aspen,2025 Cabinet Price List Supplier,248.02,61,,each
AN-W1542,"Aspen Wall Cabinet 15""W x 42""H",Aspen Wall Cabinet,Cabinets,Aspen,2025 Cabinet Price List Supplier,277.28,61,,each
AN-W1830,"Aspen Wall Cabinet 18""W x 30""H",Aspen Wall Cabinet,Cabinets,Aspen,2025 Cabinet Price List Supplier,251.30,61,,each
AN-W1836,"Aspen Wall Cabinet 18""W x 36""H",Aspen Wall Cabinet,Cabinets,Aspen,2025 Cabinet Price List Supplier,280.70,61,,each
AN-W1842,"Aspen Wall Cabinet 18""W x 42""H",Aspen Wall Cabinet,Cabinets,Aspen,2025 Cabinet Price List Supplier,310.20,61,,each
AN-W2130,"Aspen Wall Cabinet 21""W x 30""H",Aspen Wall Cabinet,Cabinets,Aspen,2025 Cabinet Price List Supplier,281.46,61,,each
AN-W2136,"Aspen Wall Cabinet 21""W x 36""H",Aspen Wall Cabinet,Cabinets,Aspen,2025 Cabinet Price List Supplier,313.69,61,,each
AN-W2142,"Aspen Wall Cabinet 21""W x 42""H",Aspen Wall Cabinet,Cabinets,Aspen,2025 Cabinet Price List Supplier,345.92,61,,each
AN-W2412,"Aspen Wall Cabinet 24""W x 12""H",Aspen Wall Cabinet,Cabinets,Aspen,2025 Cabinet Price List Supplier,199.00,61,,each
AN-W2415,"Aspen Wall Cabinet 24""W x 15""H",Aspen Wall Cabinet,Cabinets,Aspen,2025 Cabinet Price List Supplier,218.00,61,,each
AN-W2418,"Aspen Wall Cabinet 24""W x 18""H",Aspen Wall Cabinet,Cabinets,Aspen,2025 Cabinet Price List Supplier,236.00,61,,each
AN-W2424,"Aspen Wall Cabinet 24""W x 24""H",Aspen Wall Cabinet,Cabinets,Aspen,2025 Cabinet Price List Supplier,299.95,61,,each
AN-W2430,"Aspen Wall Cabinet 24""W x 30""H",Aspen Wall Cabinet,Cabinets,Aspen,2025 Cabinet Price List Supplier,321.48,61,,each
AN-W2436,"Aspen Wall Cabinet 24""W x 36""H",Aspen Wall Cabinet,Cabinets,Aspen,2025 Cabinet Price List Supplier,357.70,61,,each
AN-W2442,"Aspen Wall Cabinet 24""W x 42""H",Aspen Wall Cabinet,Cabinets,Aspen,2025 Cabinet Price List Supplier,386.46,61,,each
AN-W2730,"Aspen Wall Cabinet 27""W x 30""H",Aspen Wall Cabinet,Cabinets,Aspen,2025 Cabinet Price List Supplier,351.38,61,,each
AN-W2736,"Aspen Wall Cabinet 27""W x 36""H",Aspen Wall Cabinet,Cabinets,Aspen,2025 Cabinet Price List Supplier,369.29,61,,each
AN-W2742,"Aspen Wall Cabinet 27""W x 42""H",Aspen Wall Cabinet,Cabinets,Aspen,2025 Cabinet Price List Supplier,387.10,61,,each
AN-W3012,"Aspen Wall Cabinet 30""W x 12""H",Aspen Wall Cabinet,Cabinets,Aspen,2025 Cabinet Price List Supplier,192.28,61,,each
AN-W301224,"Aspen Refrigerator Cabinet 30""W x 12""H x 24""D",Aspen Refrigerator Cabinet,Cabinets,Aspen,2025 Cabinet Price List Supplier,265.74,61,,each
AN-W3015,"Aspen Wall Cabinet 30""W x 15""H",Aspen Wall Cabinet,Cabinets,Aspen,2025 Cabinet Price List Supplier,212.73,61,,each
AN-W301524,"Aspen Refrigerator Cabinet 30""W x 15""H x 24""D",Aspen Refrigerator Cabinet,Cabinets,Aspen,2025 Cabinet Price List Supplier,297.40,61,,each
AN-W3018,"Aspen Wall Cabinet 30""W x 18""H",Aspen Wall Cabinet,Cabinets,Aspen,2025 Cabinet Price List Supplier,227.88,61,,each
AN-W301824,"Aspen Refrigerator Cabinet 30""W x 18""H x 24""D",Aspen Refrigerator Cabinet,Cabinets,Aspen,2025 Cabinet Price List Supplier,327.04,61,,each
AN-W3021,"Aspen Wall Cabinet 30""W x 21""H",Aspen Wall Cabinet,Cabinets,Aspen,2025 Cabinet Price List Supplier,279.00,61,,each
AN-W302124,"Aspen Refrigerator Cabinet 30""W x 21""H x 24""D",Aspen Refrigerator Cabinet,Cabinets,Aspen,2025 Cabinet Price List Supplier,413.00,61,,each
AN-W3024,"Aspen Wall Cabinet 30""W x 24""H",Aspen Wall Cabinet,Cabinets,Aspen,2025 Cabinet Price List Supplier,320.72,61,,each
AN-W302424,"Aspen Refrigerator Cabinet 30""W x 24""H x 24""D",Aspen Refrigerator Cabinet,Cabinets,Aspen,2025 Cabinet Price List Supplier,431.47,61,,each
AN-W3030,"Aspen Wall Cabinet 30""W x 30""H",Aspen Wall Cabinet,Cabinets,Aspen,2025 Cabinet Price List Supplier,381.07,61,,each
AN-W3036,"Aspen Wall Cabinet 30""W x 36""H",Aspen Wall Cabinet,Cabinets,Aspen,2025 Cabinet Price List Supplier,423.06,61,,each
AN-W3042,"Aspen Wall Cabinet 30""W x 42""H",Aspen Wall Cabinet,Cabinets,Aspen,2025 Cabinet Price List Supplier,464.93,61,,each
AN-W3312,"Aspen Wall Cabinet 33""W x 12""H",Aspen Wall Cabinet,Cabinets,Aspen,2025 Cabinet Price List Supplier,219.33,61,,each
AN-W331224,"Aspen Refrigerator Cabinet 33""W x 12""H x 24""D",Aspen Refrigerator Cabinet,Cabinets,Aspen,2025 Cabinet Price List Supplier,274.74,61,,each
AN-W3315,"Aspen WALL CABINET 33""W x 15""H",Aspen WALL CABINET,Cabinets,Aspen,2025 Cabinet Price List Supplier,230.85,61,,each
AN-W331524,"Aspen Refrigerator Cabinet 33""W x 15""H x 24""D",Aspen Refrigerator Cabinet,Cabinets,Aspen,2025 Cabinet Price List Supplier,306.40,61,,each
AN-W3318,"Aspen Wall Cabinet 33""W x 18""H",Aspen Wall Cabinet,Cabinets,Aspen,2025 Cabinet Price List Supplier,243.39,61,,each
AN-W331824,"Aspen Refrigerator Cabinet 33""W x 18""H x 24""D",Aspen Refrigerator Cabinet,Cabinets,Aspen,2025 Cabinet Price List Supplier,336.04,61,,each
AN-W332124,"Aspen Refrigerator Cabinet 33""W x 21""H x 24""D",Aspen Refrigerator Cabinet,Cabinets,Aspen,2025 Cabinet Price List Supplier,435.00,61,,each
AN-W3324,"Aspen Wall Cabinet 33""W x 24""H",Aspen Wall Cabinet,Cabinets,Aspen,2025 Cabinet Price List Supplier,335.80,61,,each
AN-W332424,"Aspen Wall Cabinet 33""W x 24""H x 24""D",Aspen Wall Cabinet,Cabinets,Aspen,2025 Cabinet Price List Supplier,440.47,61,,each
AN-W3330,"Aspen Wall Cabinet 33""W x 30""H",Aspen Wall Cabinet,Cabinets,Aspen,2025 Cabinet Price List Supplier,402.68,61,,each
AN-W3336,"Aspen Wall Cabinet 33""W x 36""H",Aspen Wall Cabinet,Cabinets,Aspen,2025 Cabinet Price List Supplier,456.00,61,,each
AN-W3342,"Aspen Wall Cabinet 33""W x 42""H",Aspen Wall Cabinet,Cabinets,Aspen,2025 Cabinet Price List Supplier,523.52,61,,each
AN-W3612,"Aspen Wall Cabinet 36""W x 12""H",Aspen Wall Cabinet,Cabinets,Aspen,2025 Cabinet Price List Supplier,209.69,61,,each
AN-W361224,"Aspen Refrigerator Cabinet 36""W x 12""H x 24""D",Aspen Refrigerator Cabinet,Cabinets,Aspen,2025 Cabinet Price List Supplier,283.74,61,,each
AN-W3615,"Aspen Wall Cabinet 36""W x 15""H",Aspen Wall Cabinet,Cabinets,Aspen,2025 Cabinet Price List Supplier,244.65,61,,each
AN-W361524,"Aspen Refrigerator Cabinet 36""W x 15""H x 24""D",Aspen Refrigerator Cabinet,Cabinets,Aspen,2025 Cabinet Price List Supplier,315.40,61,,each
AN-W3618,"Aspen Wall Cabinet 36""W x 18""H",Aspen Wall Cabinet,Cabinets,Aspen,2025 Cabinet Price List Supplier,273.67,61,,each
AN-W361824,"Aspen Refrigerator Cabinet 36""W x 18""H x 24""D",Aspen Refrigerator Cabinet,Cabinets,Aspen,2025 Cabinet Price List Supplier,345.04,61,,each
AN-W3621,"Aspen Wall Cabinet 36""W x 21""H",Aspen Wall Cabinet,Cabinets,Aspen,2025 Cabinet Price List Supplier,319.00,61,,each
AN-W3621-24,"Aspen Refrigerator Cabinet 36""W x 21""H",Aspen Refrigerator Cabinet,Cabinets,Aspen,2025 Cabinet Price List Supplier,451.00,61,,each
AN-W3624,"Aspen Wall cabinet 36""W x 24""H",Aspen Wall cabinet,Cabinets,Aspen,2025 Cabinet Price List Supplier,352.71,61,,each
AN-W362424,"Aspen Refrigerator Cabinet 36""W x 24""H x 24""D",Aspen Refrigerator Cabinet,Cabinets,Aspen,2025 Cabinet Price List Supplier,449.47,61,,each
AN-W3630,"Aspen Wall Cabinet 36""W x 30""H",Aspen Wall Cabinet,Cabinets,Aspen,2025 Cabinet Price List Supplier,431.56,61,,each
AN-W3636,"Aspen Wall Cabinet 36""W x 36""H",Aspen Wall Cabinet,Cabinets,Aspen,2025 Cabinet Price List Supplier,488.61,61,,each
AN-W3642,"Aspen Wall Cabinet 36""W x 42""H",Aspen Wall Cabinet,Cabinets,Aspen,2025 Cabinet Price List Supplier,559.29,61,,each
AN-WDC2430,"Aspen Wall Diagonal Cabinet 24""W x 30""H",Aspen Wall Diagonal Cabinet,Cabinets,Aspen,2025 Cabinet Price List Supplier,396.22,61,,each
AN-WDC2436,"Aspen Wall Diagonal Cabinet 24""W x 36""H",Aspen Wall Diagonal Cabinet,Cabinets,Aspen,2025 Cabinet Price List Supplier,443.53,61,,each
AN-WDC2442,"Aspen Wall Diagonal Cabinet 24""W x 42""H",Aspen Wall Diagonal Cabinet,Cabinets,Aspen,2025 Cabinet Price List Supplier,487.23,61,,each
AN-WDC273615,"Aspen Wall Diagonal Cabinet 27""W x 36""H x 15""D",Aspen Wall Diagonal Cabinet,Cabinets,Aspen,2025 Cabinet Price List Supplier,522.19,61,,each
AN-WDC274215,"Aspen Wall Diagonal Cabinet 27""W x 42""H x 15""D",Aspen Wall Diagonal Cabinet,Cabinets,Aspen,2025 Cabinet Price List Supplier,568.03,61,,each
AN-WEC1230,"Aspen Wall End Angle Cabinet 12""W x 30""H",Aspen Wall End Angle Cabinet,Cabinets,Aspen,2025 Cabinet Price List Supplier,222.18,61,,each
AN-WEC1236,"Aspen Wall End Angle Cabinet 12""W x 36""H",Aspen Wall End Angle Cabinet,Cabinets,Aspen,2025 Cabinet Price List Supplier,250.73,61,,each
AN-WEC1242,"Aspen Angled Wall Cabinet 12""W x 42""H",Aspen Angled Wall Cabinet,Cabinets,Aspen,2025 Cabinet Price List Supplier,276.19,61,,each
AN-WLS2430,"Aspen Wall Corner Bi-Fold Door Cabinet 24""W x 30""H",Aspen Wall Corner Bi-Fold Door Cabinet,Cabinets,Aspen,2025 Cabinet Price List Supplier,403.00,61,,each
AN-WLS2436,"Aspen Wall Corner Bi-Fold Door Cabinet 24""W x 36""H",Aspen Wall Corner Bi-Fold Door Cabinet,Cabinets,Aspen,2025 Cabinet Price List Supplier,451.00,61,,each
AN-WLS2442,"Aspen Wall Corner Bi-Fold Door Cabinet 24""W x 42""H",Aspen Wall Corner Bi-Fold Door Cabinet,Cabinets,Aspen,2025 Cabinet Price List Supplier,496.00,61,,each
AN-WMC3030,"Aspen Microwave Cabinet 30""W x 30""H",Aspen Microwave Cabinet,Cabinets,Aspen,2025 Cabinet Price List Supplier,440.80,61,,each
AN-WMC3036,"Aspen Microwave Cabinet 30""W x 36""H",Aspen Microwave Cabinet,Cabinets,Aspen,2025 Cabinet Price List Supplier,458.78,61,,each
AN-WMC3042,"Aspen Microwave Cabinet 30""W x 42""H",Aspen Microwave Cabinet,Cabinets,Aspen,2025 Cabinet Price List Supplier,484.38,61,,each
AN-WP1884,"Aspen Tall Pantry 18""W x 84""H",Aspen Tall Pantry,Cabinets,Aspen,2025 Cabinet Price List Supplier,773.68,61,,each
AN-WP1890,"Aspen Tall Pantry 18""W x 90""H",Aspen Tall Pantry,Cabinets,Aspen,2025 Cabinet Price List Supplier,823.84,61,,each
AN-WP1896,"Aspen Tall Pantry 18""W x 96""H",Aspen Tall Pantry,Cabinets,Aspen,2025 Cabinet Price List Supplier,874.12,61,,each
AN-WP2484,"Aspen Tall Pantry 24""W x 84""H",Aspen Tall Pantry,Cabinets,Aspen,2025 Cabinet Price List Supplier,840.37,61,,each
AN-WP2490,"Aspen Tall Pantry 24""W x 90""H",Aspen Tall Pantry,Cabinets,Aspen,2025 Cabinet Price List Supplier,877.30,61,,each
AN-WP2496,"Aspen Tall Pantry 24""W x 96""H",Aspen Tall Pantry,Cabinets,Aspen,2025 Cabinet Price List Supplier,939.48,61,,each
AN-WP3084,"Aspen Tall Pantry 30""W x 84""H",Aspen Tall Pantry,Cabinets,Aspen,2025 Cabinet Price List Supplier,882.00,61,,each
AN-WP3090,"Aspen Tall Pantry 30""W x 90""H",Aspen Tall Pantry,Cabinets,Aspen,2025 Cabinet Price List Supplier,933.00,61,,each
AN-WP3096,"Aspen Tall Pantry 30""W x 96""H",Aspen Tall Pantry,Cabinets,Aspen,2025 Cabinet Price List Supplier,983.00,61,,each
BA-30GR,"Barley Glass Holder 30""W",Barley Glass Holder,Cabinets,Barley,2025 Cabinet Price List Supplier,56.19,61,,each
BA-30WR,"Barley Wall Wine Rack Cabinet 30""W",Barley Wall Wine Rack Cabinet,Cabinets,Barley,2025 Cabinet Price List Supplier,219.68,61,,each
BA-36GR,"Barley Glass Holder 36""W",Barley Glass Holder,Cabinets,Barley,2025 Cabinet Price List Supplier,76.31,61,,each
BA-36WR,"Barley Wall Wine Rack Cabinet 36""W",Barley Wall Wine Rack Cabinet,Cabinets,Barley,2025 Cabinet Price List Supplier,266.43,61,,each
BA-ACM8-C,"Barley Crown Molding 3"" Curved Staggered","Barley Crown Molding 3"" Curved Staggered",Cabinets,Barley,2025 Cabinet Price List Supplier,149.40,61,,each
BA-ACM8-S,"Barley Crown Molding 3"" Straight Staggered","Barley Crown Molding 3"" Straight Staggered",Cabinets,Barley,2025 Cabinet Price List Supplier,149.40,61,,each
BA-B09,"Barley Base Cabinet 9""W",Barley Base Cabinet,Cabinets,Barley,2025 Cabinet Price List Supplier,210.56,61,,each
BA-B12,"Barley Base Cabinet 12""W",Barley Base Cabinet,Cabinets,Barley,2025 Cabinet Price List Supplier,276.45,61,,each
BA-B15,"Barley Base Cabinet 15""W",Barley Base Cabinet,Cabinets,Barley,2025 Cabinet Price List Supplier,329.80,61,,each
BA-B18,"Barley Base Cabinet 18""W",Barley Base Cabinet,Cabinets,Barley,2025 Cabinet Price List Supplier,385.74,61,,each
BA-B21,"Barley Base Cabinet 21""W",Barley Base Cabinet,Cabinets,Barley,2025 Cabinet Price List Supplier,419.69,61,,each
BA-B24,"Barley Base Cabinet 24""W",Barley Base Cabinet,Cabinets,Barley,2025 Cabinet Price List Supplier,463.21,61,,each
BA-B27,"Barley Base Cabinet 27""W",Barley Base Cabinet,Cabinets,Barley,2025 Cabinet Price List Supplier,499.55,61,,each
BA-B30,"Barley Base Cabinet 30""W",Barley Base Cabinet,Cabinets,Barley,2025 Cabinet Price List Supplier,586.98,61,,each
BA-B33,"Barley Base Cabinet 33""W",Barley Base Cabinet,Cabinets,Barley,2025 Cabinet Price List Supplier,624.74,61,,each
BA-B36,"Barley Base Cabinet 36""W",Barley Base Cabinet,Cabinets,Barley,2025 Cabinet Price List Supplier,662.38,61,,each
BA-BBC39,"Barley Blind Corner Cabinet 39""W",Barley Blind Corner Cabinet,Cabinets,Barley,2025 Cabinet Price List Supplier,502.46,61,,each
BA-BBC42,"Barley Blind Corner Cabinet 42""W",Barley Blind Corner Cabinet,Cabinets,Barley,2025 Cabinet Price List Supplier,659.54,61,,each
BA-BCB150,Barley Chair Rail Molding,Barley Chair Rail Molding,Cabinets,Barley,2025 Cabinet Price List Supplier,30.26,61,,each
BA-BEC24,"Barley Base End Angle 24""W",Barley Base End Angle,Cabinets,Barley,2025 Cabinet Price List Supplier,587.43,61,,each
BA-BES09,"Barley Base End Curved 9""W",Barley Base End Curved,Cabinets,Barley,2025 Cabinet Price List Supplier,337.17,61,,each
BA-BLS33N,"Barley Lazy Susan cabinet with shelf only. No Trays. 33""W",Barley Lazy Susan cabinet with shelf only. No Trays.,Cabinets,Barley,2025 Cabinet Price List Supplier,745.82,61,,each
BA-BLS36N,"Barley Lazy Susan cabinet with shelf only. No Trays. 36""W",Barley Lazy Susan cabinet with shelf only. No Trays.,Cabinets,Barley,2025 Cabinet Price List Supplier,804.74,61,,each
BA-BM8,"Barley Base Molding 96""","Barley Base Molding 96""",Cabinets,Barley,2025 Cabinet Price List Supplier,98.87,61,,each
BA-BMC30,"Barley Base Microwave Cabinet 30""W",Barley Base Microwave Cabinet,Cabinets,Barley,2025 Cabinet Price List Supplier,572.00,61,,each
BA-BP3696,"Barley Back Panel 36""x96""x1/4""","Barley Back Panel 36""x96""x1/4""",Cabinets,Barley,2025 Cabinet Price List Supplier,134.32,61,,each
BA-BP4896,"Barley Back Panel 48""x96""x1/4""","Barley Back Panel 48""x96""x1/4""",Cabinets,Barley,2025 Cabinet Price List Supplier,178.20,61,,each
BA-BSR06,"Barley Spice Rack Cabinet 6""W",Barley Spice Rack Cabinet,Cabinets,Barley,2025 Cabinet Price List Supplier,271.60,61,,each
BA-BSR09,"Barley Spice Rack Cabinet 9""W",Barley Spice Rack Cabinet,Cabinets,Barley,2025 Cabinet Price List Supplier,284.53,61,,each
BA-BSR12,"Barley Spice Rack Cabinet 12""W",Barley Spice Rack Cabinet,Cabinets,Barley,2025 Cabinet Price List Supplier,320.00,61,,each
BA-CCM8-1,Barley Crown Molding,Barley Crown Molding,Cabinets,Barley,2025 Cabinet Price List Supplier,98.87,61,,each
BA-CCM8-2,Barley Crown Molding,Barley Crown Molding,Cabinets,Barley,2025 Cabinet Price List Supplier,149.38,61,,each
BA-CM8-C,Barley Curved  Crown Molding,Barley Curved Crown Molding,Cabinets,Barley,2025 Cabinet Price List Supplier,96.20,61,,each
BA-CSB36,"Barley Diagonal Corner Sink Base 36""W",Barley Diagonal Corner Sink Base,Cabinets,Barley,2025 Cabinet Price List Supplier,779.62,61,,each
BA-D1230W,"Barley Wall Decorative Door 12""W x 30""H",Barley Wall Decorative Door,Cabinets,Barley,2025 Cabinet Price List Supplier,87.76,61,,each
BA-D1236W,"Barley Wall Decorative Door 12""W x 36""H",Barley Wall Decorative Door,Cabinets,Barley,2025 Cabinet Price List Supplier,105.60,61,,each
BA-D1242W,"Barley Wall Decorative Door 12""W x 42""H",Barley Wall Decorative Door,Cabinets,Barley,2025 Cabinet Price List Supplier,123.45,61,,each
BA-D1249W,"Barley Wall Decorative Door 12""W x 49""H",Barley Wall Decorative Door,Cabinets,Barley,2025 Cabinet Price List Supplier,168.00,61,,each
BA-D2430B,"Barley Base Decorative Door 24""W x 30""H",Barley Base Decorative Door,Cabinets,Barley,2025 Cabinet Price List Supplier,182.17,61,,each
BA-DB12-3,"Barley Drawer Base Cabinet 12""W",Barley Drawer Base Cabinet,Cabinets,Barley,2025 Cabinet Price List Supplier,447.56,61,,each
BA-DB15-3,"Barley Drawer Base Cabinet 15""W",Barley Drawer Base Cabinet,Cabinets,Barley,2025 Cabinet Price List Supplier,501.04,61,,each
BA-DB18-3,"Barley Drawer Base Cabinet 18""W",Barley Drawer Base Cabinet,Cabinets,Barley,2025 Cabinet Price List Supplier,554.45,61,,each
BA-DB21-3,"Barley Drawer Base Cabinet 21""W",Barley Drawer Base Cabinet,Cabinets,Barley,2025 Cabinet Price List Supplier,612.78,61,,each
BA-DB24-3,"Barley Drawer Base Cabinet 24""W",Barley Drawer Base Cabinet,Cabinets,Barley,2025 Cabinet Price List Supplier,667.17,61,,each
BA-DB30-3,"Barley Drawer Base Cabinet 30""W",Barley Drawer Base Cabinet,Cabinets,Barley,2025 Cabinet Price List Supplier,711.92,61,,each
BA-DB36-3,"Barley Drawer Base Cabinet 36""W",Barley Drawer Base Cabinet,Cabinets,Barley,2025 Cabinet Price List Supplier,762.81,61,,each
BA-DWR-3,Barley Dish Washer Panel,Barley Dish Washer Panel,Cabinets,Barley,2025 Cabinet Price List Supplier,85.82,61,,each
BA-FA2421,"Barley Vanity Sink Cabinet 24""W x 21""H",Barley Vanity Sink Cabinet,Cabinets,Barley,2025 Cabinet Price List Supplier,280.14,61,,each
BA-FA3021,"Barley Vanity Sink Cabinet 30""W x 21""H",Barley Vanity Sink Cabinet,Cabinets,Barley,2025 Cabinet Price List Supplier,324.24,61,,each
BA-FA3021DL,"Barley Vanity with 2 drawers, Drawers on the Left 30""W x 21""H","Barley Vanity with 2 drawers, Drawers on the Left",Cabinets,Barley,2025 Cabinet Price List Supplier,531.10,61,,each
BA-FA3021DR,"Barley Vanity with 2 drawers, Drawers on the right 30""W x 21""H","Barley Vanity with 2 drawers, Drawers on the right",Cabinets,Barley,2025 Cabinet Price List Supplier,531.10,61,,each
BA-FA3621DL,"Barley Vanity with 2 drawers, Drawers on the left 36""W x 21""H","Barley Vanity with 2 drawers, Drawers on the left",Cabinets,Barley,2025 Cabinet Price List Supplier,575.40,61,,each
BA-FA3621DR,"Barley Vanity with 2 drawers, drawers on the right 36""W x 21""H","Barley Vanity with 2 drawers, drawers on the right",Cabinets,Barley,2025 Cabinet Price List Supplier,575.40,61,,each
BA-FB3X3,Barley Rossette,Barley Rossette,Cabinets,Barley,2025 Cabinet Price List Supplier,10.21,61,,each
BA-FD30,"Barley Knee Drawr Cabinet 30""W",Barley Knee Drawr Cabinet,Cabinets,Barley,2025 Cabinet Price List Supplier,127.52,61,,each
BA-FSB30,"Barley Farm Sink Base Cabinet 30""W",Barley Farm Sink Base Cabinet,Cabinets,Barley,2025 Cabinet Price List Supplier,530.00,61,,each
BA-FSB36,"Barley Farm Sink Base Cabinet 36""W",Barley Farm Sink Base Cabinet,Cabinets,Barley,2025 Cabinet Price List Supplier,560.00,61,,each
BA-GD1230,"Barley Frosted Glass and Frame 12""W x 30""H",Barley Frosted Glass and Frame,Cabinets,Barley,2025 Cabinet Price List Supplier,102.45,61,,each
BA-GD1236,"Barley Frosted Glass and Frame 12""W x 36""H",Barley Frosted Glass and Frame,Cabinets,Barley,2025 Cabinet Price List Supplier,113.87,61,,each
BA-GD1242,"Barley Frosted Glass and Frame 12""W x 42""H",Barley Frosted Glass and Frame,Cabinets,Barley,2025 Cabinet Price List Supplier,125.30,61,,each
BA-GD1530,"Barley Frosted Glass and Frame 15""W x 30""H",Barley Frosted Glass and Frame,Cabinets,Barley,2025 Cabinet Price List Supplier,119.33,61,,each
BA-GD1536,"Barley Frosted Glass and Frame 15""W x 36""H",Barley Frosted Glass and Frame,Cabinets,Barley,2025 Cabinet Price List Supplier,130.76,61,,each
BA-GD1542,"Barley Frosted Glass and Frame 15""W x 42""H",Barley Frosted Glass and Frame,Cabinets,Barley,2025 Cabinet Price List Supplier,143.18,61,,each
BA-GD1830,"Barley Frosted Glass and Frame 18""W x 30""H",Barley Frosted Glass and Frame,Cabinets,Barley,2025 Cabinet Price List Supplier,137.72,61,,each
BA-GD1836,"Barley Frosted Glass and Frame 18""W x 36""H",Barley Frosted Glass and Frame,Cabinets,Barley,2025 Cabinet Price List Supplier,149.03,61,,each
BA-GD1842,"Barley Frosted Glass and Frame 18""W x 42""H",Barley Frosted Glass and Frame,Cabinets,Barley,2025 Cabinet Price List Supplier,163.38,61,,each
BA-HC30,"Barley Hood Cover 30""W",Barley Hood Cover,Cabinets,Barley,2025 Cabinet Price List Supplier,688.00,61,,each
BA-HC36,"Barley HOOD COVER 36""W",Barley HOOD COVER,Cabinets,Barley,2025 Cabinet Price List Supplier,732.00,61,,each
BA-OC3384,"Barley Wall Oven Cabinet 33""W x 84""H",Barley Wall Oven Cabinet,Cabinets,Barley,2025 Cabinet Price List Supplier,1093.97,61,,each
BA-OC3390,"Barley Wall Oven Cabinet 33""W x 90""H",Barley Wall Oven Cabinet,Cabinets,Barley,2025 Cabinet Price List Supplier,1105.34,61,,each
BA-OC3396,"Barley Wall Oven Cabinet 33""W x 96""H",Barley Wall Oven Cabinet,Cabinets,Barley,2025 Cabinet Price List Supplier,1244.12,61,,each
BA-OCM8,Barley Outside Corner Molding,Barley Outside Corner Molding,Cabinets,Barley,2025 Cabinet Price List Supplier,21.34,61,,each
BA-OGM8,Barley Ogee Molding 8',Barley Ogee Molding 8',Cabinets,Barley,2025 Cabinet Price List Supplier,76.17,61,,each
BA-PCVFF396,"Barley Fluted Filler 8' 39""W",Barley Fluted Filler 8',Cabinets,Barley,2025 Cabinet Price List Supplier,75.53,61,,each
BA-PD18-2,"Barley POT DRAWER CABINET-2 Drawers 18""W",Barley POT DRAWER CABINET-2 Drawers,Cabinets,Barley,2025 Cabinet Price List Supplier,540.00,61,,each
BA-PD30-2,"Barley POT DRAWER CABINET-2 Drawers 30""W",Barley POT DRAWER CABINET-2 Drawers,Cabinets,Barley,2025 Cabinet Price List Supplier,685.00,61,,each
BA-PD36-2,"Barley POT DRAWER CABINET-2 Drawers 36""W",Barley POT DRAWER CABINET-2 Drawers,Cabinets,Barley,2025 Cabinet Price List Supplier,735.00,61,,each
BA-QR8,Barley Quarter Round 8',Barley Quarter Round 8',Cabinets,Barley,2025 Cabinet Price List Supplier,30.26,61,,each
BA-RRP9624,"Barley Refrigerator Panel 96""x24""x3"" return","Barley Refrigerator Panel 96""x24""x3"" return",Cabinets,Barley,2025 Cabinet Price List Supplier,181.39,61,,each
BA-SB24,"Barley Sink Base Cabinet 24""W",Barley Sink Base Cabinet,Cabinets,Barley,2025 Cabinet Price List Supplier,327.54,61,,each
BA-SB27,"Barley Sink Base 27""W",Barley Sink Base,Cabinets,Barley,2025 Cabinet Price List Supplier,365.56,61,,each
BA-SB30,"Barley Sink Base 30""W",Barley Sink Base,Cabinets,Barley,2025 Cabinet Price List Supplier,409.21,61,,each
BA-SB33,"Barley Sink Base 33""W",Barley Sink Base,Cabinets,Barley,2025 Cabinet Price List Supplier,485.32,61,,each
BA-SB36,"Barley Sink Base 36""W",Barley Sink Base,Cabinets,Barley,2025 Cabinet Price List Supplier,518.69,61,,each
BA-SD,Barley Sample Doors,Barley Sample Doors,Cabinets,Barley,2025 Cabinet Price List Supplier,40.00,61,,each
BA-SM8,Barley Scribe Molding,Barley Scribe Molding,Cabinets,Barley,2025 Cabinet Price List Supplier,14.23,61,,each
BA-SPOOL-2,"Barley Full Post 3""x3""","Barley Full Post 3""x3""",Cabinets,Barley,2025 Cabinet Price List Supplier,182.04,61,,each
BA-SS-30,Barley Split Spool,Barley Split Spool,Cabinets,Barley,2025 Cabinet Price List Supplier,91.02,61,,each
BA-SVA12D-3,"Barley Vanity 3 Drawers Cabinet 12""W",Barley Vanity 3 Drawers Cabinet,Cabinets,Barley,2025 Cabinet Price List Supplier,413.54,61,,each
BA-SVA15D-3,"Barley Vanity 3 Drawer Cabinet 15""W",Barley Vanity 3 Drawer Cabinet,Cabinets,Barley,2025 Cabinet Price List Supplier,458.68,61,,each
BA-SVA18D-3,"Barley Vanity 3 Drawers Cabinet 18""W",Barley Vanity 3 Drawers Cabinet,Cabinets,Barley,2025 Cabinet Price List Supplier,504.53,61,,each
BA-SVAM2430,"Barley Mirror 24""W x 30""H",Barley Mirror,Cabinets,Barley,2025 Cabinet Price List Supplier,154.00,61,,each
BA-TK8,Barley Toe kick 8',Barley Toe kick 8',Cabinets,Barley,2025 Cabinet Price List Supplier,17.46,61,,each
BA-TLR8-2,Barley Light Rail Molding 8',Barley Light Rail Molding 8',Cabinets,Barley,2025 Cabinet Price List Supplier,69.19,61,,each
BA-TOUCH UP KIT,Barley Touch Up Kit,Barley Touch Up Kit,Cabinets,Barley,2025 Cabinet Price List Supplier,39.56,61,,each
BA-UREP,"Barley Universal Refrigerator Panel 30""x96""x3/4""","Barley Universal Refrigerator Panel 30""x96""x3/4""",Cabinets,Barley,2025 Cabinet Price List Supplier,277.42,61,,each
BA-V36,"Barley Valance 36""W",Barley Valance,Cabinets,Barley,2025 Cabinet Price List Supplier,37.05,61,,each
BA-V42,"Barley Valance 42""W",Barley Valance,Cabinets,Barley,2025 Cabinet Price List Supplier,43.78,61,,each
BA-V48,"Barley Valance 48""W",Barley Valance,Cabinets,Barley,2025 Cabinet Price List Supplier,50.57,61,,each
BA-V60,"Barley Valance 60""W",Barley Valance,Cabinets,Barley,2025 Cabinet Price List Supplier,65.31,61,,each
BA-VAL3612,"Barley BIG VALANCE 36""W x 12""H",Barley BIG VALANCE,Cabinets,Barley,2025 Cabinet Price List Supplier,132.00,61,,each
BA-VAL4212,"Barley BIG  VALANCE 42""W x 12""H",Barley BIG VALANCE,Cabinets,Barley,2025 Cabinet Price List Supplier,143.00,61,,each
BA-VAL4812,"Barley BIG VALANCE 48""W x 12""H",Barley BIG VALANCE,Cabinets,Barley,2025 Cabinet Price List Supplier,198.00,61,,each
BA-W0930,"Barley Wall Cabinet 9""W x 30""H",Barley Wall Cabinet,Cabinets,Barley,2025 Cabinet Price List Supplier,165.03,61,,each
BA-W0936,"Barley Wall Cabinet 9""W x 36""H",Barley Wall Cabinet,Cabinets,Barley,2025 Cabinet Price List Supplier,189.34,61,,each
BA-W0942,"Barley Wall Cabinet 9""W x 42""H",Barley Wall Cabinet,Cabinets,Barley,2025 Cabinet Price List Supplier,213.66,61,,each
BA-W1230,"Barley Wall Cabinet 12""W x 30""H",Barley Wall Cabinet,Cabinets,Barley,2025 Cabinet Price List Supplier,191.93,61,,each
BA-W1236,"Barley Wall Cabinet 12""W x 36""H",Barley Wall Cabinet,Cabinets,Barley,2025 Cabinet Price List Supplier,218.76,61,,each
BA-W1242,"Barley Wall Cabinet 12""W x 42""H",Barley Wall Cabinet,Cabinets,Barley,2025 Cabinet Price List Supplier,247.54,61,,each
BA-W1530,"Barley Wall Cabinet 15""W x 30""H",Barley Wall Cabinet,Cabinets,Barley,2025 Cabinet Price List Supplier,223.23,61,,each
BA-W1536,"Barley Wall Cabinet 15""W x 36""H",Barley Wall Cabinet,Cabinets,Barley,2025 Cabinet Price List Supplier,253.24,61,,each
BA-W1542,"Barley Wall Cabinet 15""W x 42""H",Barley Wall Cabinet,Cabinets,Barley,2025 Cabinet Price List Supplier,283.11,61,,each
BA-W1830,"Barley Wall Cabinet 18""W x 30""H",Barley Wall Cabinet,Cabinets,Barley,2025 Cabinet Price List Supplier,256.59,61,,each
BA-W1836,"Barley Wall Cabinet 18""W x 36""H",Barley Wall Cabinet,Cabinets,Barley,2025 Cabinet Price List Supplier,286.61,61,,each
BA-W1842,"Barley Wall Cabinet 18""W x 42""H",Barley Wall Cabinet,Cabinets,Barley,2025 Cabinet Price List Supplier,316.73,61,,each
BA-W2130,"Barley Wall Cabinet 21""W x 30""H",Barley Wall Cabinet,Cabinets,Barley,2025 Cabinet Price List Supplier,287.38,61,,each
BA-W2136,"Barley Wall Cabinet 21""W x 36""H",Barley Wall Cabinet,Cabinets,Barley,2025 Cabinet Price List Supplier,320.29,61,,each
BA-W2142,"Barley Wall Cabinet 21""W x 42""H",Barley Wall Cabinet,Cabinets,Barley,2025 Cabinet Price List Supplier,353.21,61,,each
BA-W2412,"Barley Wall Cabinet 24""W x 12""H",Barley Wall Cabinet,Cabinets,Barley,2025 Cabinet Price List Supplier,201.00,61,,each
BA-W2415,"Barley Wall Cabinet 24""W x 15""H",Barley Wall Cabinet,Cabinets,Barley,2025 Cabinet Price List Supplier,220.00,61,,each
BA-W2418,"Barley Wall Cabinet 24""W x 18""H",Barley Wall Cabinet,Cabinets,Barley,2025 Cabinet Price List Supplier,239.00,61,,each
BA-W2424,"Barley Wall Cabinet 24""W x 24""H",Barley Wall Cabinet,Cabinets,Barley,2025 Cabinet Price List Supplier,307.41,61,,each
BA-W2430,"Barley Wall Cabinet 24""W x 30""H",Barley Wall Cabinet,Cabinets,Barley,2025 Cabinet Price List Supplier,328.25,61,,each
BA-W2436,"Barley Wall Cabinet 24""W x 36""H",Barley Wall Cabinet,Cabinets,Barley,2025 Cabinet Price List Supplier,365.23,61,,each
BA-W2442,"Barley Wall Cabinet 24""W x 42""H",Barley Wall Cabinet,Cabinets,Barley,2025 Cabinet Price List Supplier,394.60,61,,each
BA-W2730,"Barley Wall Cabinet 27""W x 30""H",Barley Wall Cabinet,Cabinets,Barley,2025 Cabinet Price List Supplier,358.77,61,,each
BA-W2736,"Barley Wall Cabinet 27""W x 36""H",Barley Wall Cabinet,Cabinets,Barley,2025 Cabinet Price List Supplier,377.07,61,,each
BA-W2742,"Barley Wall Cabinet 27""W x 42""H",Barley Wall Cabinet,Cabinets,Barley,2025 Cabinet Price List Supplier,395.25,61,,each
BA-W3012,"Barley Wall Cabinet 30""W x 12""H",Barley Wall Cabinet,Cabinets,Barley,2025 Cabinet Price List Supplier,196.33,61,,each
BA-W301224,"Barley Refrigerator Cabinet 30""W x 12""H x 24""D",Barley Refrigerator Cabinet,Cabinets,Barley,2025 Cabinet Price List Supplier,271.71,61,,each
BA-W3015,"Barley Wall Cabinet 30""W x 15""H",Barley Wall Cabinet,Cabinets,Barley,2025 Cabinet Price List Supplier,217.21,61,,each
BA-W301524,"Barley Refrigerator Cabinet 30""W x 15""H x 24""D",Barley Refrigerator Cabinet,Cabinets,Barley,2025 Cabinet Price List Supplier,264.53,61,,each
BA-W3018,"Barley Wall Cabinet 30""W x 18""H",Barley Wall Cabinet,Cabinets,Barley,2025 Cabinet Price List Supplier,232.67,61,,each
BA-W301824,"Barley Refrigerator Cabinet 30""W x 18""H x 24""D",Barley Refrigerator Cabinet,Cabinets,Barley,2025 Cabinet Price List Supplier,305.80,61,,each
BA-W3021,"Barley Wall Cabinet 30""W x 21""H",Barley Wall Cabinet,Cabinets,Barley,2025 Cabinet Price List Supplier,282.00,61,,each
BA-W302124,"Barley Refrigerator Cabinet 30""W x 21""H x 24""D",Barley Refrigerator Cabinet,Cabinets,Barley,2025 Cabinet Price List Supplier,417.00,61,,each
BA-W3024,"Barley Wall Cabinet 30""W x 24""H",Barley Wall Cabinet,Cabinets,Barley,2025 Cabinet Price List Supplier,327.47,61,,each
BA-W302424,"Barley Refrigerator Cabinet 30""W x 24""H x 24""D",Barley Refrigerator Cabinet,Cabinets,Barley,2025 Cabinet Price List Supplier,399.00,61,,each
BA-W3030,"Barley Wall Cabinet 30""W x 30""H",Barley Wall Cabinet,Cabinets,Barley,2025 Cabinet Price List Supplier,389.10,61,,each
BA-W3036,"Barley Wall Cabinet 30""W x 36""H",Barley Wall Cabinet,Cabinets,Barley,2025 Cabinet Price List Supplier,431.97,61,,each
BA-W3042,"Barley Wall Cabinet 30""W x 42""H",Barley Wall Cabinet,Cabinets,Barley,2025 Cabinet Price List Supplier,474.72,61,,each
BA-W3312,"Barley Wall Cabinet 33""W x 12""H",Barley Wall Cabinet,Cabinets,Barley,2025 Cabinet Price List Supplier,223.94,61,,each
BA-W331224,"Barley Refrigerator Cabinet 33""W x 12""H x 24""D",Barley Refrigerator Cabinet,Cabinets,Barley,2025 Cabinet Price List Supplier,280.71,61,,each
BA-W3315,"Barley WALL CABINET 33""W x 15""H",Barley WALL CABINET,Cabinets,Barley,2025 Cabinet Price List Supplier,235.71,61,,each
BA-W331524,"Barley Refrigerator Cabinet 33""W x 15""H x 24""D",Barley Refrigerator Cabinet,Cabinets,Barley,2025 Cabinet Price List Supplier,313.07,61,,each
BA-W3318,"Barley Wall Cabinet 33""W x 18""H",Barley Wall Cabinet,Cabinets,Barley,2025 Cabinet Price List Supplier,248.51,61,,each
BA-W331824,"Barley Refrigerator Cabinet 33""W x 18""H x 24""D",Barley Refrigerator Cabinet,Cabinets,Barley,2025 Cabinet Price List Supplier,321.60,61,,each
BA-W3324,"Barley Wall Cabinet 33""W x 24""H",Barley Wall Cabinet,Cabinets,Barley,2025 Cabinet Price List Supplier,342.87,61,,each
BA-W332424,"Barley Wall Cabinet 33""W x 24""H x 24""D",Barley Wall Cabinet,Cabinets,Barley,2025 Cabinet Price List Supplier,400.00,61,,each
BA-W3330,"Barley Wall Cabinet 33""W x 30""H",Barley Wall Cabinet,Cabinets,Barley,2025 Cabinet Price List Supplier,411.15,61,,each
BA-W3336,"Barley Wall Cabinet 33""W x 36""H",Barley Wall Cabinet,Cabinets,Barley,2025 Cabinet Price List Supplier,465.60,61,,each
BA-W3342,"Barley Wall Cabinet 33""W x 42""H",Barley Wall Cabinet,Cabinets,Barley,2025 Cabinet Price List Supplier,534.54,61,,each
BA-W3612,"Barley Wall Cabinet 36""W x 12""H",Barley Wall Cabinet,Cabinets,Barley,2025 Cabinet Price List Supplier,214.11,61,,each
BA-W361224,"Barley Refrigerator Cabinet 36""W x 12""H x 24""D",Barley Refrigerator Cabinet,Cabinets,Barley,2025 Cabinet Price List Supplier,289.71,61,,each
BA-W3615,"Barley Wall Cabinet 36""W x 15""H",Barley Wall Cabinet,Cabinets,Barley,2025 Cabinet Price List Supplier,249.80,61,,each
BA-W361524,"Barley Refrigerator Cabinet 36""W x 15""H x 24""D",Barley Refrigerator Cabinet,Cabinets,Barley,2025 Cabinet Price List Supplier,322.04,61,,each
BA-W3618,"Barley Wall Cabinet 36""W x 18""H",Barley Wall Cabinet,Cabinets,Barley,2025 Cabinet Price List Supplier,279.43,61,,each
BA-W361824,"Barley Refrigerator Cabinet 36""W x 18""H x 24""D",Barley Refrigerator Cabinet,Cabinets,Barley,2025 Cabinet Price List Supplier,352.30,61,,each
BA-W3621,"Barley Wall Cabinet 36""W x 21""H",Barley Wall Cabinet,Cabinets,Barley,2025 Cabinet Price List Supplier,322.00,61,,each
BA-W3621-24,"Barley Refrigerator Cabinet 36""W x 21""H",Barley Refrigerator Cabinet,Cabinets,Barley,2025 Cabinet Price List Supplier,455.00,61,,each
BA-W3624,"Barley Wall cabinet 36""W x 24""H",Barley Wall cabinet,Cabinets,Barley,2025 Cabinet Price List Supplier,360.13,61,,each
BA-W362424,"Barley Refrigerator Cabinet 36""W x 24""H x 24""D",Barley Refrigerator Cabinet,Cabinets,Barley,2025 Cabinet Price List Supplier,458.94,61,,each
BA-W3630,"Barley Wall Cabinet 36""W x 30""H",Barley Wall Cabinet,Cabinets,Barley,2025 Cabinet Price List Supplier,440.64,61,,each
BA-W3636,"Barley Wall Cabinet 36""W x 36""H",Barley Wall Cabinet,Cabinets,Barley,2025 Cabinet Price List Supplier,498.90,61,,each
BA-W3642,"Barley Wall Cabinet 36""W x 42""H",Barley Wall Cabinet,Cabinets,Barley,2025 Cabinet Price List Supplier,571.07,61,,each
BA-WDC2430,"Barley Wall Diagonal Cabinet 24""W x 30""H",Barley Wall Diagonal Cabinet,Cabinets,Barley,2025 Cabinet Price List Supplier,404.56,61,,each
BA-WDC2436,"Barley Wall Diagonal Cabinet 24""W x 36""H",Barley Wall Diagonal Cabinet,Cabinets,Barley,2025 Cabinet Price List Supplier,452.86,61,,each
BA-WDC2442,"Barley Wall Diagonal Cabinet 24""W x 42""H",Barley Wall Diagonal Cabinet,Cabinets,Barley,2025 Cabinet Price List Supplier,497.48,61,,each
BA-WDC273615,"Barley Wall Diagonal Cabinet 27""W x 36""H x 15""D",Barley Wall Diagonal Cabinet,Cabinets,Barley,2025 Cabinet Price List Supplier,533.18,61,,each
BA-WDC274215,"Barley Wall Diagonal Cabinet 27""W x 42""H x 15""D",Barley Wall Diagonal Cabinet,Cabinets,Barley,2025 Cabinet Price List Supplier,579.99,61,,each
BA-WEC1230,"Barley Wall End Angle Cabinet 12""W x 30""H",Barley Wall End Angle Cabinet,Cabinets,Barley,2025 Cabinet Price List Supplier,226.85,61,,each
BA-WEC1236,"Barley Wall End Angle Cabinet 12""W x 36""H",Barley Wall End Angle Cabinet,Cabinets,Barley,2025 Cabinet Price List Supplier,256.01,61,,each
BA-WEC1242,"Barley Angled Wall Cabinet 12""W x 42""H",Barley Angled Wall Cabinet,Cabinets,Barley,2025 Cabinet Price List Supplier,282.01,61,,each
BA-WES0930,"Barley Wall End Shelf Cabinet 9""W x 30""H",Barley Wall End Shelf Cabinet,Cabinets,Barley,2025 Cabinet Price List Supplier,156.88,61,,each
BA-WES0936,"Barley Wall End Shelf Cabinet 9""W x 36""H",Barley Wall End Shelf Cabinet,Cabinets,Barley,2025 Cabinet Price List Supplier,185.85,61,,each
BA-WES0942,"Barley WALL END SHELF 9""W x 42""H",Barley WALL END SHELF,Cabinets,Barley,2025 Cabinet Price List Supplier,218.25,61,,each
BA-WF1.5X96,"Barley Tall Filler 1.5""W x 96""H",Barley Tall Filler,Cabinets,Barley,2025 Cabinet Price List Supplier,61.00,61,,each
BA-WF330,"Barley Wall Filler 3""x30""","Barley Wall Filler 3""x30""",Cabinets,Barley,2025 Cabinet Price List Supplier,24.25,61,,each
BA-WF336,"Barley Wall Filler 3x36""","Barley Wall Filler 3x36""",Cabinets,Barley,2025 Cabinet Price List Supplier,28.78,61,,each
BA-WF342,"Barley Wall Filler 3""W x 42""H",Barley Wall Filler,Cabinets,Barley,2025 Cabinet Price List Supplier,33.56,61,,each
BA-WF396,"Barley 3X96 Long Filler 3""W x 96""H",Barley 3X96 Long Filler,Cabinets,Barley,2025 Cabinet Price List Supplier,69.13,61,,each
BA-WF630,"Barley WALL FILLER 6X30 6""W x 30""H",Barley WALL FILLER 6X30,Cabinets,Barley,2025 Cabinet Price List Supplier,47.72,61,,each
BA-WF636,"Barley Wall Filler 6""x36""","Barley Wall Filler 6""x36""",Cabinets,Barley,2025 Cabinet Price List Supplier,54.32,61,,each
BA-WF642,"Barley Wall Filler 6""W x 42""H",Barley Wall Filler,Cabinets,Barley,2025 Cabinet Price List Supplier,61.05,61,,each
BA-WF696,"Barley Long Filler 6""x96""","Barley Long Filler 6""x96""",Cabinets,Barley,2025 Cabinet Price List Supplier,133.80,61,,each
BA-WLS2430,"Barley Wall Corner Bi-Fold Door Cabinet 24""W x 30""H",Barley Wall Corner Bi-Fold Door Cabinet,Cabinets,Barley,2025 Cabinet Price List Supplier,407.00,61,,each
BA-WLS2436,"Barley Wall Corner Bi-Fold Door Cabinet 24""W x 36""H",Barley Wall Corner Bi-Fold Door Cabinet,Cabinets,Barley,2025 Cabinet Price List Supplier,456.00,61,,each
BA-WLS2442,"Barley Wall Corner Bi-Fold Door Cabinet 24""W x 42""H",Barley Wall Corner Bi-Fold Door Cabinet,Cabinets,Barley,2025 Cabinet Price List Supplier,500.00,61,,each
BA-WMC3030,"Barley Microwave Cabinet 30""W x 30""H",Barley Microwave Cabinet,Cabinets,Barley,2025 Cabinet Price List Supplier,450.08,61,,each
BA-WMC3036,"Barley Microwave Cabinet 30""W x 36""H",Barley Microwave Cabinet,Cabinets,Barley,2025 Cabinet Price List Supplier,468.44,61,,each
BA-WMC3042,"Barley Microwave Cabinet 30""W x 42""H",Barley Microwave Cabinet,Cabinets,Barley,2025 Cabinet Price List Supplier,494.57,61,,each
BA-WP1884,"Barley Tall Pantry 18""W x 84""H",Barley Tall Pantry,Cabinets,Barley,2025 Cabinet Price List Supplier,789.97,61,,each
BA-WP1890,"Barley Tall Pantry 18""W x 90""H",Barley Tall Pantry,Cabinets,Barley,2025 Cabinet Price List Supplier,841.18,61,,each
BA-WP1896,"Barley Tall Pantry 18""W x 96""H",Barley Tall Pantry,Cabinets,Barley,2025 Cabinet Price List Supplier,892.53,61,,each
BA-WP2484,"Barley Tall Pantry 24""W x 84""H",Barley Tall Pantry,Cabinets,Barley,2025 Cabinet Price List Supplier,858.06,61,,each
BA-WP2490,"Barley Tall Pantry 24""W x 90""H",Barley Tall Pantry,Cabinets,Barley,2025 Cabinet Price List Supplier,895.77,61,,each
BA-WP2496,"Barley Tall Pantry 24""W x 96""H",Barley Tall Pantry,Cabinets,Barley,2025 Cabinet Price List Supplier,959.26,61,,each
BA-WP3084,"Barley Tall Pantry 30""W x 84""H",Barley Tall Pantry,Cabinets,Barley,2025 Cabinet Price List Supplier,890.00,61,,each
BA-WP3090,"Barley Tall Pantry 30""W x 90""H",Barley Tall Pantry,Cabinets,Barley,2025 Cabinet Price List Supplier,943.00,61,,each
BA-WP3096,"Barley Tall Pantry 30""W x 96""H",Barley Tall Pantry,Cabinets,Barley,2025 Cabinet Price List Supplier,992.00,61,,each
BLS-TRAYS,"LAZY SUSAN TRAYS FOR 33"" AND 36""","LAZY SUSAN TRAYS FOR 33"" AND 36""",Cabinets,,2025 Cabinet Price List Supplier,135.00,61,,each
CM-30GR,"Crystal Maple (Crystal Maple)Glass Rack 30""W",(Crystal Maple)Glass Rack,Cabinets,Crystal Maple,2025 Cabinet Price List Supplier,57.93,61,,each
CM-30WR,"Crystal Maple (Crystal Maple)Wine Rack 30""W",(Crystal Maple)Wine Rack,Cabinets,Crystal Maple,2025 Cabinet Price List Supplier,226.47,61,,each
CM-36GR,"Crystal Maple (Crystal Maple)Glass Rack 36""W",(Crystal Maple)Glass Rack,Cabinets,Crystal Maple,2025 Cabinet Price List Supplier,78.67,61,,each
CM-36WR,"Crystal Maple (Crystal Maple)Wine Rack 36""W",(Crystal Maple)Wine Rack,Cabinets,Crystal Maple,2025 Cabinet Price List Supplier,274.67,61,,each
CM-ACM8-2,Crystal Maple (Crystal Maple)Crown Molding,(Crystal Maple)Crown Molding,Cabinets,Crystal Maple,2025 Cabinet Price List Supplier,154.00,61,,each
CM-B09,"Crystal Maple (Crystal Maple)Base Cabinet 9""W",(Crystal Maple)Base Cabinet,Cabinets,Crystal Maple,2025 Cabinet Price List Supplier,217.07,61,,each
CM-B12,"Crystal Maple (Crystal Maple)Base Cabinet 12""W",(Crystal Maple)Base Cabinet,Cabinets,Crystal Maple,2025 Cabinet Price List Supplier,285.00,61,,each
CM-B15,"Crystal Maple (Crystal Maple)Base Cabinet 15""W",(Crystal Maple)Base Cabinet,Cabinets,Crystal Maple,2025 Cabinet Price List Supplier,340.00,61,,each
CM-B18,"Crystal Maple (Crystal Maple)Base Cabinet 18""W",(Crystal Maple)Base Cabinet,Cabinets,Crystal Maple,2025 Cabinet Price List Supplier,397.67,61,,each
CM-B21,"Crystal Maple (Crystal Maple)Base Cabinet 21""W",(Crystal Maple)Base Cabinet,Cabinets,Crystal Maple,2025 Cabinet Price List Supplier,432.67,61,,each
CM-B24,"Crystal Maple (Crystal Maple)Base Cabinet 24""W",(Crystal Maple)Base Cabinet,Cabinets,Crystal Maple,2025 Cabinet Price List Supplier,477.53,61,,each
CM-B27,"Crystal Maple (Crystal Maple)Base Cabinet 27""W",(Crystal Maple)Base Cabinet,Cabinets,Crystal Maple,2025 Cabinet Price List Supplier,515.00,61,,each
CM-B30,"Crystal Maple (Crystal Maple)Base Cabinet 30""W",(Crystal Maple)Base Cabinet,Cabinets,Crystal Maple,2025 Cabinet Price List Supplier,605.13,61,,each
CM-B33,"Crystal Maple (Crystal Maple)Base Cabinet 33""W",(Crystal Maple)Base Cabinet,Cabinets,Crystal Maple,2025 Cabinet Price List Supplier,644.07,61,,each
CM-B36,"Crystal Maple (Crystal Maple)Base Cabinet 36""W",(Crystal Maple)Base Cabinet,Cabinets,Crystal Maple,2025 Cabinet Price List Supplier,682.87,61,,each
CM-BBC39,"Crystal Maple (Crystal Maple)Blind Corner Cabinet 39""W",(Crystal Maple)Blind Corner Cabinet,Cabinets,Crystal Maple,2025 Cabinet Price List Supplier,518.00,61,,each
CM-BBC42,"Crystal Maple (Crystal Maple)Blind Corner Cabinet 42""W",(Crystal Maple)Blind Corner Cabinet,Cabinets,Crystal Maple,2025 Cabinet Price List Supplier,679.93,61,,each
CM-BCB150,Crystal Maple (Crystal Maple)Chair Rail Molding,(Crystal Maple)Chair Rail Molding,Cabinets,Crystal Maple,2025 Cabinet Price List Supplier,31.20,61,,each
CM-BEA12-L,"Crystal Maple (Crystal Maple)Base Angled Cabinet 12""W",(Crystal Maple)Base Angled Cabinet,Cabinets,Crystal Maple,2025 Cabinet Price List Supplier,400.00,61,,each
CM-BEA12-R,"Crystal Maple (Crystal Maple)Base Angled Cabinet 12""W",(Crystal Maple)Base Angled Cabinet,Cabinets,Crystal Maple,2025 Cabinet Price List Supplier,400.00,61,,each
CM-BEC24,"Crystal Maple (Crystal Maple)Base Angled Cabinet 24""W",(Crystal Maple)Base Angled Cabinet,Cabinets,Crystal Maple,2025 Cabinet Price List Supplier,605.60,61,,each
CM-BES09,"Crystal Maple (Crystal Maple)Base End Shelf 9""W",(Crystal Maple)Base End Shelf,Cabinets,Crystal Maple,2025 Cabinet Price List Supplier,347.60,61,,each
CM-BLS33N,"Crystal Maple (Crystal Maple)Lazy Susan Cabinet, Shelf only. No Trays. 33""W","(Crystal Maple)Lazy Susan Cabinet, Shelf only. No Trays.",Cabinets,Crystal Maple,2025 Cabinet Price List Supplier,773.07,61,,each
CM-BLS36N,"Crystal Maple (Crystal Maple)Lazy Susan Cabinet, shelf only, No Trays. 36""W","(Crystal Maple)Lazy Susan Cabinet, shelf only, No Trays.",Cabinets,Crystal Maple,2025 Cabinet Price List Supplier,833.80,61,,each
CM-BM8-4.5,Crystal Maple (Crystal Maple)Base Molding,(Crystal Maple)Base Molding,Cabinets,Crystal Maple,2025 Cabinet Price List Supplier,101.93,61,,each
CM-BMC30,"Crystal Maple (Crystal Maple)Base Microwave Cabinet 30""W",(Crystal Maple)Base Microwave Cabinet,Cabinets,Crystal Maple,2025 Cabinet Price List Supplier,580.00,61,,each
CM-BP3696,"Crystal Maple (Crystal Maple)Back Panel 36x96x1/4 36""W x 96""H",(Crystal Maple)Back Panel 36x96x1/4,Cabinets,Crystal Maple,2025 Cabinet Price List Supplier,138.47,61,,each
CM-BP4896,"Crystal Maple (Crystal Maple)Back Panel 48x96x1/4 48""W x 96""H",(Crystal Maple)Back Panel 48x96x1/4,Cabinets,Crystal Maple,2025 Cabinet Price List Supplier,183.00,61,,each
CM-BSR06,"Crystal Maple (Crystal Maple)Spice Rack Cabinet 6""W",(Crystal Maple)Spice Rack Cabinet,Cabinets,Crystal Maple,2025 Cabinet Price List Supplier,280.00,61,,each
CM-BSR09,"Crystal Maple (Crystal Maple)Spice Rack Cabinet 9""W",(Crystal Maple)Spice Rack Cabinet,Cabinets,Crystal Maple,2025 Cabinet Price List Supplier,293.33,61,,each
CM-BSR12,"Crystal Maple (Crystal Maple) Spice Rack Cabinet 12""","(Crystal Maple) Spice Rack Cabinet 12""",Cabinets,Crystal Maple,2025 Cabinet Price List Supplier,330.00,61,,each
CM-CCM8-1,Crystal Maple (Crystal Maple)Crown Molding,(Crystal Maple)Crown Molding,Cabinets,Crystal Maple,2025 Cabinet Price List Supplier,101.93,61,,each
CM-CCM8-2,Crystal Maple (Crystal Maple)Crown Molding,(Crystal Maple)Crown Molding,Cabinets,Crystal Maple,2025 Cabinet Price List Supplier,154.00,61,,each
CM-CORBEL-1,Crystal Maple (Crystal Maple)Corbel,(Crystal Maple)Corbel,Cabinets,Crystal Maple,2025 Cabinet Price List Supplier,216.93,61,,each
CM-CSB36,"Crystal Maple (Crystal Maple)Corner Sink Base 36""W",(Crystal Maple)Corner Sink Base,Cabinets,Crystal Maple,2025 Cabinet Price List Supplier,803.73,61,,each
CM-D1230W,"Crystal Maple (Crystal Maple) Wall End Decorative Door 12""W x 30""H",(Crystal Maple) Wall End Decorative Door,Cabinets,Crystal Maple,2025 Cabinet Price List Supplier,90.47,61,,each
CM-D1236W,"Crystal Maple (Crystal Maple)Wall End Decorative Door 12""W x 36""H",(Crystal Maple)Wall End Decorative Door,Cabinets,Crystal Maple,2025 Cabinet Price List Supplier,108.87,61,,each
CM-D1242W,"Crystal Maple Crystal Maple)Wall End Decorative Door 12""W x 42""H",Crystal Maple)Wall End Decorative Door,Cabinets,Crystal Maple,2025 Cabinet Price List Supplier,127.27,61,,each
CM-D1249W,"Crystal Maple (Crystal Maple)Pantry Side Decorative Door 12""W x 49""H",(Crystal Maple)Pantry Side Decorative Door,Cabinets,Crystal Maple,2025 Cabinet Price List Supplier,168.00,61,,each
CM-D2430B,"Crystal Maple (Crystal Maple)Decorative Door for Base Cabinet 24""W x 30""H",(Crystal Maple)Decorative Door for Base Cabinet,Cabinets,Crystal Maple,2025 Cabinet Price List Supplier,187.80,61,,each
CM-DB12-3,"Crystal Maple (Crystal Maple)Drawer Base Cabinet 12""W",(Crystal Maple)Drawer Base Cabinet,Cabinets,Crystal Maple,2025 Cabinet Price List Supplier,461.40,61,,each
CM-DB15-3,"Crystal Maple (Crystal Maple)Drawer Base Cabinet 15""W",(Crystal Maple)Drawer Base Cabinet,Cabinets,Crystal Maple,2025 Cabinet Price List Supplier,516.53,61,,each
CM-DB18-3,"Crystal Maple (Crystal Maple)Drawer Base Cabinet 18""W",(Crystal Maple)Drawer Base Cabinet,Cabinets,Crystal Maple,2025 Cabinet Price List Supplier,571.60,61,,each
CM-DB21-3,"Crystal Maple (Crystal Maple)Drawer Base Cabinet 21""W",(Crystal Maple)Drawer Base Cabinet,Cabinets,Crystal Maple,2025 Cabinet Price List Supplier,631.73,61,,each
CM-DB24-3,"Crystal Maple (Crystal Maple)Drawer Base Cabinet 24""W",(Crystal Maple)Drawer Base Cabinet,Cabinets,Crystal Maple,2025 Cabinet Price List Supplier,687.80,61,,each
CM-DB30-3,"Crystal Maple (Crystal Maple)Drawer Base Cabinet 30""W",(Crystal Maple)Drawer Base Cabinet,Cabinets,Crystal Maple,2025 Cabinet Price List Supplier,733.93,61,,each
CM-DB36-3,"Crystal Maple (Crystal Maple)Drawer Base Cabinet 36""W",(Crystal Maple)Drawer Base Cabinet,Cabinets,Crystal Maple,2025 Cabinet Price List Supplier,786.40,61,,each
CM-DMI,Crystal Maple (Crystal Maple)Dentil Insert,(Crystal Maple)Dentil Insert,Cabinets,Crystal Maple,2025 Cabinet Price List Supplier,14.67,61,,each
CM-DWR-3,Crystal Maple (Crystal Maple)Dish Washer Panel,(Crystal Maple)Dish Washer Panel,Cabinets,Crystal Maple,2025 Cabinet Price List Supplier,88.47,61,,each
CM-FB3X3,Crystal Maple (Crystal Maple)Rossette,(Crystal Maple)Rossette,Cabinets,Crystal Maple,2025 Cabinet Price List Supplier,10.53,61,,each
CM-FSB36,"Crystal Maple (Crystal Maple)Farm Sink Base 36""W",(Crystal Maple)Farm Sink Base,Cabinets,Crystal Maple,2025 Cabinet Price List Supplier,594.00,61,,each
CM-GD1230,"Crystal Maple (Crystal Maple)Mullion door with clear glass 12""W x 30""H",(Crystal Maple)Mullion door with clear glass,Cabinets,Crystal Maple,2025 Cabinet Price List Supplier,105.61,61,,each
CM-GD1236,"Crystal Maple (Crystal Maple)Mullion Door with Clear Glass 12""W x 36""H",(Crystal Maple)Mullion Door with Clear Glass,Cabinets,Crystal Maple,2025 Cabinet Price List Supplier,117.39,61,,each
CM-GD1242,"Crystal Maple (Crystal Maple)Mullion Door with Clear Glass 12""W x 42""H",(Crystal Maple)Mullion Door with Clear Glass,Cabinets,Crystal Maple,2025 Cabinet Price List Supplier,129.17,61,,each
CM-GD1530,"Crystal Maple (Crystal Maple)Mullion Door with Clear Glass 15""W x 30""H",(Crystal Maple)Mullion Door with Clear Glass,Cabinets,Crystal Maple,2025 Cabinet Price List Supplier,123.02,61,,each
CM-GD1536,"Crystal Maple (Crystal Maple)Mullion Door with Clear Glass 15""W x 36""H",(Crystal Maple)Mullion Door with Clear Glass,Cabinets,Crystal Maple,2025 Cabinet Price List Supplier,134.80,61,,each
CM-GD1542,"Crystal Maple (Crystal Maple)Mullion Door with Clear Glass 15""W x 42""H",(Crystal Maple)Mullion Door with Clear Glass,Cabinets,Crystal Maple,2025 Cabinet Price List Supplier,147.62,61,,each
CM-GD1830,"Crystal Maple (Crystal Maple)Mullion Door with Clear Glass 18""W x 30""H",(Crystal Maple)Mullion Door with Clear Glass,Cabinets,Crystal Maple,2025 Cabinet Price List Supplier,141.98,61,,each
CM-GD1836,"Crystal Maple (Crystal Maple) Mullion Door with Clear Glass 18""W x 36""H",(Crystal Maple) Mullion Door with Clear Glass,Cabinets,Crystal Maple,2025 Cabinet Price List Supplier,153.64,61,,each
CM-GD1842,"Crystal Maple (Crystal Maple)Mullion Door with Clear Glass 18""W x 42""H",(Crystal Maple)Mullion Door with Clear Glass,Cabinets,Crystal Maple,2025 Cabinet Price List Supplier,168.43,61,,each
CM-HC30,"Crystal Maple (Crystal Maple)Hood Cover 30""W",(Crystal Maple)Hood Cover,Cabinets,Crystal Maple,2025 Cabinet Price List Supplier,688.00,61,,each
CM-HC36,"Crystal Maple (Crystal Maple)Knee Drawer 36""W",(Crystal Maple)Knee Drawer,Cabinets,Crystal Maple,2025 Cabinet Price List Supplier,732.00,61,,each
CM-OC3384,"Crystal Maple (Crystal Maple)Oven Cabinet 33""W x 84""H",(Crystal Maple)Oven Cabinet,Cabinets,Crystal Maple,2025 Cabinet Price List Supplier,1127.80,61,,each
CM-OC3390,"Crystal Maple (Crystal Maple)Oven Cabinet 33""W x 90""H",(Crystal Maple)Oven Cabinet,Cabinets,Crystal Maple,2025 Cabinet Price List Supplier,1139.53,61,,each
CM-OC3396,"Crystal Maple (Crystal Maple)Oven Cabinet 33""W x 96""H",(Crystal Maple)Oven Cabinet,Cabinets,Crystal Maple,2025 Cabinet Price List Supplier,1282.60,61,,each
CM-OCM8,Crystal Maple (Crystal Maple)Outside Corner Molding,(Crystal Maple)Outside Corner Molding,Cabinets,Crystal Maple,2025 Cabinet Price List Supplier,22.00,61,,each
CM-OGM8,Crystal Maple (Crystal Maple)Ogee Molding,(Crystal Maple)Ogee Molding,Cabinets,Crystal Maple,2025 Cabinet Price List Supplier,78.53,61,,each
CM-PCVFF396,"Crystal Maple (Crystal Maple)Fluted Filler 39""W",(Crystal Maple)Fluted Filler,Cabinets,Crystal Maple,2025 Cabinet Price List Supplier,77.87,61,,each
CM-QR8,Crystal Maple (Crystal Maple)Quarter Round,(Crystal Maple)Quarter Round,Cabinets,Crystal Maple,2025 Cabinet Price List Supplier,31.20,61,,each
CM-RMI,Crystal Maple (Crystal Maple)Rope Insert,(Crystal Maple)Rope Insert,Cabinets,Crystal Maple,2025 Cabinet Price List Supplier,14.67,61,,each
CM-RRP9624,"Crystal Maple (Crystal Maple)Refrigerator Panel with 3"" return","(Crystal Maple)Refrigerator Panel with 3"" return",Cabinets,Crystal Maple,2025 Cabinet Price List Supplier,187.00,61,,each
CM-SB24,"Crystal Maple (Crystal Maple)Sink Base Cabinet 24""W",(Crystal Maple)Sink Base Cabinet,Cabinets,Crystal Maple,2025 Cabinet Price List Supplier,337.67,61,,each
CM-SB27,"Crystal Maple (Crystal Maple)Sink Base Cabinet 27""W",(Crystal Maple)Sink Base Cabinet,Cabinets,Crystal Maple,2025 Cabinet Price List Supplier,376.87,61,,each
CM-SB30,"Crystal Maple (Crystal Maple)Sink Base Cabinet 30""W",(Crystal Maple)Sink Base Cabinet,Cabinets,Crystal Maple,2025 Cabinet Price List Supplier,421.87,61,,each
CM-SB33,"Crystal Maple (Crystal Maple)Sink Base Cabinet 33""W",(Crystal Maple)Sink Base Cabinet,Cabinets,Crystal Maple,2025 Cabinet Price List Supplier,500.33,61,,each
CM-SB36,"Crystal Maple (Crystal Maple)Sink Base Cabinet 36""W",(Crystal Maple)Sink Base Cabinet,Cabinets,Crystal Maple,2025 Cabinet Price List Supplier,534.73,61,,each
CM-SD,Crystal Maple (Crystal Maple)Sample Door,(Crystal Maple)Sample Door,Cabinets,Crystal Maple,2025 Cabinet Price List Supplier,40.00,61,,each
CM-SM8,Crystal Maple (Crystal Maple)Scribe Molding,(Crystal Maple)Scribe Molding,Cabinets,Crystal Maple,2025 Cabinet Price List Supplier,14.67,61,,each
CM-SPOOL-1,Crystal Maple (Crystal Maple) Full Post,(Crystal Maple) Full Post,Cabinets,Crystal Maple,2025 Cabinet Price List Supplier,187.67,61,,each
CM-SS-30,Crystal Maple (Crystal Maple)SPLIT SPOOL,(Crystal Maple)SPLIT SPOOL,Cabinets,Crystal Maple,2025 Cabinet Price List Supplier,93.84,61,,each
CM-TK8,Crystal Maple (Crystal Maple)Toe Kick,(Crystal Maple)Toe Kick,Cabinets,Crystal Maple,2025 Cabinet Price List Supplier,18.00,61,,each
CM-TLR-1,Crystal Maple (Crystal Maple)Light Rail Molding,(Crystal Maple)Light Rail Molding,Cabinets,Crystal Maple,2025 Cabinet Price List Supplier,71.33,61,,each
CM-TOUCH UP KIT,Crystal Maple (Crystal Maple) Touch up Kit,(Crystal Maple) Touch up Kit,Cabinets,Crystal Maple,2025 Cabinet Price List Supplier,39.56,61,,each
CM-UREP,"Crystal Maple (Crystal Maple)Universal Refrigerator Panel 30""x96""x3/4""","(Crystal Maple)Universal Refrigerator Panel 30""x96""x3/4""",Cabinets,Crystal Maple,2025 Cabinet Price List Supplier,286.00,61,,each
CM-V36,"Crystal Maple (Crystal Maple)Valance 36""W",(Crystal Maple)Valance,Cabinets,Crystal Maple,2025 Cabinet Price List Supplier,38.20,61,,each
CM-V42,"Crystal Maple (Crystal Maple)Valance 42""W",(Crystal Maple)Valance,Cabinets,Crystal Maple,2025 Cabinet Price List Supplier,45.13,61,,each
CM-V48,"Crystal Maple (Crystal Maple)Valance 48""W",(Crystal Maple)Valance,Cabinets,Crystal Maple,2025 Cabinet Price List Supplier,52.13,61,,each
CM-V60,"Crystal Maple (Crystal Maple)Valance 60""W",(Crystal Maple)Valance,Cabinets,Crystal Maple,2025 Cabinet Price List Supplier,67.33,61,,each
CM-VAL3612,"Crystal Maple (Crystal Maple)Big Valance 36""W x 12""H",(Crystal Maple)Big Valance,Cabinets,Crystal Maple,2025 Cabinet Price List Supplier,132.00,61,,each
CM-VAL4212,"Crystal Maple (Crystal Maple)Big Valance 42""W x 12""H",(Crystal Maple)Big Valance,Cabinets,Crystal Maple,2025 Cabinet Price List Supplier,143.00,61,,each
CM-VAL4812,"Crystal Maple (Crystal Maple)Big Valance 48""W x 12""H",(Crystal Maple)Big Valance,Cabinets,Crystal Maple,2025 Cabinet Price List Supplier,198.00,61,,each
CM-W0930,"Crystal Maple (Crystal Maple)Wall Cabinet 9""W x 30""H",(Crystal Maple)Wall Cabinet,Cabinets,Crystal Maple,2025 Cabinet Price List Supplier,170.13,61,,each
CM-W0936,"Crystal Maple (Crystal Maple)Wall Cabinet 9""W x 36""H",(Crystal Maple)Wall Cabinet,Cabinets,Crystal Maple,2025 Cabinet Price List Supplier,195.20,61,,each
CM-W0942,"Crystal Maple (Crystal Maple)Wall Cabinet 9""W x 42""H",(Crystal Maple)Wall Cabinet,Cabinets,Crystal Maple,2025 Cabinet Price List Supplier,220.27,61,,each
CM-W1230,"Crystal Maple (Crystal Maple)Wall Cabinet 12""W x 30""H",(Crystal Maple)Wall Cabinet,Cabinets,Crystal Maple,2025 Cabinet Price List Supplier,197.87,61,,each
CM-W1236,"Crystal Maple (Crystal Maple)Wall Cabinet 12""W x 36""H",(Crystal Maple)Wall Cabinet,Cabinets,Crystal Maple,2025 Cabinet Price List Supplier,225.53,61,,each
CM-W1242,"Crystal Maple (Crystal Maple)Wall Cabinet 12""W x 42""H",(Crystal Maple)Wall Cabinet,Cabinets,Crystal Maple,2025 Cabinet Price List Supplier,255.20,61,,each
CM-W1530,"Crystal Maple (Crystal Maple)Wall Cabinet 15""W x 30""H",(Crystal Maple)Wall Cabinet,Cabinets,Crystal Maple,2025 Cabinet Price List Supplier,230.13,61,,each
CM-W1536,"Crystal Maple (Crystal Maple) Wall Cabinet 15""W x 36""H",(Crystal Maple) Wall Cabinet,Cabinets,Crystal Maple,2025 Cabinet Price List Supplier,261.07,61,,each
CM-W1542,"Crystal Maple (Crystal Maple)Wall Cabinet 15""W x 42""H",(Crystal Maple)Wall Cabinet,Cabinets,Crystal Maple,2025 Cabinet Price List Supplier,291.87,61,,each
CM-W1830,"Crystal Maple (Crystal Maple)Wall Cabinet 18""W x 30""H",(Crystal Maple)Wall Cabinet,Cabinets,Crystal Maple,2025 Cabinet Price List Supplier,264.53,61,,each
CM-W1836,"Crystal Maple (Crystal Maple)Wall Cabinet 18""W x 36""H",(Crystal Maple)Wall Cabinet,Cabinets,Crystal Maple,2025 Cabinet Price List Supplier,295.47,61,,each
CM-W1842,"Crystal Maple (Crystal Maple)Wall Cabinet 18""W x 42""H",(Crystal Maple)Wall Cabinet,Cabinets,Crystal Maple,2025 Cabinet Price List Supplier,326.53,61,,each
CM-W2130,"Crystal Maple (Crystal Maple)Wall Cabinet 21""W x 30""H",(Crystal Maple)Wall Cabinet,Cabinets,Crystal Maple,2025 Cabinet Price List Supplier,296.27,61,,each
CM-W2136,"Crystal Maple (Crystal Maple)Wall Cabinet 21""W x 36""H",(Crystal Maple)Wall Cabinet,Cabinets,Crystal Maple,2025 Cabinet Price List Supplier,330.20,61,,each
CM-W2142,"Crystal Maple (Crystal Maple)Wall Cabinet 21""W x 42""H",(Crystal Maple)Wall Cabinet,Cabinets,Crystal Maple,2025 Cabinet Price List Supplier,364.13,61,,each
CM-W2412,"Crystal Maple (Crystal Maple)Wall Cabinet 24""W x 12""H",(Crystal Maple)Wall Cabinet,Cabinets,Crystal Maple,2025 Cabinet Price List Supplier,205.00,61,,each
CM-W2415,"Crystal Maple (Crystal Maple)Wall Cabinet 24""W x 15""H",(Crystal Maple)Wall Cabinet,Cabinets,Crystal Maple,2025 Cabinet Price List Supplier,224.00,61,,each
CM-W2418,"Crystal Maple (Crystal Maple)Wall Cabinet 24""W x 18""H",(Crystal Maple)Wall Cabinet,Cabinets,Crystal Maple,2025 Cabinet Price List Supplier,243.00,61,,each
CM-W2424,"Crystal Maple (Crystal Maple)Wall Cabinet 24""W x 24""H",(Crystal Maple)Wall Cabinet,Cabinets,Crystal Maple,2025 Cabinet Price List Supplier,313.50,61,,each
CM-W2430,"Crystal Maple (Crystal Maple)Wall Cabinet 24""W x 30""H",(Crystal Maple)Wall Cabinet,Cabinets,Crystal Maple,2025 Cabinet Price List Supplier,338.40,61,,each
CM-W2436,"Crystal Maple (Crystal Maple)Wall Cabinet 24""W x 36""H",(Crystal Maple)Wall Cabinet,Cabinets,Crystal Maple,2025 Cabinet Price List Supplier,376.53,61,,each
CM-W2442,"Crystal Maple (Crystal Maple)Wall Cabinet 24""W x 42""H",(Crystal Maple)Wall Cabinet,Cabinets,Crystal Maple,2025 Cabinet Price List Supplier,406.80,61,,each
CM-W2730,"Crystal Maple (Crystal Maple)Wall Cabinet 27""W x 30""H",(Crystal Maple)Wall Cabinet,Cabinets,Crystal Maple,2025 Cabinet Price List Supplier,369.87,61,,each
CM-W2736,"Crystal Maple (Crystal Maple)Wall Cabinet 27""W x 36""H",(Crystal Maple)Wall Cabinet,Cabinets,Crystal Maple,2025 Cabinet Price List Supplier,388.73,61,,each
CM-W2742,"Crystal Maple (Crystal Maple)Wall Cabinet 27""W x 42""H",(Crystal Maple)Wall Cabinet,Cabinets,Crystal Maple,2025 Cabinet Price List Supplier,407.47,61,,each
CM-W3012,"Crystal Maple (Crystal Maple)Wall Cabinet 30""W x 12""H",(Crystal Maple)Wall Cabinet,Cabinets,Crystal Maple,2025 Cabinet Price List Supplier,202.40,61,,each
CM-W301224,"Crystal Maple (Crystal Maple)Refrigerator Wall Cabinet 30""W x 12""H x 24""D",(Crystal Maple)Refrigerator Wall Cabinet,Cabinets,Crystal Maple,2025 Cabinet Price List Supplier,280.67,61,,each
CM-W3015,"Crystal Maple (Crystal Maple)Wall Cabinet 30""W x 15""H",(Crystal Maple)Wall Cabinet,Cabinets,Crystal Maple,2025 Cabinet Price List Supplier,223.93,61,,each
CM-W301524,"Crystal Maple (Crystal Maple)Refrigerator Wall Cabinet 30""W x 15""H x 24""D",(Crystal Maple)Refrigerator Wall Cabinet,Cabinets,Crystal Maple,2025 Cabinet Price List Supplier,314.00,61,,each
CM-W3018,"Crystal Maple (Crystal Maple)Wall Cabinet 30""W x 18""H",(Crystal Maple)Wall Cabinet,Cabinets,Crystal Maple,2025 Cabinet Price List Supplier,239.87,61,,each
CM-W301824,"Crystal Maple (Crystal Maple)Refrigerator Wall Cabinet 30""W x 18""H x 24""D",(Crystal Maple)Refrigerator Wall Cabinet,Cabinets,Crystal Maple,2025 Cabinet Price List Supplier,345.20,61,,each
CM-W3021,"Crystal Maple (Crystal Maple)Wall Cabinet 30""W x 21""H",(Crystal Maple)Wall Cabinet,Cabinets,Crystal Maple,2025 Cabinet Price List Supplier,288.00,61,,each
CM-W302124,"Crystal Maple (Crystal Maple)Refrigerator Wall Cabinet 30""W x 21""H x 24""D",(Crystal Maple)Refrigerator Wall Cabinet,Cabinets,Crystal Maple,2025 Cabinet Price List Supplier,425.00,61,,each
CM-W3024,"Crystal Maple (Crystal Maple)Wall Cabinet 30""W x 24""H",(Crystal Maple)Wall Cabinet,Cabinets,Crystal Maple,2025 Cabinet Price List Supplier,337.60,61,,each
CM-W302424,"Crystal Maple (Crystal Maple)Refrigerator Wall Cabinet 30""W x 24""H x 24""D",(Crystal Maple)Refrigerator Wall Cabinet,Cabinets,Crystal Maple,2025 Cabinet Price List Supplier,455.13,61,,each
CM-W3030,"Crystal Maple (Crystal Maple)Wall Cabinet 30""W x 30""H",(Crystal Maple)Wall Cabinet,Cabinets,Crystal Maple,2025 Cabinet Price List Supplier,401.13,61,,each
CM-W3036,"Crystal Maple (Crystal Maple)Wall Cabinet 30""W x 36""H",(Crystal Maple)Wall Cabinet,Cabinets,Crystal Maple,2025 Cabinet Price List Supplier,445.33,61,,each
CM-W3042,"Crystal Maple (Crystal Maple)Wall Cabinet 30""W x 42""H",(Crystal Maple)Wall Cabinet,Cabinets,Crystal Maple,2025 Cabinet Price List Supplier,489.40,61,,each
CM-W3312,"Crystal Maple (Crystal Maple)Wall Cabinet 33""W x 12""H",(Crystal Maple)Wall Cabinet,Cabinets,Crystal Maple,2025 Cabinet Price List Supplier,230.87,61,,each
CM-W331224,"Crystal Maple (Crystal Maple)Refrigerator Wall Cabinet 33""W x 12""H x 24""D",(Crystal Maple)Refrigerator Wall Cabinet,Cabinets,Crystal Maple,2025 Cabinet Price List Supplier,289.67,61,,each
CM-W3315,"Crystal Maple (Crystal Maple)Wall Cabinet 33""W x 15""H",(Crystal Maple)Wall Cabinet,Cabinets,Crystal Maple,2025 Cabinet Price List Supplier,243.00,61,,each
CM-W331524,"Crystal Maple (Crystal Maple)Refrigerator Wall Cabinet 33""W x 15""H x 24""D",(Crystal Maple)Refrigerator Wall Cabinet,Cabinets,Crystal Maple,2025 Cabinet Price List Supplier,323.00,61,,each
CM-W3318,"Crystal Maple (Crystal Maple)Wall Cabinet 33""W x 18""H",(Crystal Maple)Wall Cabinet,Cabinets,Crystal Maple,2025 Cabinet Price List Supplier,256.20,61,,each
CM-W331824,"Crystal Maple (Crystal Maple)Refrigerator Wall Cabinet 33""W x 18""H x 24""D",(Crystal Maple)Refrigerator Wall Cabinet,Cabinets,Crystal Maple,2025 Cabinet Price List Supplier,354.20,61,,each
CM-W332124,"Crystal Maple (Crystal Maple)Refrigerator Wall Cabinet 33""W x 21""H x 24""D",(Crystal Maple)Refrigerator Wall Cabinet,Cabinets,Crystal Maple,2025 Cabinet Price List Supplier,450.00,61,,each
CM-W3324,"Crystal Maple (Crystal Maple)Wall Cabinet 33""W x 24""H",(Crystal Maple)Wall Cabinet,Cabinets,Crystal Maple,2025 Cabinet Price List Supplier,353.47,61,,each
CM-W332424,"Crystal Maple (Crystal Maple)Refrigerator Wall Cabinet 33""W x 24""H x 24""D",(Crystal Maple)Refrigerator Wall Cabinet,Cabinets,Crystal Maple,2025 Cabinet Price List Supplier,464.13,61,,each
CM-W3330,"Crystal Maple (Crystal Maple)Wall Cabinet 33""W x 30""H",(Crystal Maple)Wall Cabinet,Cabinets,Crystal Maple,2025 Cabinet Price List Supplier,423.87,61,,each
CM-W3336,"Crystal Maple (Crystal Maple)Wall Cabinet 33""W x 36""H",(Crystal Maple)Wall Cabinet,Cabinets,Crystal Maple,2025 Cabinet Price List Supplier,480.00,61,,each
CM-W3342,"Crystal Maple (Crystal Maple)Wall Cabinet 33""W x 42""H",(Crystal Maple)Wall Cabinet,Cabinets,Crystal Maple,2025 Cabinet Price List Supplier,551.07,61,,each
CM-W3612,"Crystal Maple (Crystal Maple)Wall Cabinet 36""W x 12""H",(Crystal Maple)Wall Cabinet,Cabinets,Crystal Maple,2025 Cabinet Price List Supplier,220.73,61,,each
CM-W361224,"Crystal Maple (Crystal Maple)Refrigerator Wall Cabinet 36""W x 12""H x 24""D",(Crystal Maple)Refrigerator Wall Cabinet,Cabinets,Crystal Maple,2025 Cabinet Price List Supplier,298.67,61,,each
CM-W3615,"Crystal Maple (Crystal Maple)Wall Cabinet 36""W x 15""H",(Crystal Maple)Wall Cabinet,Cabinets,Crystal Maple,2025 Cabinet Price List Supplier,257.53,61,,each
CM-W361524,"Crystal Maple (Crystal Maple)Refrigerator Wall Cabinet 36""W x 15""H x 24""D",(Crystal Maple)Refrigerator Wall Cabinet,Cabinets,Crystal Maple,2025 Cabinet Price List Supplier,332.00,61,,each
CM-W3618,"Crystal Maple (Crystal Maple)Wall Cabinet 36""W x 18""H",(Crystal Maple)Wall Cabinet,Cabinets,Crystal Maple,2025 Cabinet Price List Supplier,288.07,61,,each
CM-W361824,"Crystal Maple (Crystal Maple)Refrigerator Wall Cabinet 36""W x 18""H x 24""D",(Crystal Maple)Refrigerator Wall Cabinet,Cabinets,Crystal Maple,2025 Cabinet Price List Supplier,363.20,61,,each
CM-W3621,"Crystal Maple (Crystal Maple)Wall Cabinet 36""W x 21""H",(Crystal Maple)Wall Cabinet,Cabinets,Crystal Maple,2025 Cabinet Price List Supplier,328.00,61,,each
CM-W3621-24,"Crystal Maple (Crystal Maple)Refrigerator Wall Cabinet 36""W x 21""H",(Crystal Maple)Refrigerator Wall Cabinet,Cabinets,Crystal Maple,2025 Cabinet Price List Supplier,464.00,61,,each
CM-W3624,"Crystal Maple (Crystal Maple)Wall Cabinet 36""W x 24""H",(Crystal Maple)Wall Cabinet,Cabinets,Crystal Maple,2025 Cabinet Price List Supplier,371.27,61,,each
CM-W362424,"Crystal Maple (Crystal Maple)Refrigerator Wall Cabinet 36""W x 24""H x 24""D",(Crystal Maple)Refrigerator Wall Cabinet,Cabinets,Crystal Maple,2025 Cabinet Price List Supplier,473.13,61,,each
CM-W3630,"Crystal Maple (Crystal Maple)Wall Cabinet 36""W x 30""H",(Crystal Maple)Wall Cabinet,Cabinets,Crystal Maple,2025 Cabinet Price List Supplier,454.27,61,,each
CM-W3636,"Crystal Maple (Crystal Maple)Wall Cabinet 36""W x 36""H",(Crystal Maple)Wall Cabinet,Cabinets,Crystal Maple,2025 Cabinet Price List Supplier,514.33,61,,each
CM-W3642,"Crystal Maple (Crystal Maple)Wall Cabinet 36""W x 42""H",(Crystal Maple)Wall Cabinet,Cabinets,Crystal Maple,2025 Cabinet Price List Supplier,588.73,61,,each
CM-WCD3015,"Crystal Maple (Crystal Maple)Plate Rack 30""W x 15""H",(Crystal Maple)Plate Rack,Cabinets,Crystal Maple,2025 Cabinet Price List Supplier,236.80,61,,each
CM-WDC2430,"Crystal Maple (Crystal Maple)Wall Diagonal Corner Cabinet 24""W x 30""H",(Crystal Maple)Wall Diagonal Corner Cabinet,Cabinets,Crystal Maple,2025 Cabinet Price List Supplier,417.07,61,,each
CM-WDC2436,"Crystal Maple (Crystal Maple)Wall Diagonal Corner Cabinet 24""W x 36""H",(Crystal Maple)Wall Diagonal Corner Cabinet,Cabinets,Crystal Maple,2025 Cabinet Price List Supplier,466.87,61,,each
CM-WDC2442,"Crystal Maple (Crystal Maple)Wall Diagonal Corner Cabinet 24""W x 42""H",(Crystal Maple)Wall Diagonal Corner Cabinet,Cabinets,Crystal Maple,2025 Cabinet Price List Supplier,512.87,61,,each
CM-WDC273615,"Crystal Maple (Crystal Maple)Wall Diagonal Corner Cabinet 27""W x 36""H x 15""D",(Crystal Maple)Wall Diagonal Corner Cabinet,Cabinets,Crystal Maple,2025 Cabinet Price List Supplier,549.67,61,,each
CM-WDC274215,"Crystal Maple (Crystal Maple)Wall Diagonal Corner Cabinet 27""W x 42""H x 15""D",(Crystal Maple)Wall Diagonal Corner Cabinet,Cabinets,Crystal Maple,2025 Cabinet Price List Supplier,597.93,61,,each
CM-WEC1230,"Crystal Maple (Crystal Maple)Wall End Angled Cabinet 12""W x 30""H",(Crystal Maple)Wall End Angled Cabinet,Cabinets,Crystal Maple,2025 Cabinet Price List Supplier,233.87,61,,each
CM-WEC1236,"Crystal Maple (Crystal Maple)Wall End Angled Cabinet 12""W x 36""H",(Crystal Maple)Wall End Angled Cabinet,Cabinets,Crystal Maple,2025 Cabinet Price List Supplier,263.93,61,,each
CM-WEC1242,"Crystal Maple (Crystal Maple)Wall End Angled Cabinet 12""W x 42""H",(Crystal Maple)Wall End Angled Cabinet,Cabinets,Crystal Maple,2025 Cabinet Price List Supplier,290.73,61,,each
CM-WES0930,"Crystal Maple (Crystal Maple)Wall End Shelf 9""W x 30""H",(Crystal Maple)Wall End Shelf,Cabinets,Crystal Maple,2025 Cabinet Price List Supplier,161.73,61,,each
CM-WES0936,"Crystal Maple (Crystal Maple)Wall End Shelf 9""W x 36""H",(Crystal Maple)Wall End Shelf,Cabinets,Crystal Maple,2025 Cabinet Price List Supplier,191.60,61,,each
CM-WES0942,"Crystal Maple (Crystal Maple)Wall End Shelf 9""W x 42""H",(Crystal Maple)Wall End Shelf,Cabinets,Crystal Maple,2025 Cabinet Price List Supplier,225.00,61,,each
CM-WF1.5X96,"Crystal Maple (Crystal Maple)Tall Filler 1.5""W x 96""H",(Crystal Maple)Tall Filler,Cabinets,Crystal Maple,2025 Cabinet Price List Supplier,64.00,61,,each
CM-WF330,"Crystal Maple (Crystal Maple)Wall Filler 3""W x 30""H",(Crystal Maple)Wall Filler,Cabinets,Crystal Maple,2025 Cabinet Price List Supplier,25.00,61,,each
CM-WF336,"Crystal Maple (Crystal Maple)Wall Filler 3""W x 36""H",(Crystal Maple)Wall Filler,Cabinets,Crystal Maple,2025 Cabinet Price List Supplier,29.67,61,,each
CM-WF342,"Crystal Maple (Crystal Maple)Wall Filler 3""W x 42""H",(Crystal Maple)Wall Filler,Cabinets,Crystal Maple,2025 Cabinet Price List Supplier,34.60,61,,each
CM-WF396,"Crystal Maple (Crystal Maple)Wall Filler 3""W x 96""H",(Crystal Maple)Wall Filler,Cabinets,Crystal Maple,2025 Cabinet Price List Supplier,71.27,61,,each
CM-WF630,"Crystal Maple (Crystal Maple)Wall Filler 6""W x 30""H",(Crystal Maple)Wall Filler,Cabinets,Crystal Maple,2025 Cabinet Price List Supplier,49.20,61,,each
CM-WF636,"Crystal Maple (Crystal Maple)Wall Filler 6""W x 36""H",(Crystal Maple)Wall Filler,Cabinets,Crystal Maple,2025 Cabinet Price List Supplier,56.00,61,,each
CM-WF642,"Crystal Maple (Crystal Maple)Wall Filler 6""W x 42""H",(Crystal Maple)Wall Filler,Cabinets,Crystal Maple,2025 Cabinet Price List Supplier,62.93,61,,each
CM-WF696,"Crystal Maple (Crystal Maple)Wall Filler 6""W x 96""H",(Crystal Maple)Wall Filler,Cabinets,Crystal Maple,2025 Cabinet Price List Supplier,137.93,61,,each
CM-WLS2430,"Crystal Maple (Crystal Maple)Wall Corner Bi-Fold Door Cabinet 24""W x 30""H",(Crystal Maple)Wall Corner Bi-Fold Door Cabinet,Cabinets,Crystal Maple,2025 Cabinet Price List Supplier,415.00,61,,each
CM-WLS2436,"Crystal Maple (Crystal Maple)Wall Corner Bi-Fold Door Cabinet 24""W x 36""H",(Crystal Maple)Wall Corner Bi-Fold Door Cabinet,Cabinets,Crystal Maple,2025 Cabinet Price List Supplier,465.00,61,,each
CM-WLS2442,"Crystal Maple (Crystal Maple)Wall Corner Bi-Fold Door Cabinet 24""W x 42""H",(Crystal Maple)Wall Corner Bi-Fold Door Cabinet,Cabinets,Crystal Maple,2025 Cabinet Price List Supplier,510.00,61,,each
CM-WMC3030,"Crystal Maple (Crystal Maple)Microwave Cabinet 30""W x 30""H",(Crystal Maple)Microwave Cabinet,Cabinets,Crystal Maple,2025 Cabinet Price List Supplier,464.00,61,,each
CM-WMC3036,"Crystal Maple (Crystal Maple)Microwave Cabinet 30""W x 36""H",(Crystal Maple)Microwave Cabinet,Cabinets,Crystal Maple,2025 Cabinet Price List Supplier,482.93,61,,each
CM-WMC3042,"Crystal Maple (Crystal Maple)Microwave Cabinet 30""W x 42""H",(Crystal Maple)Microwave Cabinet,Cabinets,Crystal Maple,2025 Cabinet Price List Supplier,509.87,61,,each
CM-WP1884,"Crystal Maple (Crystal Maple)Pantry 18""W x 84""H",(Crystal Maple)Pantry,Cabinets,Crystal Maple,2025 Cabinet Price List Supplier,814.40,61,,each
CM-WP1890,"Crystal Maple (Crystal Maple)Pantry 18""W x 90""H",(Crystal Maple)Pantry,Cabinets,Crystal Maple,2025 Cabinet Price List Supplier,867.20,61,,each
CM-WP1896,"Crystal Maple (Crystal Maple)Pantry 18""W x 96""H",(Crystal Maple)Pantry,Cabinets,Crystal Maple,2025 Cabinet Price List Supplier,920.13,61,,each
CM-WP2484,"Crystal Maple (Crystal Maple)Pantry 24""W x 84""H",(Crystal Maple)Pantry,Cabinets,Crystal Maple,2025 Cabinet Price List Supplier,884.60,61,,each
CM-WP2490,"Crystal Maple (Crystal Maple)Pantry 24""W x 90""H",(Crystal Maple)Pantry,Cabinets,Crystal Maple,2025 Cabinet Price List Supplier,923.47,61,,each
CM-WP2496,"Crystal Maple (Crystal Maple)Pantry 24""W x 96""H",(Crystal Maple)Pantry,Cabinets,Crystal Maple,2025 Cabinet Price List Supplier,988.93,61,,each
CM-WP3084,"Crystal Maple (Crystal Maple)Pantry 30""W x 84""H",(Crystal Maple)Pantry,Cabinets,Crystal Maple,2025 Cabinet Price List Supplier,908.00,61,,each
CM-WP3090,"Crystal Maple (Crystal Maple)Pantry 30""W x 90""H",(Crystal Maple)Pantry,Cabinets,Crystal Maple,2025 Cabinet Price List Supplier,961.00,61,,each
CM-WP3096,"Crystal Maple (Crystal Maple) Pantry 30""W x 96""H",(Crystal Maple) Pantry,Cabinets,Crystal Maple,2025 Cabinet Price List Supplier,1012.00,61,,each
CT-30GR,"Charlton Glass Rack 30""W",Charlton Glass Rack,Cabinets,Charlton,2025 Cabinet Price List Supplier,57.93,61,,each
CT-30WR,"Charlton Wine Rack 30""W",Charlton Wine Rack,Cabinets,Charlton,2025 Cabinet Price List Supplier,226.47,61,,each
CT-36GR,"Charlton Glass Rack 36""W",Charlton Glass Rack,Cabinets,Charlton,2025 Cabinet Price List Supplier,78.67,61,,each
CT-36WR,"Charlton Wine Rack 36""W",Charlton Wine Rack,Cabinets,Charlton,2025 Cabinet Price List Supplier,274.67,61,,each
CT-ACM8-2,Charlton Crown Molding,Charlton Crown Molding,Cabinets,Charlton,2025 Cabinet Price List Supplier,154.00,61,,each
CT-B09,"Charlton Base Cabinet 9""W",Charlton Base Cabinet,Cabinets,Charlton,2025 Cabinet Price List Supplier,217.07,61,,each
CT-B12,"Charlton Base Cabinet 12""W",Charlton Base Cabinet,Cabinets,Charlton,2025 Cabinet Price List Supplier,285.00,61,,each
CT-B15,"Charlton Base Cabinet 15""W",Charlton Base Cabinet,Cabinets,Charlton,2025 Cabinet Price List Supplier,340.00,61,,each
CT-B18,"Charlton Base Cabinet 18""W",Charlton Base Cabinet,Cabinets,Charlton,2025 Cabinet Price List Supplier,397.67,61,,each
CT-B21,"Charlton Base Cabinet 21""W",Charlton Base Cabinet,Cabinets,Charlton,2025 Cabinet Price List Supplier,432.67,61,,each
CT-B24,"Charlton Base Cabinet 24""W",Charlton Base Cabinet,Cabinets,Charlton,2025 Cabinet Price List Supplier,477.53,61,,each
CT-B27,"Charlton Base Cabinet 27""W",Charlton Base Cabinet,Cabinets,Charlton,2025 Cabinet Price List Supplier,515.00,61,,each
CT-B30,"Charlton Base Cabinet 30""W",Charlton Base Cabinet,Cabinets,Charlton,2025 Cabinet Price List Supplier,605.13,61,,each
CT-B33,"Charlton Base Cabinet 33""W",Charlton Base Cabinet,Cabinets,Charlton,2025 Cabinet Price List Supplier,644.07,61,,each
CT-B36,"Charlton Base Cabinet 36""W",Charlton Base Cabinet,Cabinets,Charlton,2025 Cabinet Price List Supplier,682.87,61,,each
CT-BBC39,"Charlton Base Blind Corner Cabinet 39""W",Charlton Base Blind Corner Cabinet,Cabinets,Charlton,2025 Cabinet Price List Supplier,518.00,61,,each
CT-BBC42,"Charlton Base Blind Corner Cabinet 42""W",Charlton Base Blind Corner Cabinet,Cabinets,Charlton,2025 Cabinet Price List Supplier,679.93,61,,each
CT-BCB150,Charlton Chair Rail Molding,Charlton Chair Rail Molding,Cabinets,Charlton,2025 Cabinet Price List Supplier,31.20,61,,each
CT-BEC24,"Charlton Base Angled Cabinet 24""W",Charlton Base Angled Cabinet,Cabinets,Charlton,2025 Cabinet Price List Supplier,605.60,61,,each
CT-BES09,"Charlton Base End Shelf 9""W",Charlton Base End Shelf,Cabinets,Charlton,2025 Cabinet Price List Supplier,347.60,61,,each
CT-BLS33N,"Charlton Lazy Susan Cabinet with Shelf only, No Trays. 33""W","Charlton Lazy Susan Cabinet with Shelf only, No Trays.",Cabinets,Charlton,2025 Cabinet Price List Supplier,773.07,61,,each
CT-BLS36N,"Charlton Lazy Susan cabinet with shelf only. No Trays. 36""W",Charlton Lazy Susan cabinet with shelf only. No Trays.,Cabinets,Charlton,2025 Cabinet Price List Supplier,833.80,61,,each
"CT-BM8-4.5""",Charlton Base Molding,Charlton Base Molding,Cabinets,Charlton,2025 Cabinet Price List Supplier,101.93,61,,each
CT-BMC30,"Charlton Base Microwave Cabinet 30""W",Charlton Base Microwave Cabinet,Cabinets,Charlton,2025 Cabinet Price List Supplier,580.00,61,,each
CT-BP3696,"Charlton Back Panel 36""W x 96""H",Charlton Back Panel,Cabinets,Charlton,2025 Cabinet Price List Supplier,138.47,61,,each
CT-BP4896,"Charlton Back Panel 48""W x 96""H",Charlton Back Panel,Cabinets,Charlton,2025 Cabinet Price List Supplier,183.00,61,,each
CT-BSR06,"Charlton Spice Rack Cabinet 6""W",Charlton Spice Rack Cabinet,Cabinets,Charlton,2025 Cabinet Price List Supplier,280.00,61,,each
CT-BSR09,"Charlton Spice Rack Cabinet 9""W",Charlton Spice Rack Cabinet,Cabinets,Charlton,2025 Cabinet Price List Supplier,293.33,61,,each
CT-BSR12,"Charlton Spice Rack Cabinet 12""","Charlton Spice Rack Cabinet 12""",Cabinets,Charlton,2025 Cabinet Price List Supplier,330.00,61,,each
CT-CCM8-1,Charlton Crown Molding,Charlton Crown Molding,Cabinets,Charlton,2025 Cabinet Price List Supplier,101.93,61,,each
CT-CCM8-2,Charlton Crown Molding,Charlton Crown Molding,Cabinets,Charlton,2025 Cabinet Price List Supplier,154.00,61,,each
CT-CORBEL-1,Charlton Corbel-1,Charlton Corbel-1,Cabinets,Charlton,2025 Cabinet Price List Supplier,216.93,61,,each
CT-CSB36,"Charlton Corner Sink Base 36""W",Charlton Corner Sink Base,Cabinets,Charlton,2025 Cabinet Price List Supplier,803.73,61,,each
CT-D1230W,"Charlton Wall End Door 12""W x 30""H",Charlton Wall End Door,Cabinets,Charlton,2025 Cabinet Price List Supplier,90.47,61,,each
CT-D1236W,"Charlton Wall End Door 12""W x 36""H",Charlton Wall End Door,Cabinets,Charlton,2025 Cabinet Price List Supplier,108.87,61,,each
CT-D1242W,"Charlton Wall End Door 12""W x 42""H",Charlton Wall End Door,Cabinets,Charlton,2025 Cabinet Price List Supplier,127.27,61,,each
CT-D1249W,"Charlton Wall End Door 12""W x 49""H",Charlton Wall End Door,Cabinets,Charlton,2025 Cabinet Price List Supplier,168.00,61,,each
CT-D2430B,"Charlton Decorative Door for Base 24""W x 30""H",Charlton Decorative Door for Base,Cabinets,Charlton,2025 Cabinet Price List Supplier,187.80,61,,each
CT-DB12-3,"Charlton Drawer Base Cabinet 12""W",Charlton Drawer Base Cabinet,Cabinets,Charlton,2025 Cabinet Price List Supplier,461.40,61,,each
CT-DB15-3,"Charlton Drawer Base Cabinet 15""W",Charlton Drawer Base Cabinet,Cabinets,Charlton,2025 Cabinet Price List Supplier,516.53,61,,each
CT-DB18-3,"Charlton Drawer Base Cabinet 18""W",Charlton Drawer Base Cabinet,Cabinets,Charlton,2025 Cabinet Price List Supplier,571.60,61,,each
CT-DB21-3,"Charlton Drawer Base Cabinet 21""W",Charlton Drawer Base Cabinet,Cabinets,Charlton,2025 Cabinet Price List Supplier,631.73,61,,each
CT-DB24-3,"Charlton Drawer Base Cabinet 24""W",Charlton Drawer Base Cabinet,Cabinets,Charlton,2025 Cabinet Price List Supplier,687.80,61,,each
CT-DB30-3,"Charlton Drawer Base Cabinet 30""W",Charlton Drawer Base Cabinet,Cabinets,Charlton,2025 Cabinet Price List Supplier,733.93,61,,each
CT-DB36-3,"Charlton Drawer Base Cabinet 36""W",Charlton Drawer Base Cabinet,Cabinets,Charlton,2025 Cabinet Price List Supplier,786.40,61,,each
CT-DMI,Charlton Dentil insert,Charlton Dentil insert,Cabinets,Charlton,2025 Cabinet Price List Supplier,14.67,61,,each
CT-DWR-3,"Charlton Dish Washer Panel with 3"" return","Charlton Dish Washer Panel with 3"" return",Cabinets,Charlton,2025 Cabinet Price List Supplier,88.47,61,,each
CT-FA2421,"Charlton Vanity Sink Cabinet 24""W x 21""H",Charlton Vanity Sink Cabinet,Cabinets,Charlton,2025 Cabinet Price List Supplier,288.80,61,,each
CT-FA3021,"Charlton Vanity Sink Base Cabinet 30""W x 21""H",Charlton Vanity Sink Base Cabinet,Cabinets,Charlton,2025 Cabinet Price List Supplier,334.27,61,,each
CT-FA3021DL,"Charlton Vanity with Drawers on the Left 30""W x 21""H",Charlton Vanity with Drawers on the Left,Cabinets,Charlton,2025 Cabinet Price List Supplier,547.53,61,,each
CT-FA3021DR,"Charlton Vanity with Drawer on the Right 30""W x 21""H",Charlton Vanity with Drawer on the Right,Cabinets,Charlton,2025 Cabinet Price List Supplier,547.53,61,,each
CT-FA3621DL,"Charlton Vanity with Drawers on the Left 36""W x 21""H",Charlton Vanity with Drawers on the Left,Cabinets,Charlton,2025 Cabinet Price List Supplier,593.20,61,,each
CT-FA3621DR,"Charlton Vanity with Drawer on the Right 36""W x 21""H",Charlton Vanity with Drawer on the Right,Cabinets,Charlton,2025 Cabinet Price List Supplier,593.20,61,,each
CT-FB3X3,Charlton Rosette,Charlton Rosette,Cabinets,Charlton,2025 Cabinet Price List Supplier,10.53,61,,each
CT-FD30,"Charlton Knee Drawer 30""W",Charlton Knee Drawer,Cabinets,Charlton,2025 Cabinet Price List Supplier,131.47,61,,each
CT-FSB36,"Charlton Farm Sink Base 36""W",Charlton Farm Sink Base,Cabinets,Charlton,2025 Cabinet Price List Supplier,594.00,61,,each
CT-GD1230,"Charlton Mullion Door with Frosted Glass 12""W x 30""H",Charlton Mullion Door with Frosted Glass,Cabinets,Charlton,2025 Cabinet Price List Supplier,105.61,61,,each
CT-GD1236,"Charlton Mullion Door with Frosted Glass 12""W x 36""H",Charlton Mullion Door with Frosted Glass,Cabinets,Charlton,2025 Cabinet Price List Supplier,117.39,61,,each
CT-GD1242,"Charlton Mullion Door with Frosted Glass 12""W x 42""H",Charlton Mullion Door with Frosted Glass,Cabinets,Charlton,2025 Cabinet Price List Supplier,129.17,61,,each
CT-GD1530,"Charlton Mullion Door with Frosted Glass 15""W x 30""H",Charlton Mullion Door with Frosted Glass,Cabinets,Charlton,2025 Cabinet Price List Supplier,123.02,61,,each
CT-GD1536,"Charlton Mullion Door with Frosted Glass 15""W x 36""H",Charlton Mullion Door with Frosted Glass,Cabinets,Charlton,2025 Cabinet Price List Supplier,134.80,61,,each
CT-GD1542,"Charlton Mullion Door with Frosted Glass 15""W x 42""H",Charlton Mullion Door with Frosted Glass,Cabinets,Charlton,2025 Cabinet Price List Supplier,147.62,61,,each
CT-GD1830,"Charlton Mullion Door with Frosted Glass 18""W x 30""H",Charlton Mullion Door with Frosted Glass,Cabinets,Charlton,2025 Cabinet Price List Supplier,141.98,61,,each
CT-GD1836,"Charlton Mullion Door with Frosted Glass 18""W x 36""H",Charlton Mullion Door with Frosted Glass,Cabinets,Charlton,2025 Cabinet Price List Supplier,153.64,61,,each
CT-GD1842,"Charlton Mullion Door with Frosted Glass 18""W x 42""H",Charlton Mullion Door with Frosted Glass,Cabinets,Charlton,2025 Cabinet Price List Supplier,168.43,61,,each
CT-HC30,"Charlton Hood Cover 30""W",Charlton Hood Cover,Cabinets,Charlton,2025 Cabinet Price List Supplier,688.00,61,,each
CT-HC36,"Charlton Wall End Door 36""W",Charlton Wall End Door,Cabinets,Charlton,2025 Cabinet Price List Supplier,732.00,61,,each
CT-OC3384,"Charlton Oven Cabinet 33""W x 84""H",Charlton Oven Cabinet,Cabinets,Charlton,2025 Cabinet Price List Supplier,1127.80,61,,each
CT-OC3390,"Charlton Oven Cabinet 33""W x 90""H",Charlton Oven Cabinet,Cabinets,Charlton,2025 Cabinet Price List Supplier,1139.53,61,,each
CT-OC3396,"Charlton Oven Cabinet 33""W x 96""H",Charlton Oven Cabinet,Cabinets,Charlton,2025 Cabinet Price List Supplier,1282.60,61,,each
CT-OCM8,Charlton Outside Corner Molding,Charlton Outside Corner Molding,Cabinets,Charlton,2025 Cabinet Price List Supplier,22.00,61,,each
CT-OGM8,Charlton Ogee Molding,Charlton Ogee Molding,Cabinets,Charlton,2025 Cabinet Price List Supplier,78.53,61,,each
CT-PCVFF396,"Charlton Fluted Tall Filler 39""W",Charlton Fluted Tall Filler,Cabinets,Charlton,2025 Cabinet Price List Supplier,77.87,61,,each
CT-QR8,Charlton Quarter Round,Charlton Quarter Round,Cabinets,Charlton,2025 Cabinet Price List Supplier,31.20,61,,each
CT-RMI,Charlton Rope insert,Charlton Rope insert,Cabinets,Charlton,2025 Cabinet Price List Supplier,14.67,61,,each
CT-RRP9624,"Charlton REFRIGERATOR PANEL96""X24""x3"" return","Charlton REFRIGERATOR PANEL96""X24""x3"" return",Cabinets,Charlton,2025 Cabinet Price List Supplier,187.00,61,,each
CT-SB24,"Charlton Sink Base Cabinet 24""W",Charlton Sink Base Cabinet,Cabinets,Charlton,2025 Cabinet Price List Supplier,337.67,61,,each
CT-SB27,"Charlton Sink Base Cabinet 27""W",Charlton Sink Base Cabinet,Cabinets,Charlton,2025 Cabinet Price List Supplier,376.87,61,,each
CT-SB30,"Charlton Sink Base Cabinet 30""W",Charlton Sink Base Cabinet,Cabinets,Charlton,2025 Cabinet Price List Supplier,421.87,61,,each
CT-SB33,"Charlton Sink Base Cabinet 33""W",Charlton Sink Base Cabinet,Cabinets,Charlton,2025 Cabinet Price List Supplier,500.33,61,,each
CT-SB36,"Charlton Sink Base Cabinet 36""W",Charlton Sink Base Cabinet,Cabinets,Charlton,2025 Cabinet Price List Supplier,534.73,61,,each
CT-SD,Charlton Sample Door,Charlton Sample Door,Cabinets,Charlton,2025 Cabinet Price List Supplier,40.00,61,,each
CT-SM8,Charlton Scribe Molding,Charlton Scribe Molding,Cabinets,Charlton,2025 Cabinet Price List Supplier,14.67,61,,each
CT-SPOOL-1,Charlton Full Post,Charlton Full Post,Cabinets,Charlton,2025 Cabinet Price List Supplier,187.67,61,,each
CT-SS-30,Charlton SPLIT SPOOL,Charlton SPLIT SPOOL,Cabinets,Charlton,2025 Cabinet Price List Supplier,93.84,61,,each
CT-SVA12D,"Charlton Vanity Drawer Base 12""W",Charlton Vanity Drawer Base,Cabinets,Charlton,2025 Cabinet Price List Supplier,426.33,61,,each
CT-SVA15D,"Charlton Vanity Drawer Base 15""W",Charlton Vanity Drawer Base,Cabinets,Charlton,2025 Cabinet Price List Supplier,472.87,61,,each
CT-SVA18D,"Charlton Vanity Drawer Base 18""W",Charlton Vanity Drawer Base,Cabinets,Charlton,2025 Cabinet Price List Supplier,520.13,61,,each
CT-SVAM2430,"Charlton Mirror 24""W x 30""H",Charlton Mirror,Cabinets,Charlton,2025 Cabinet Price List Supplier,154.00,61,,each
CT-TK8,Charlton Toe Kick,Charlton Toe Kick,Cabinets,Charlton,2025 Cabinet Price List Supplier,18.00,61,,each
CT-TLR-1,Charlton Light Rail Molding,Charlton Light Rail Molding,Cabinets,Charlton,2025 Cabinet Price List Supplier,71.33,61,,each
CT-TOUCH UP KIT,Charlton Touch up Kit,Charlton Touch up Kit,Cabinets,Charlton,2025 Cabinet Price List Supplier,39.56,61,,each
CT-UREP,"Charlton Universal Refrigerator Panel 3/4"" x96""x30""","Charlton Universal Refrigerator Panel 3/4"" x96""x30""",Cabinets,Charlton,2025 Cabinet Price List Supplier,286.00,61,,each
CT-V36,"Charlton Valance 36""W",Charlton Valance,Cabinets,Charlton,2025 Cabinet Price List Supplier,38.20,61,,each
CT-V42,"Charlton Valance 42""W",Charlton Valance,Cabinets,Charlton,2025 Cabinet Price List Supplier,45.13,61,,each
CT-V48,"Charlton Valance 48""W",Charlton Valance,Cabinets,Charlton,2025 Cabinet Price List Supplier,52.13,61,,each
CT-V60,"Charlton Valance 60""W",Charlton Valance,Cabinets,Charlton,2025 Cabinet Price List Supplier,67.33,61,,each
CT-VAL3612,"Charlton Big Valance 36""W x 12""H",Charlton Big Valance,Cabinets,Charlton,2025 Cabinet Price List Supplier,132.00,61,,each
CT-VAL4212,"Charlton Big Valance 42""W x 12""H",Charlton Big Valance,Cabinets,Charlton,2025 Cabinet Price List Supplier,143.00,61,,each
CT-VAL4812,"Charlton Big Valance 48""W x 12""H",Charlton Big Valance,Cabinets,Charlton,2025 Cabinet Price List Supplier,198.00,61,,each
CT-W0930,"Charlton Wall Cabinet 9""W x 30""H",Charlton Wall Cabinet,Cabinets,Charlton,2025 Cabinet Price List Supplier,170.13,61,,each
CT-W0936,"Charlton Wall Cabinet 9""W x 36""H",Charlton Wall Cabinet,Cabinets,Charlton,2025 Cabinet Price List Supplier,195.20,61,,each
CT-W0942,"Charlton Wall Cabinet 9""W x 42""H",Charlton Wall Cabinet,Cabinets,Charlton,2025 Cabinet Price List Supplier,220.27,61,,each
CT-W1230,"Charlton Wall Cabinet 12""W x 30""H",Charlton Wall Cabinet,Cabinets,Charlton,2025 Cabinet Price List Supplier,197.87,61,,each
CT-W1236,"Charlton Wall Cabinet 12""W x 36""H",Charlton Wall Cabinet,Cabinets,Charlton,2025 Cabinet Price List Supplier,225.53,61,,each
CT-W1242,"Charlton Wall Cabinet 12""W x 42""H",Charlton Wall Cabinet,Cabinets,Charlton,2025 Cabinet Price List Supplier,255.20,61,,each
CT-W1530,"Charlton Wall Cabinet 15""W x 30""H",Charlton Wall Cabinet,Cabinets,Charlton,2025 Cabinet Price List Supplier,230.13,61,,each
CT-W1536,"Charlton Wall Cabinet 15""W x 36""H",Charlton Wall Cabinet,Cabinets,Charlton,2025 Cabinet Price List Supplier,261.07,61,,each
CT-W1542,"Charlton Wall Cabinet 15""W x 42""H",Charlton Wall Cabinet,Cabinets,Charlton,2025 Cabinet Price List Supplier,291.87,61,,each
CT-W1830,"Charlton Wall Cabinet 18""W x 30""H",Charlton Wall Cabinet,Cabinets,Charlton,2025 Cabinet Price List Supplier,264.53,61,,each
CT-W1836,"Charlton Wall Cabinet 18""W x 36""H",Charlton Wall Cabinet,Cabinets,Charlton,2025 Cabinet Price List Supplier,295.47,61,,each
CT-W1842,"Charlton Wall Cabinet 18""W x 42""H",Charlton Wall Cabinet,Cabinets,Charlton,2025 Cabinet Price List Supplier,326.53,61,,each
CT-W2130,"Charlton Wall Cabinet 21""W x 30""H",Charlton Wall Cabinet,Cabinets,Charlton,2025 Cabinet Price List Supplier,296.27,61,,each
CT-W2136,"Charlton Wall Cabinet 21""W x 36""H",Charlton Wall Cabinet,Cabinets,Charlton,2025 Cabinet Price List Supplier,330.20,61,,each
CT-W2142,"Charlton Wall Cabinet 21""W x 42""H",Charlton Wall Cabinet,Cabinets,Charlton,2025 Cabinet Price List Supplier,364.13,61,,each
CT-W2412,"Charlton Wall Cabinet 24""W x 12""H",Charlton Wall Cabinet,Cabinets,Charlton,2025 Cabinet Price List Supplier,205.00,61,,each
CT-W2415,"Charlton Wall Cabinet 24""W x 15""H",Charlton Wall Cabinet,Cabinets,Charlton,2025 Cabinet Price List Supplier,224.00,61,,each
CT-W2418,"Charlton Wall Cabinet 24""W x 18""H",Charlton Wall Cabinet,Cabinets,Charlton,2025 Cabinet Price List Supplier,243.00,61,,each
CT-W2421,"Charlton Wall Cabinet 24""W x 21""H",Charlton Wall Cabinet,Cabinets,Charlton,2025 Cabinet Price List Supplier,300.00,61,,each
CT-W2424,"Charlton Wall Cabinet 24""W x 24""H",Charlton Wall Cabinet,Cabinets,Charlton,2025 Cabinet Price List Supplier,313.50,61,,each
CT-W2430,"Charlton Wall Cabinet 24""W x 30""H",Charlton Wall Cabinet,Cabinets,Charlton,2025 Cabinet Price List Supplier,338.40,61,,each
CT-W2436,"Charlton Wall Cabinet 24""W x 36""H",Charlton Wall Cabinet,Cabinets,Charlton,2025 Cabinet Price List Supplier,376.53,61,,each
CT-W2442,"Charlton Wall Cabinet 24""W x 42""H",Charlton Wall Cabinet,Cabinets,Charlton,2025 Cabinet Price List Supplier,406.80,61,,each
CT-W2730,"Charlton Wall Cabinet 27""W x 30""H",Charlton Wall Cabinet,Cabinets,Charlton,2025 Cabinet Price List Supplier,369.87,61,,each
CT-W2736,"Charlton Wall Cabinet 27""W x 36""H",Charlton Wall Cabinet,Cabinets,Charlton,2025 Cabinet Price List Supplier,388.73,61,,each
CT-W2742,"Charlton Wall Cabinet 27""W x 42""H",Charlton Wall Cabinet,Cabinets,Charlton,2025 Cabinet Price List Supplier,407.47,61,,each
CT-W3012,"Charlton Wall Cabinet 30""W x 12""H",Charlton Wall Cabinet,Cabinets,Charlton,2025 Cabinet Price List Supplier,202.40,61,,each
CT-W301224,"Charlton Refrigerator Wall Cabinet 30""W x 12""H x 24""D",Charlton Refrigerator Wall Cabinet,Cabinets,Charlton,2025 Cabinet Price List Supplier,280.67,61,,each
CT-W3015,"Charlton Wall Cabinet 30""W x 15""H",Charlton Wall Cabinet,Cabinets,Charlton,2025 Cabinet Price List Supplier,223.93,61,,each
CT-W301524,"Charlton Refrigerator Wall Cabinet 30""W x 15""H x 24""D",Charlton Refrigerator Wall Cabinet,Cabinets,Charlton,2025 Cabinet Price List Supplier,314.00,61,,each
CT-W3018,"Charlton Wall Cabinet 30""W x 18""H",Charlton Wall Cabinet,Cabinets,Charlton,2025 Cabinet Price List Supplier,239.87,61,,each
CT-W301824,"Charlton Refrigerator Wall Cabinet 30""W x 18""H x 24""D",Charlton Refrigerator Wall Cabinet,Cabinets,Charlton,2025 Cabinet Price List Supplier,345.20,61,,each
CT-W3021,"Charlton Wall Cabinet 30""W x 21""H",Charlton Wall Cabinet,Cabinets,Charlton,2025 Cabinet Price List Supplier,288.00,61,,each
CT-W302124,"Charlton Refrigerator Wall Cabinet 30""W x 21""H x 24""D",Charlton Refrigerator Wall Cabinet,Cabinets,Charlton,2025 Cabinet Price List Supplier,425.00,61,,each
CT-W3024,"Charlton Wall Cabinet 30""W x 24""H",Charlton Wall Cabinet,Cabinets,Charlton,2025 Cabinet Price List Supplier,337.60,61,,each
CT-W302424,"Charlton Refrigerator Wall Cabinet 30""W x 24""H x 24""D",Charlton Refrigerator Wall Cabinet,Cabinets,Charlton,2025 Cabinet Price List Supplier,455.13,61,,each
CT-W3030,"Charlton Wall Cabinet 30""W x 30""H",Charlton Wall Cabinet,Cabinets,Charlton,2025 Cabinet Price List Supplier,401.13,61,,each
CT-W3036,"Charlton Wall Cabinet 30""W x 36""H",Charlton Wall Cabinet,Cabinets,Charlton,2025 Cabinet Price List Supplier,445.33,61,,each
CT-W3042,"Charlton Wall Cabinet 30""W x 42""H",Charlton Wall Cabinet,Cabinets,Charlton,2025 Cabinet Price List Supplier,489.40,61,,each
CT-W3312,"Charlton Wall Cabinet 33""W x 12""H",Charlton Wall Cabinet,Cabinets,Charlton,2025 Cabinet Price List Supplier,230.87,61,,each
CT-W331224,"Charlton Refrigerator Wall Cabinet 33""W x 12""H x 24""D",Charlton Refrigerator Wall Cabinet,Cabinets,Charlton,2025 Cabinet Price List Supplier,289.67,61,,each
CT-W3315,"Charlton Wall Cabinet 33""W x 15""H",Charlton Wall Cabinet,Cabinets,Charlton,2025 Cabinet Price List Supplier,243.00,61,,each
CT-W331524,"Charlton Refrigerator Wall Cabinet 33""W x 15""H x 24""D",Charlton Refrigerator Wall Cabinet,Cabinets,Charlton,2025 Cabinet Price List Supplier,323.00,61,,each
CT-W3318,"Charlton Wall Cabinet 33""W x 18""H",Charlton Wall Cabinet,Cabinets,Charlton,2025 Cabinet Price List Supplier,256.20,61,,each
CT-W331824,"Charlton Refrigerator Wall Cabinet 33""W x 18""H x 24""D",Charlton Refrigerator Wall Cabinet,Cabinets,Charlton,2025 Cabinet Price List Supplier,354.20,61,,each
CT-W332124,"Charlton Refrigerator Wall Cabinet 33""W x 21""H x 24""D",Charlton Refrigerator Wall Cabinet,Cabinets,Charlton,2025 Cabinet Price List Supplier,450.00,61,,each
CT-W3324,"Charlton Wall Cabinet 33""W x 24""H",Charlton Wall Cabinet,Cabinets,Charlton,2025 Cabinet Price List Supplier,353.47,61,,each
CT-W332424,"Charlton Refrigerator Wall Cabinet 33""W x 24""H x 24""D",Charlton Refrigerator Wall Cabinet,Cabinets,Charlton,2025 Cabinet Price List Supplier,464.13,61,,each
CT-W3330,"Charlton Wall Cabinet 33""W x 30""H",Charlton Wall Cabinet,Cabinets,Charlton,2025 Cabinet Price List Supplier,423.87,61,,each
CT-W3336,"Charlton Wall Cabinet 33""W x 36""H",Charlton Wall Cabinet,Cabinets,Charlton,2025 Cabinet Price List Supplier,480.00,61,,each
CT-W3342,"Charlton Wall Cabinet 33""W x 42""H",Charlton Wall Cabinet,Cabinets,Charlton,2025 Cabinet Price List Supplier,551.07,61,,each
CT-W3612,"Charlton Wall Cabinet 36""W x 12""H",Charlton Wall Cabinet,Cabinets,Charlton,2025 Cabinet Price List Supplier,220.73,61,,each
CT-W361224,"Charlton Refrigerator Wall Cabinet 36""W x 12""H x 24""D",Charlton Refrigerator Wall Cabinet,Cabinets,Charlton,2025 Cabinet Price List Supplier,298.67,61,,each
CT-W3615,"Charlton Wall Cabinet 36""W x 15""H",Charlton Wall Cabinet,Cabinets,Charlton,2025 Cabinet Price List Supplier,257.53,61,,each
CT-W361524,"Charlton Refrigerator Wall Cabinet 36""W x 15""H x 24""D",Charlton Refrigerator Wall Cabinet,Cabinets,Charlton,2025 Cabinet Price List Supplier,332.00,61,,each
CT-W3618,"Charlton Wall Cabinet 36""W x 18""H",Charlton Wall Cabinet,Cabinets,Charlton,2025 Cabinet Price List Supplier,288.07,61,,each
CT-W361824,"Charlton Refrigerator Wall Cabinet 36""W x 18""H x 24""D",Charlton Refrigerator Wall Cabinet,Cabinets,Charlton,2025 Cabinet Price List Supplier,363.20,61,,each
CT-W3621,"Charlton Wall Cabinet 36""W x 21""H",Charlton Wall Cabinet,Cabinets,Charlton,2025 Cabinet Price List Supplier,328.00,61,,each
CT-W3621-24,"Charlton Refrigerator Wall Cabinet 36""W x 21""H",Charlton Refrigerator Wall Cabinet,Cabinets,Charlton,2025 Cabinet Price List Supplier,464.00,61,,each
CT-W3624,"Charlton Wall Cabinet 36""W x 24""H",Charlton Wall Cabinet,Cabinets,Charlton,2025 Cabinet Price List Supplier,371.27,61,,each
CT-W362424,"Charlton Refrigerator Wall Cabinet 36""W x 24""H x 24""D",Charlton Refrigerator Wall Cabinet,Cabinets,Charlton,2025 Cabinet Price List Supplier,473.13,61,,each
CT-W3630,"Charlton Wall Cabinet 36""W x 30""H",Charlton Wall Cabinet,Cabinets,Charlton,2025 Cabinet Price List Supplier,454.27,61,,each
CT-W3636,"Charlton Wall Cabinet 36""W x 36""H",Charlton Wall Cabinet,Cabinets,Charlton,2025 Cabinet Price List Supplier,514.33,61,,each
CT-W3642,"Charlton Wall Cabinet 36""W x 42""H",Charlton Wall Cabinet,Cabinets,Charlton,2025 Cabinet Price List Supplier,588.73,61,,each
CT-WCD3015,"Charlton Plate Rack Cabinet 30""W x 15""H",Charlton Plate Rack Cabinet,Cabinets,Charlton,2025 Cabinet Price List Supplier,236.80,61,,each
CT-WDC2430,"Charlton Wall Diagonal Cabinet 24""W x 30""H",Charlton Wall Diagonal Cabinet,Cabinets,Charlton,2025 Cabinet Price List Supplier,417.07,61,,each
CT-WDC2436,"Charlton Wall Diagonal Cabinet 24""W x 36""H",Charlton Wall Diagonal Cabinet,Cabinets,Charlton,2025 Cabinet Price List Supplier,466.87,61,,each
CT-WDC2442,"Charlton Wall Diagonal Cabinet 24""W x 42""H",Charlton Wall Diagonal Cabinet,Cabinets,Charlton,2025 Cabinet Price List Supplier,512.87,61,,each
CT-WDC273615,"Charlton Wall Diagonal Cabinet 27""W x 36""H x 15""D",Charlton Wall Diagonal Cabinet,Cabinets,Charlton,2025 Cabinet Price List Supplier,549.67,61,,each
CT-WDC274215,"Charlton Wall Diagonal Cabinet 27""W x 42""H x 15""D",Charlton Wall Diagonal Cabinet,Cabinets,Charlton,2025 Cabinet Price List Supplier,597.93,61,,each
CT-WEC1230,"Charlton Wall Angle Cabinet 12""W x 30""H",Charlton Wall Angle Cabinet,Cabinets,Charlton,2025 Cabinet Price List Supplier,233.87,61,,each
CT-WEC1236,"Charlton Wall Angled Cabinet 12""W x 36""H",Charlton Wall Angled Cabinet,Cabinets,Charlton,2025 Cabinet Price List Supplier,263.93,61,,each
CT-WEC1242,"Charlton Wall Angled Cabinet 12""W x 42""H",Charlton Wall Angled Cabinet,Cabinets,Charlton,2025 Cabinet Price List Supplier,290.73,61,,each
CT-WES0930,"Charlton Wall End Shelf 9""W x 30""H",Charlton Wall End Shelf,Cabinets,Charlton,2025 Cabinet Price List Supplier,161.73,61,,each
CT-WES0936,"Charlton Wall End Shelf 9""W x 36""H",Charlton Wall End Shelf,Cabinets,Charlton,2025 Cabinet Price List Supplier,191.60,61,,each
CT-WES0942,"Charlton Wall End Shelf 9""W x 42""H",Charlton Wall End Shelf,Cabinets,Charlton,2025 Cabinet Price List Supplier,225.00,61,,each
CT-WF1.5X96,"Charlton Tall Filler 1.5""W x 96""H",Charlton Tall Filler,Cabinets,Charlton,2025 Cabinet Price List Supplier,64.00,61,,each
CT-WF330,"Charlton Wall Filler 3""W x 30""H",Charlton Wall Filler,Cabinets,Charlton,2025 Cabinet Price List Supplier,25.00,61,,each
CT-WF336,"Charlton Wall Filler 3""W x 36""H",Charlton Wall Filler,Cabinets,Charlton,2025 Cabinet Price List Supplier,29.67,61,,each
CT-WF342,"Charlton Wall Filler 3""W x 42""H",Charlton Wall Filler,Cabinets,Charlton,2025 Cabinet Price List Supplier,34.60,61,,each
CT-WF396,"Charlton Wall Tall Filler 3""W x 96""H",Charlton Wall Tall Filler,Cabinets,Charlton,2025 Cabinet Price List Supplier,71.27,61,,each
CT-WF630,"Charlton Wall Filler 6""W x 30""H",Charlton Wall Filler,Cabinets,Charlton,2025 Cabinet Price List Supplier,49.20,61,,each
CT-WF636,"Charlton Wall Filler 6""W x 36""H",Charlton Wall Filler,Cabinets,Charlton,2025 Cabinet Price List Supplier,56.00,61,,each
CT-WF642,"Charlton Wall Filler 6""W x 42""H",Charlton Wall Filler,Cabinets,Charlton,2025 Cabinet Price List Supplier,62.93,61,,each
CT-WF696,"Charlton Wall Tall Filler 6""W x 96""H",Charlton Wall Tall Filler,Cabinets,Charlton,2025 Cabinet Price List Supplier,137.93,61,,each
CT-WLS2430,"Charlton Wall Corner Bi-Fold Door Cabinet 24""W x 30""H",Charlton Wall Corner Bi-Fold Door Cabinet,Cabinets,Charlton,2025 Cabinet Price List Supplier,415.00,61,,each
CT-WLS2436,"Charlton Wall Corner Bi-Fold Door Cabinet 24""W x 36""H",Charlton Wall Corner Bi-Fold Door Cabinet,Cabinets,Charlton,2025 Cabinet Price List Supplier,465.00,61,,each
CT-WLS2442,"Charlton Wall Corner Bi-Fold Door Cabinet 24""W x 42""H",Charlton Wall Corner Bi-Fold Door Cabinet,Cabinets,Charlton,2025 Cabinet Price List Supplier,510.00,61,,each
CT-WMC3030,"Charlton Microwave Cabinet 30""W x 30""H",Charlton Microwave Cabinet,Cabinets,Charlton,2025 Cabinet Price List Supplier,464.00,61,,each
CT-WMC3036,"Charlton Microwave Cabinet 30""W x 36""H",Charlton Microwave Cabinet,Cabinets,Charlton,2025 Cabinet Price List Supplier,482.93,61,,each
CT-WMC3042,"Charlton Microwave Cabinet 30""W x 42""H",Charlton Microwave Cabinet,Cabinets,Charlton,2025 Cabinet Price List Supplier,509.87,61,,each
CT-WP1884,"Charlton Pantry 18""W x 84""H",Charlton Pantry,Cabinets,Charlton,2025 Cabinet Price List Supplier,814.40,61,,each
CT-WP1890,"Charlton Pantry 18""W x 90""H",Charlton Pantry,Cabinets,Charlton,2025 Cabinet Price List Supplier,867.20,61,,each
CT-WP1896,"Charlton Pantry 18""W x 96""H",Charlton Pantry,Cabinets,Charlton,2025 Cabinet Price List Supplier,920.13,61,,each
CT-WP2484,"Charlton Pantry 24""W x 84""H",Charlton Pantry,Cabinets,Charlton,2025 Cabinet Price List Supplier,884.60,61,,each
CT-WP2490,"Charlton Pantry 24""W x 90""H",Charlton Pantry,Cabinets,Charlton,2025 Cabinet Price List Supplier,923.47,61,,each
CT-WP2496,"Charlton Pantry 24""W x 96""H",Charlton Pantry,Cabinets,Charlton,2025 Cabinet Price List Supplier,988.93,61,,each
CT-WP3084,"Charlton Pantry 30""W x 84""H",Charlton Pantry,Cabinets,Charlton,2025 Cabinet Price List Supplier,908.00,61,,each
CT-WP3090,"Charlton Pantry 30""W x 90""H",Charlton Pantry,Cabinets,Charlton,2025 Cabinet Price List Supplier,961.00,61,,each
CT-WP3096,"Charlton Pantry 30""W x 96""H",Charlton Pantry,Cabinets,Charlton,2025 Cabinet Price List Supplier,1012.00,61,,each
DS-30GR,"Dove White Shaker Glass Holder 30""W",Dove White Shaker Glass Holder,Cabinets,Dove White Shaker,2025 Cabinet Price List Supplier,55.03,61,,each
DS-30WR,"Dove White Shaker Wall Wine Rack Cabinet 30""W",Dove White Shaker Wall Wine Rack Cabinet,Cabinets,Dove White Shaker,2025 Cabinet Price List Supplier,215.15,61,,each
DS-36GR,"Dove White Shaker Glass Holder 36""W",Dove White Shaker Glass Holder,Cabinets,Dove White Shaker,2025 Cabinet Price List Supplier,74.74,61,,each
DS-36WR,"Dove White Shaker Wall Wine Rack Cabinet 36""W",Dove White Shaker Wall Wine Rack Cabinet,Cabinets,Dove White Shaker,2025 Cabinet Price List Supplier,260.94,61,,each
DS-ACM8-C,"Dove White Shaker Crown Molding 3"" Curved Staggered","Dove White Shaker Crown Molding 3"" Curved Staggered",Cabinets,Dove White Shaker,2025 Cabinet Price List Supplier,149.40,61,,each
DS-ACM8-S,"Dove White Shaker Crown Molding 3"" Straight Staggered","Dove White Shaker Crown Molding 3"" Straight Staggered",Cabinets,Dove White Shaker,2025 Cabinet Price List Supplier,149.40,61,,each
DS-B09,"Dove White Shaker Base Cabinet 9""W",Dove White Shaker Base Cabinet,Cabinets,Dove White Shaker,2025 Cabinet Price List Supplier,206.22,61,,each
DS-B12,"Dove White Shaker Base Cabinet 12""W",Dove White Shaker Base Cabinet,Cabinets,Dove White Shaker,2025 Cabinet Price List Supplier,270.75,61,,each
DS-B15,"Dove White Shaker Base Cabinet 15""W",Dove White Shaker Base Cabinet,Cabinets,Dove White Shaker,2025 Cabinet Price List Supplier,323.00,61,,each
DS-B18,"Dove White Shaker Base Cabinet 18""W",Dove White Shaker Base Cabinet,Cabinets,Dove White Shaker,2025 Cabinet Price List Supplier,377.78,61,,each
DS-B21,"Dove White Shaker Base Cabinet 21""W",Dove White Shaker Base Cabinet,Cabinets,Dove White Shaker,2025 Cabinet Price List Supplier,411.03,61,,each
DS-B24,"Dove White Shaker Base Cabinet 24""W",Dove White Shaker Base Cabinet,Cabinets,Dove White Shaker,2025 Cabinet Price List Supplier,453.66,61,,each
DS-B27,"Dove White Shaker Base Cabinet 27""W",Dove White Shaker Base Cabinet,Cabinets,Dove White Shaker,2025 Cabinet Price List Supplier,489.25,61,,each
DS-B30,"Dove White Shaker Base Cabinet 30""W",Dove White Shaker Base Cabinet,Cabinets,Dove White Shaker,2025 Cabinet Price List Supplier,574.88,61,,each
DS-B33,"Dove White Shaker Base Cabinet 33""W",Dove White Shaker Base Cabinet,Cabinets,Dove White Shaker,2025 Cabinet Price List Supplier,611.86,61,,each
DS-B36,"Dove White Shaker Base Cabinet 36""W",Dove White Shaker Base Cabinet,Cabinets,Dove White Shaker,2025 Cabinet Price List Supplier,648.72,61,,each
DS-BBC39,"Dove White Shaker Blind Corner Cabinet 39""W",Dove White Shaker Blind Corner Cabinet,Cabinets,Dove White Shaker,2025 Cabinet Price List Supplier,492.10,61,,each
DS-BBC42,"Dove White Shaker Blind Corner Cabinet 42""W",Dove White Shaker Blind Corner Cabinet,Cabinets,Dove White Shaker,2025 Cabinet Price List Supplier,645.94,61,,each
DS-BCB150,Dove White Shaker Chair Rail Molding,Dove White Shaker Chair Rail Molding,Cabinets,Dove White Shaker,2025 Cabinet Price List Supplier,30.26,61,,each
DS-BEC24,"Dove White Shaker Base End Angle 24""W",Dove White Shaker Base End Angle,Cabinets,Dove White Shaker,2025 Cabinet Price List Supplier,575.32,61,,each
DS-BES09,"Dove White Shaker Base End Shelf 9""W",Dove White Shaker Base End Shelf,Cabinets,Dove White Shaker,2025 Cabinet Price List Supplier,330.22,61,,each
DS-BFH09,"Dove White Shaker BASE FULL HEIGHT DOOR CABINET 9""W",DOVE WHITE BASE FULL HEIGHT DOOR CABINET,Cabinets,Dove White Shaker,2025 Cabinet Price List Supplier,180.00,61,,each
DS-BLS33N,"Dove White Shaker Lazy Susan cabinet with shelf only. No Trays. 33""W",Dove White Shaker Lazy Susan cabinet with shelf only. No Trays.,Cabinets,Dove White Shaker,2025 Cabinet Price List Supplier,727.66,61,,each
DS-BLS36N,"Dove White Shaker Lazy Susan cabinet with shelf only. No Trays. 36""W",Dove White Shaker Lazy Susan cabinet with shelf only. No Trays.,Cabinets,Dove White Shaker,2025 Cabinet Price List Supplier,785.36,61,,each
DS-BM8,"Dove White Shaker Base Molding 96""","Dove White Shaker Base Molding 96""",Cabinets,Dove White Shaker,2025 Cabinet Price List Supplier,96.84,61,,each
DS-BMC30,"Dove White Shaker Base Microwave Cabinet 30""","Dove White Shaker Base Microwave Cabinet 30""",Cabinets,Dove White Shaker,2025 Cabinet Price List Supplier,535.00,61,,each
DS-BP3696,"Dove White Shaker Back Panel 36""x96""x1/4""","Dove White Shaker Back Panel 36""x96""x1/4""",Cabinets,Dove White Shaker,2025 Cabinet Price List Supplier,131.55,61,,each
DS-BP4896,"Dove White Shaker Back Panel 48""x96""x1/4""","Dove White Shaker Back Panel 48""x96""x1/4""",Cabinets,Dove White Shaker,2025 Cabinet Price List Supplier,178.00,61,,each
DS-BSR06,"Dove White Shaker Spice Rack Cabinet 6""W",Dove White Shaker Spice Rack Cabinet,Cabinets,Dove White Shaker,2025 Cabinet Price List Supplier,266.00,61,,each
DS-BSR09,"Dove White Shaker Spice Rack Cabinet 9""W",Dove White Shaker Spice Rack Cabinet,Cabinets,Dove White Shaker,2025 Cabinet Price List Supplier,278.67,61,,each
DS-BSR12,"Dove White Shaker Spice Rack Cabinet 12""","Dove White Shaker Spice Rack Cabinet 12""",Cabinets,Dove White Shaker,2025 Cabinet Price List Supplier,300.00,61,,each
DS-CCM8-1,Dove White Shaker Crown Molding,Dove White Shaker Crown Molding,Cabinets,Dove White Shaker,2025 Cabinet Price List Supplier,98.87,61,,each
DS-CCM8-2,Dove White Shaker Crown Molding,Dove White Shaker Crown Molding,Cabinets,Dove White Shaker,2025 Cabinet Price List Supplier,149.38,61,,each
DS-CM8-C,Dove White Shaker Curved  Crown Molding,Dove White Shaker Curved Crown Molding,Cabinets,Dove White Shaker,2025 Cabinet Price List Supplier,96.20,61,,each
DS-CORBEL-2,Dove White Shaker Corbel,Dove White Shaker Corbel,Cabinets,Dove White Shaker,2025 Cabinet Price List Supplier,216.93,61,,each
DS-CSB36,"Dove White Shaker Diagonal Corner Sink Base 36""W",Dove White Shaker Diagonal Corner Sink Base,Cabinets,Dove White Shaker,2025 Cabinet Price List Supplier,763.55,61,,each
DS-D1212W,"Dove White Shaker Wall Decorative Door 12""W x 12""H",Dove White Shaker Wall Decorative Door,Cabinets,Dove White Shaker,2025 Cabinet Price List Supplier,92.97,61,,each
DS-D1215W,"Dove White Shaker Wall Decorative Door 12""W x 15""H",Dove White Shaker Wall Decorative Door,Cabinets,Dove White Shaker,2025 Cabinet Price List Supplier,99.35,61,,each
DS-D1230W,"Dove White Shaker Wall Decorative Door 12""W x 30""H",Dove White Shaker Wall Decorative Door,Cabinets,Dove White Shaker,2025 Cabinet Price List Supplier,85.95,61,,each
DS-D1236W,"Dove White Shaker Wall Decorative Door 12""W x 36""H",Dove White Shaker Wall Decorative Door,Cabinets,Dove White Shaker,2025 Cabinet Price List Supplier,103.43,61,,each
DS-D1242W,"Dove White Shaker Wall Decorative Door 12""W x 42""H",Dove White Shaker Wall Decorative Door,Cabinets,Dove White Shaker,2025 Cabinet Price List Supplier,120.91,61,,each
DS-D1249W,"Dove White Shaker Wall Decorative Door 12""W x 49""H",Dove White Shaker Wall Decorative Door,Cabinets,Dove White Shaker,2025 Cabinet Price List Supplier,168.00,61,,each
DS-D2430B,"Dove White Shaker Base Decorative Door 24""W x 30""H",Dove White Shaker Base Decorative Door,Cabinets,Dove White Shaker,2025 Cabinet Price List Supplier,178.41,61,,each
DS-DB12-3,"Dove White Shaker Drawer Base Cabinet 12""W",Dove White Shaker Drawer Base Cabinet,Cabinets,Dove White Shaker,2025 Cabinet Price List Supplier,438.33,61,,each
DS-DB15-3,"Dove White Shaker Drawer Base Cabinet 15""W",Dove White Shaker Drawer Base Cabinet,Cabinets,Dove White Shaker,2025 Cabinet Price List Supplier,490.71,61,,each
DS-DB18-3,"Dove White Shaker Drawer Base Cabinet 18""W",Dove White Shaker Drawer Base Cabinet,Cabinets,Dove White Shaker,2025 Cabinet Price List Supplier,543.02,61,,each
DS-DB21-3,"Dove White Shaker Drawer Base Cabinet 21""W",Dove White Shaker Drawer Base Cabinet,Cabinets,Dove White Shaker,2025 Cabinet Price List Supplier,600.15,61,,each
DS-DB24-3,"Dove White Shaker Drawer Base Cabinet 24""W",Dove White Shaker Drawer Base Cabinet,Cabinets,Dove White Shaker,2025 Cabinet Price List Supplier,653.41,61,,each
DS-DB30-3,"Dove White Shaker Drawer Base Cabinet 30""W",Dove White Shaker Drawer Base Cabinet,Cabinets,Dove White Shaker,2025 Cabinet Price List Supplier,697.24,61,,each
DS-DB36-3,"Dove White Shaker Drawer Base Cabinet 36""W",Dove White Shaker Drawer Base Cabinet,Cabinets,Dove White Shaker,2025 Cabinet Price List Supplier,747.08,61,,each
DS-DWR-3,Dove White Shaker Dish Washer Panel,Dove White Shaker Dish Washer Panel,Cabinets,Dove White Shaker,2025 Cabinet Price List Supplier,84.05,61,,each
DS-FA2421,"Dove White Shaker Sink Vanity Cabinet 24""W x 21""H",Dove White Shaker Sink Vanity Cabinet,Cabinets,Dove White Shaker,2025 Cabinet Price List Supplier,274.36,61,,each
DS-FA3021,"Dove White Shaker Sink Vanity Cabinet 30""W x 21""H",Dove White Shaker Sink Vanity Cabinet,Cabinets,Dove White Shaker,2025 Cabinet Price List Supplier,317.56,61,,each
DS-FA3021DL,"Dove White Shaker Vanity with 2 drawers, Drawers on the Left 30""W x 21""H","Dove White Shaker Vanity with 2 drawers, Drawers on the Left",Cabinets,Dove White Shaker,2025 Cabinet Price List Supplier,520.15,61,,each
DS-FA3021DR,"Dove White Shaker Vanity with 2 drawer, Drawers on the right 30""W x 21""H","Dove White Shaker Vanity with 2 drawer, Drawers on the right",Cabinets,Dove White Shaker,2025 Cabinet Price List Supplier,520.15,61,,each
DS-FA3621DL,"Dove White Shaker Vanity with 2 drawers, Drawers on the left 36""W x 21""H","Dove White Shaker Dove White Shaker Vanity with 2 drawers, Drawers on the left",Cabinets,Dove White Shaker,2025 Cabinet Price List Supplier,563.54,61,,each
DS-FA3621DR,"Dove White Shaker Vanity with 2 drawers, drawers on the right 36""W x 21""H","Dove White Shaker Vanity with 2 drawers, drawers on the right",Cabinets,Dove White Shaker,2025 Cabinet Price List Supplier,563.54,61,,each
DS-FB3X3,Dove White Shaker Rossette,Dove White Shaker Rossette,Cabinets,Dove White Shaker,2025 Cabinet Price List Supplier,10.00,61,,each
DS-FD30,"Dove White Shaker Knee Drawer Cabinet 30""W",Dove White Shaker Knee Drawer Cabinet,Cabinets,Dove White Shaker,2025 Cabinet Price List Supplier,124.89,61,,each
DS-FSB30,"Dove White Shaker FARM SINK BASE 30""W",DOVE WHITE FARM SINK BASE,Cabinets,Dove White Shaker,2025 Cabinet Price List Supplier,520.00,61,,each
DS-FSB36,"Dove White Shaker Farm Sink Base Cabinet 36""","Dove White Shaker Farm Sink Base Cabinet 36""",Cabinets,Dove White Shaker,2025 Cabinet Price List Supplier,550.00,61,,each
DS-GD1212,"Dove White Shaker Clear Glass and Frame 12""W x 12""H",Dove White Shaker Clear Glass and Frame,Cabinets,Dove White Shaker,2025 Cabinet Price List Supplier,82.82,61,,each
DS-GD1215,"Dove White Shaker Clear Glass and Frame 12""W x 15""H",Dove White Shaker Clear Glass and Frame,Cabinets,Dove White Shaker,2025 Cabinet Price List Supplier,85.16,61,,each
DS-GD1230,"Dove White Shaker Frosted Glass and Frame 12""W x 30""H",Dove White Shaker Frosted Glass and Frame,Cabinets,Dove White Shaker,2025 Cabinet Price List Supplier,100.33,61,,each
DS-GD1236,"Dove White Shaker Frosted Glass and Frame 12""W x 36""H",Dove White Shaker Frosted Glass and Frame,Cabinets,Dove White Shaker,2025 Cabinet Price List Supplier,111.52,61,,each
DS-GD1242,"Dove White Shaker Frosted Glass and Frame 12""W x 42""H",Dove White Shaker Frosted Glass and Frame,Cabinets,Dove White Shaker,2025 Cabinet Price List Supplier,122.71,61,,each
DS-GD1512,"Dove White Shaker Clear Glass and Frame 15""W x 12""H",Dove White Shaker Clear Glass and Frame,Cabinets,Dove White Shaker,2025 Cabinet Price List Supplier,96.23,61,,each
DS-GD1515,"Dove White Shaker Clear Glass and Frame 15""W x 15""H",Dove White Shaker Clear Glass and Frame,Cabinets,Dove White Shaker,2025 Cabinet Price List Supplier,98.65,61,,each
DS-GD1530,"Dove White Shaker Frosted Glass and Frame 15""W x 30""H",Dove White Shaker Frosted Glass and Frame,Cabinets,Dove White Shaker,2025 Cabinet Price List Supplier,116.88,61,,each
DS-GD1536,"Dove White Shaker Frosted Glass and Frame 15""W x 36""H",Dove White Shaker Frosted Glass and Frame,Cabinets,Dove White Shaker,2025 Cabinet Price List Supplier,128.07,61,,each
DS-GD1542,"Dove White Shaker Frosted Glass and Frame 15""W x 42""H",Dove White Shaker Frosted Glass and Frame,Cabinets,Dove White Shaker,2025 Cabinet Price List Supplier,140.24,61,,each
DS-GD1812,"Dove White Shaker Clear Glass and Frame 18""W x 12""H",Dove White Shaker Clear Glass and Frame,Cabinets,Dove White Shaker,2025 Cabinet Price List Supplier,109.65,61,,each
DS-GD1815,"Dove White Shaker Clear Glass and Frame 18""W x 15""H",Dove White Shaker Clear Glass and Frame,Cabinets,Dove White Shaker,2025 Cabinet Price List Supplier,112.13,61,,each
DS-GD1830,"Dove White Shaker Frosted Glass and Frame 18""W x 30""H",Dove White Shaker Frosted Glass and Frame,Cabinets,Dove White Shaker,2025 Cabinet Price List Supplier,134.88,61,,each
DS-GD1836,"Dove White Shaker Frosted Glass and Frame 18""W x 36""H",Dove White Shaker Frosted Glass and Frame,Cabinets,Dove White Shaker,2025 Cabinet Price List Supplier,145.97,61,,each
DS-GD1842,"Dove White Shaker Frosted Glass and Frame 18""W x 42""H",Dove White Shaker Frosted Glass and Frame,Cabinets,Dove White Shaker,2025 Cabinet Price List Supplier,160.00,61,,each
DS-GD2112,"Dove White Shaker Clear Glass and Frame 21""W x 12""H",Dove White Shaker Clear Glass and Frame,Cabinets,Dove White Shaker,2025 Cabinet Price List Supplier,123.06,61,,each
DS-GD2115,"Dove White Shaker Clear Glass and Frame 21""W x 15""H",Dove White Shaker Clear Glass and Frame,Cabinets,Dove White Shaker,2025 Cabinet Price List Supplier,131.29,61,,each
DS-GD2412,"Dove White Shaker Clear Glass and Frame ***This is 1 Set, 2 Doors*** 24""W x 12""H","Dove White Shaker Clear Glass and Frame ***This is 1 Set, 2 Doors***",Cabinets,Dove White Shaker,2025 Cabinet Price List Supplier,136.47,61,,each
DS-GD2415,"Dove White Shaker Clear Glass and Frame ***This is 1 Set, 2 Doors*** 24""W x 15""H","Dove White Shaker Clear Glass and Frame ***This is 1 Set, 2 Doors***",Cabinets,Dove White Shaker,2025 Cabinet Price List Supplier,150.45,61,,each
DS-GD2712,"Dove White Shaker Clear Glass and Frame ***This is 1 Set, 2 Doors*** 27""W x 12""H","Dove White Shaker Clear Glass and Frame ***This is 1 Set, 2 Doors***",Cabinets,Dove White Shaker,2025 Cabinet Price List Supplier,149.88,61,,each
DS-GD2715,"Dove White Shaker Clear Glass and Frame ***This is 1 Set, 2 Doors*** 27""W x 15""H","Dove White Shaker Clear Glass and Frame ***This is 1 Set, 2 Doors***",Cabinets,Dove White Shaker,2025 Cabinet Price List Supplier,160.39,61,,each
DS-GD3012,"Dove White Shaker Clear Glass and Frame ***This is 1 Set, 2 Doors*** 30""W x 12""H","Dove White Shaker Clear Glass and Frame ***This is 1 Set, 2 Doors***",Cabinets,Dove White Shaker,2025 Cabinet Price List Supplier,163.30,61,,each
DS-GD3015,"Dove White Shaker Clear Glass and Frame ***This is 1 Set, 2 Doors*** 30""W x 15""H","Dove White Shaker Clear Glass and Frame ***This is 1 Set, 2 Doors***",Cabinets,Dove White Shaker,2025 Cabinet Price List Supplier,170.32,61,,each
DS-GD3312,"Dove White Shaker Clear Glass and Frame ***This is 1 Set, 2 Doors*** 33""W x 12""H","Dove White Shaker Clear Glass and Frame ***This is 1 Set, 2 Doors***",Cabinets,Dove White Shaker,2025 Cabinet Price List Supplier,176.71,61,,each
DS-GD3315,"Dove White Shaker Clear Glass and Frame ***This is 1 Set, 2 Doors*** 33""W x 15""H","Dove White Shaker Clear Glass and Frame ***This is 1 Set, 2 Doors***",Cabinets,Dove White Shaker,2025 Cabinet Price List Supplier,183.10,61,,each
DS-GD3612,"Dove White Shaker Clear Glass and Frame ***This is 1 Set, 2 Doors*** 36""W x 12""H","Dove White Shaker Clear Glass and Frame ***This is 1 Set, 2 Doors***",Cabinets,Dove White Shaker,2025 Cabinet Price List Supplier,190.12,61,,each
DS-GD3615,"Dove White Shaker Clear Glass and Frame ***This is 1 Set, 2 Doors*** 36""W x 15""H","Dove White Shaker Clear Glass and Frame ***This is 1 Set, 2 Doors***",Cabinets,Dove White Shaker,2025 Cabinet Price List Supplier,180.26,61,,each
DS-GW1212,"Dove White Shaker Wall Cabinet with finished interior. Glass Doors are sold separately 12""W x 12""H",Dove White Shaker Wall Cabinet with finished interior. Glass Doors are sold separately,Cabinets,Dove White Shaker,2025 Cabinet Price List Supplier,145.63,61,,each
DS-GW1215,"Dove White Shaker Wall Cabinet with finished interior. Glass Doors are sold separately 12""W x 15""H",Dove White Shaker Wall Cabinet with finished interior. Glass Doors are sold separately,Cabinets,Dove White Shaker,2025 Cabinet Price List Supplier,160.74,61,,each
DS-GW1512,"Dove White Shaker Wall Cabinet with finished interior. Glass Doors are sold separately 15""W x 12""H",Dove White Shaker Wall Cabinet with finished interior. Glass Doors are sold separately,Cabinets,Dove White Shaker,2025 Cabinet Price List Supplier,160.74,61,,each
DS-GW1515,"Dove White Shaker Wall Cabinet with finished interior. Glass Doors are sold separately 15""W x 15""H",Dove White Shaker Wall Cabinet with finished interior. Glass Doors are sold separately,Cabinets,Dove White Shaker,2025 Cabinet Price List Supplier,174.86,61,,each
DS-GW1812,"Dove White Shaker Wall Cabinet with finished interior. Glass Doors are sold separately 18""W x 12""H",Dove White Shaker Wall Cabinet with finished interior. Glass Doors are sold separately,Cabinets,Dove White Shaker,2025 Cabinet Price List Supplier,172.66,61,,each
DS-GW1815,"Dove White Shaker Wall Cabinet with finished interior. Glass Doors are sold separately 18""W x 15""H",Dove White Shaker Wall Cabinet with finished interior. Glass Doors are sold separately,Cabinets,Dove White Shaker,2025 Cabinet Price List Supplier,189.20,61,,each
DS-GW2112,"Dove White Shaker Wall Cabinet with finished interior. Glass Doors are sold separately 21""W x 12""H",Dove White Shaker Wall Cabinet with finished interior. Glass Doors are sold separately,Cabinets,Dove White Shaker,2025 Cabinet Price List Supplier,186.01,61,,each
DS-GW2115,"Dove White Shaker Wall Cabinet with finished interior. Glass Doors are sold separately 21""W x 15""H",Dove White Shaker Wall Cabinet with finished interior. Glass Doors are sold separately,Cabinets,Dove White Shaker,2025 Cabinet Price List Supplier,203.39,61,,each
DS-GW2412,"Dove White Shaker Wall Cabinet with finished interior. Glass Doors are sold separately 24""W x 12""H",Dove White Shaker Wall Cabinet with finished interior. Glass Doors are sold separately,Cabinets,Dove White Shaker,2025 Cabinet Price List Supplier,198.71,61,,each
DS-GW2415,"Dove White Shaker Wall Cabinet with finished interior. Glass Doors are sold separately 24""W x 15""H",Dove White Shaker Wall Cabinet with finished interior. Glass Doors are sold separately,Cabinets,Dove White Shaker,2025 Cabinet Price List Supplier,217.80,61,,each
DS-GW2712,"Dove White Shaker Wall Cabinet with finished interior. Glass Doors are sold separately 27""W x 12""H",Dove White Shaker Wall Cabinet with finished interior. Glass Doors are sold separately,Cabinets,Dove White Shaker,2025 Cabinet Price List Supplier,213.05,61,,each
DS-GW2715,"Dove White Shaker Wall Cabinet with finished interior. Glass Doors are sold separately 27""W x 15""H",Dove White Shaker Wall Cabinet with finished interior. Glass Doors are sold separately,Cabinets,Dove White Shaker,2025 Cabinet Price List Supplier,231.99,61,,each
DS-GW3012,"Dove White Shaker Wall Cabinet with finished interior. Glass Doors are sold separately 30""W x 12""H",Dove White Shaker Wall Cabinet with finished interior. Glass Doors are sold separately,Cabinets,Dove White Shaker,2025 Cabinet Price List Supplier,228.73,61,,each
DS-GW3015,"Dove White Shaker Wall Cabinet with finished interior. Glass Doors are sold separately 30""W x 15""H",Dove White Shaker Wall Cabinet with finished interior. Glass Doors are sold separately,Cabinets,Dove White Shaker,2025 Cabinet Price List Supplier,248.67,61,,each
DS-GW3312,"Dove White Shaker Wall Cabinet with finished interior. Glass Doors are sold separately 33""W x 12""H",Dove White Shaker Wall Cabinet with finished interior. Glass Doors are sold separately,Cabinets,Dove White Shaker,2025 Cabinet Price List Supplier,243.21,61,,each
DS-GW3315,"Dove White Shaker Wall Cabinet with finished interior. Glass Doors are sold separately 33""W x 15""H",Dove White Shaker Wall Cabinet with finished interior. Glass Doors are sold separately,Cabinets,Dove White Shaker,2025 Cabinet Price List Supplier,264.21,61,,each
DS-GW3612,"Dove White Shaker Wall Cabinet with finished interior. Glass Doors are sold separately 36""W x 12""H",Dove White Shaker Wall Cabinet with finished interior. Glass Doors are sold separately,Cabinets,Dove White Shaker,2025 Cabinet Price List Supplier,257.61,61,,each
DS-GW3615,"Dove White Shaker Wall Cabinet with finished interior. Glass Doors are sold separately 36""W x 15""H",Dove White Shaker Wall Cabinet with finished interior. Glass Doors are sold separately,Cabinets,Dove White Shaker,2025 Cabinet Price List Supplier,279.61,61,,each
DS-GWDC2412,"Dove White Shaker Diagonal Corner Wall Cabinet with finished interior. Glass Doors are sold separately 24""W x 12""H",Dove White Shaker Diagonal Corner Wall Cabinet with finished interior. Glass Doors are sold separately,Cabinets,Dove White Shaker,2025 Cabinet Price List Supplier,329.86,61,,each
DS-GWDC2415,"Dove White Shaker Diagonal Corner Wall Cabinet with finished interior. Glass Doors are sold separately 24""W x 15""H",Dove White Shaker Diagonal Corner Wall Cabinet with finished interior. Glass Doors are sold separately,Cabinets,Dove White Shaker,2025 Cabinet Price List Supplier,337.81,61,,each
DS-HC30,"Dove White Shaker Hood Cover 30""W",Dove White Shaker Hood Cover,Cabinets,Dove White Shaker,2025 Cabinet Price List Supplier,688.00,61,,each
DS-HC36,"Dove White Shaker HOOD COVER 36""W",Dove White Shaker HOOD COVER,Cabinets,Dove White Shaker,2025 Cabinet Price List Supplier,732.00,61,,each
DS-LACQUEL ENAMEL (SPRAY PAINT,Dove White Shaker DS-M105-4710,DS-M105-4710,Cabinets,Dove White Shaker,2025 Cabinet Price List Supplier,35.00,61,,each
DS-OC3384,"Dove White Shaker Wall Oven Cabinet 33""W x 84""H",Dove White Shaker Wall Oven Cabinet,Cabinets,Dove White Shaker,2025 Cabinet Price List Supplier,1071.41,61,,each
DS-OC3390,"Dove White Shaker Wall Oven Cabinet 33""W x 90""H",Dove White Shaker Wall Oven Cabinet,Cabinets,Dove White Shaker,2025 Cabinet Price List Supplier,1082.55,61,,each
DS-OC3396,"Dove White Shaker Wall Oven Cabinet 33""W x 96""H",Dove White Shaker Wall Oven Cabinet,Cabinets,Dove White Shaker,2025 Cabinet Price List Supplier,1218.47,61,,each
DS-OCM8,Dove White Shaker Outside Corner Molding,Dove White Shaker Outside Corner Molding,Cabinets,Dove White Shaker,2025 Cabinet Price List Supplier,20.90,61,,each
DS-OGM8,Dove White Shaker Ogee Molding 8',Dove White Shaker Ogee Molding 8',Cabinets,Dove White Shaker,2025 Cabinet Price List Supplier,74.60,61,,each
DS-PCVFF396,"Dove White Shaker Fluted Filler 8' 39""W",Dove White Shaker Fluted Filler 8',Cabinets,Dove White Shaker,2025 Cabinet Price List Supplier,73.98,61,,each
DS-PD18-2,"Dove White Shaker POT DRAWER CABINET-2 Drawers 18""W",DOVE WHITE POT DRAWER CABINET-2 Drawers,Cabinets,Dove White Shaker,2025 Cabinet Price List Supplier,540.00,61,,each
DS-PD30-2,"Dove White Shaker POT DRAWER CABINET-2 Drawers 30""W",DOVE WHITE POT DRAWER CABINET-2 Drawers,Cabinets,Dove White Shaker,2025 Cabinet Price List Supplier,685.00,61,,each
DS-PD36-2,"Dove White Shaker POT DRAWER CABINET-2 Drawers 36""W",DOVE WHITE POT DRAWER CABINET-2 Drawers,Cabinets,Dove White Shaker,2025 Cabinet Price List Supplier,735.00,61,,each
DS-QR8,Dove White Shaker Quarter Round 8',Dove White Shaker Quarter Round 8',Cabinets,Dove White Shaker,2025 Cabinet Price List Supplier,29.64,61,,each
DS-RRP9624,"Dove White Shaker Refrigerator Panel 96""x24""x3"" return","Dove White Shaker Refrigerator Panel 96""x24""x3"" return",Cabinets,Dove White Shaker,2025 Cabinet Price List Supplier,177.65,61,,each
DS-SB24,"Dove White Shaker Sink Base Cabinet 24""W",Dove White Shaker Sink Base Cabinet,Cabinets,Dove White Shaker,2025 Cabinet Price List Supplier,320.78,61,,each
DS-SB27,"Dove White Shaker Sink Base 27""W",Dove White Shaker Sink Base,Cabinets,Dove White Shaker,2025 Cabinet Price List Supplier,358.02,61,,each
DS-SB30,"Dove White Shaker Sink Base 30""W",Dove White Shaker Sink Base,Cabinets,Dove White Shaker,2025 Cabinet Price List Supplier,400.77,61,,each
DS-SB33,"Dove White Shaker Sink Base 33""W",Dove White Shaker Sink Base,Cabinets,Dove White Shaker,2025 Cabinet Price List Supplier,475.32,61,,each
DS-SB36,"Dove White Shaker Sink Base 36""W",Dove White Shaker Sink Base,Cabinets,Dove White Shaker,2025 Cabinet Price List Supplier,508.00,61,,each
DS-SD,Dove White Shaker Sample Doors,Dove White Shaker Sample Doors,Cabinets,Dove White Shaker,2025 Cabinet Price List Supplier,40.00,61,,each
DS-SM8,Dove White Shaker Scribe Molding,Dove White Shaker Scribe Molding,Cabinets,Dove White Shaker,2025 Cabinet Price List Supplier,13.94,61,,each
DS-SPOOL-2,Dove White Shaker Full Post,Dove White Shaker Full Post,Cabinets,Dove White Shaker,2025 Cabinet Price List Supplier,178.29,61,,each
DS-SS-30,Dove White Shaker Split Spool,Dove White Shaker Split Spool,Cabinets,Dove White Shaker,2025 Cabinet Price List Supplier,89.15,61,,each
DS-SVA12D-3,"Dove White Shaker Vanity 3 Drawers Cabinet 12""W",Dove White Shaker Vanity 3 Drawers Cabinet,Cabinets,Dove White Shaker,2025 Cabinet Price List Supplier,405.01,61,,each
DS-SVA15D-3,"Dove White Shaker Vanity 3 Drawer Cabinet 15""W",Dove White Shaker Vanity 3 Drawer Cabinet,Cabinets,Dove White Shaker,2025 Cabinet Price List Supplier,449.23,61,,each
DS-SVA18D-3,"Dove White Shaker Vanity 3 Drawers Cabinet 18""W",Dove White Shaker Vanity 3 Drawers Cabinet,Cabinets,Dove White Shaker,2025 Cabinet Price List Supplier,494.12,61,,each
DS-SVAM2430,"Dove White Shaker Mirror 24""W x 30""H",Dove White Shaker Mirror,Cabinets,Dove White Shaker,2025 Cabinet Price List Supplier,154.00,61,,each
DS-TK8,Dove White Shaker Toe kick 8',Dove White Shaker Toe kick 8',Cabinets,Dove White Shaker,2025 Cabinet Price List Supplier,17.10,61,,each
DS-TLR-2,Dove White Shaker Light Rail Molding 8',Dove White Shaker Light Rail Molding 8',Cabinets,Dove White Shaker,2025 Cabinet Price List Supplier,67.76,61,,each
DS-TOUCH UP KIT,Dove White Shaker Touch up Kit,Dove White Shaker Touch up Kit,Cabinets,Dove White Shaker,2025 Cabinet Price List Supplier,39.56,61,,each
DS-UREP,"Dove White Shaker Universal Refrigerator Panel 30""x96""x3/4""","Dove White Shaker Universal Refrigerator Panel 30""x96""x3/4""",Cabinets,Dove White Shaker,2025 Cabinet Price List Supplier,271.70,61,,each
DS-V36,"Dove White Shaker Valance 36""W",Dove White Shaker Valance,Cabinets,Dove White Shaker,2025 Cabinet Price List Supplier,36.29,61,,each
DS-V42,"Dove White Shaker Valance 42""W",Dove White Shaker Valance,Cabinets,Dove White Shaker,2025 Cabinet Price List Supplier,42.87,61,,each
DS-V48,"Dove White Shaker Valance 48""W",Dove White Shaker Valance,Cabinets,Dove White Shaker,2025 Cabinet Price List Supplier,49.52,61,,each
DS-V60,"Dove White Shaker Valance 60""W",Dove White Shaker Valance,Cabinets,Dove White Shaker,2025 Cabinet Price List Supplier,63.96,61,,each
DS-VAL3612,"Dove White Shaker BIG VALANCE 36""W x 12""H",Dove White Shaker BIG VALANCE,Cabinets,Dove White Shaker,2025 Cabinet Price List Supplier,132.00,61,,each
DS-VAL4212,"Dove White Shaker BIG  VALANCE 42""W x 12""H",Dove White Shaker BIG VALANCE,Cabinets,Dove White Shaker,2025 Cabinet Price List Supplier,143.00,61,,each
DS-VAL4812,"Dove White Shaker BIG VALANCE 48""W x 12""H",Dove White Shaker BIG VALANCE,Cabinets,Dove White Shaker,2025 Cabinet Price List Supplier,198.00,61,,each
DS-W0930,"Dove White Shaker Wall Cabinet 9""W x 30""H",Dove White Shaker Wall Cabinet,Cabinets,Dove White Shaker,2025 Cabinet Price List Supplier,161.63,61,,each
DS-W0936,"Dove White Shaker Wall Cabinet 9""W x 36""H",Dove White Shaker Wall Cabinet,Cabinets,Dove White Shaker,2025 Cabinet Price List Supplier,185.44,61,,each
DS-W0942,"Dove White Shaker Wall Cabinet 9""W x 42""H",Dove White Shaker Wall Cabinet,Cabinets,Dove White Shaker,2025 Cabinet Price List Supplier,209.26,61,,each
DS-W1230,"Dove White Shaker Wall Cabinet 12""W x 30""H",Dove White Shaker Wall Cabinet,Cabinets,Dove White Shaker,2025 Cabinet Price List Supplier,187.98,61,,each
DS-W1236,"Dove White Shaker Wall Cabinet 12""W x 36""H",Dove White Shaker Wall Cabinet,Cabinets,Dove White Shaker,2025 Cabinet Price List Supplier,214.25,61,,each
DS-W1242,"Dove White Shaker Wall Cabinet 12""W x 42""H",Dove White Shaker Wall Cabinet,Cabinets,Dove White Shaker,2025 Cabinet Price List Supplier,242.44,61,,each
DS-W1530,"Dove White Shaker Wall Cabinet 15""W x 30""H",Dove White Shaker Wall Cabinet,Cabinets,Dove White Shaker,2025 Cabinet Price List Supplier,218.62,61,,each
DS-W1536,"Dove White Shaker Wall Cabinet 15""W x 36""H",Dove White Shaker Wall Cabinet,Cabinets,Dove White Shaker,2025 Cabinet Price List Supplier,248.02,61,,each
DS-W1542,"Dove White Shaker Wall Cabinet 15""W x 42""H",Dove White Shaker Wall Cabinet,Cabinets,Dove White Shaker,2025 Cabinet Price List Supplier,277.28,61,,each
DS-W1830,"Dove White Shaker Wall Cabinet 18""W x 30""H",Dove White Shaker Wall Cabinet,Cabinets,Dove White Shaker,2025 Cabinet Price List Supplier,251.30,61,,each
DS-W1836,"Dove White Shaker Wall Cabinet 18""W x 36""H",Dove White Shaker Wall Cabinet,Cabinets,Dove White Shaker,2025 Cabinet Price List Supplier,280.70,61,,each
DS-W1842,"Dove White Shaker Wall Cabinet 18""W x 42""H",Dove White Shaker Wall Cabinet,Cabinets,Dove White Shaker,2025 Cabinet Price List Supplier,310.20,61,,each
DS-W2130,"Dove White Shaker Wall Cabinet 21""W x 30""H",Dove White Shaker Wall Cabinet,Cabinets,Dove White Shaker,2025 Cabinet Price List Supplier,281.46,61,,each
DS-W2136,"Dove White Shaker Wall Cabinet 21""W x 36""H",Dove White Shaker Wall Cabinet,Cabinets,Dove White Shaker,2025 Cabinet Price List Supplier,313.69,61,,each
DS-W2142,"Dove White Shaker Wall Cabinet 21""W x 42""H",Dove White Shaker Wall Cabinet,Cabinets,Dove White Shaker,2025 Cabinet Price List Supplier,345.92,61,,each
DS-W2412,"Dove White Shaker Wall Cabinet 24""W x 12""H",Dove White Shaker Wall Cabinet,Cabinets,Dove White Shaker,2025 Cabinet Price List Supplier,199.00,61,,each
DS-W2415,"Dove White Shaker Wall Cabinet 24""W x 15""H",Dove White Shaker Wall Cabinet,Cabinets,Dove White Shaker,2025 Cabinet Price List Supplier,218.00,61,,each
DS-W2418,"Dove White Shaker Wall Cabinet 24""W x 18""H",Dove White Shaker Wall Cabinet,Cabinets,Dove White Shaker,2025 Cabinet Price List Supplier,236.00,61,,each
DS-W2424,"Dove White Shaker Wall Cabinet 24""W x 24""H",Dove White Shaker Wall Cabinet,Cabinets,Dove White Shaker,2025 Cabinet Price List Supplier,299.95,61,,each
DS-W2430,"Dove White Shaker Wall Cabinet 24""W x 30""H",Dove White Shaker Wall Cabinet,Cabinets,Dove White Shaker,2025 Cabinet Price List Supplier,321.48,61,,each
DS-W2436,"Dove White Shaker Wall Cabinet 24""W x 36""H",Dove White Shaker Wall Cabinet,Cabinets,Dove White Shaker,2025 Cabinet Price List Supplier,357.70,61,,each
DS-W2442,"Dove White Shaker Wall Cabinet 24""W x 42""H",Dove White Shaker Wall Cabinet,Cabinets,Dove White Shaker,2025 Cabinet Price List Supplier,386.46,61,,each
DS-W2730,"Dove White Shaker Wall Cabinet 27""W x 30""H",Dove White Shaker Wall Cabinet,Cabinets,Dove White Shaker,2025 Cabinet Price List Supplier,351.38,61,,each
DS-W2736,"Dove White Shaker Wall Cabinet 27""W x 36""H",Dove White Shaker Wall Cabinet,Cabinets,Dove White Shaker,2025 Cabinet Price List Supplier,369.29,61,,each
DS-W2742,"Dove White Shaker Wall Cabinet 27""W x 42""H",Dove White Shaker Wall Cabinet,Cabinets,Dove White Shaker,2025 Cabinet Price List Supplier,387.10,61,,each
DS-W3012,"Dove White Shaker Wall Cabinet 30""W x 12""H",Dove White Shaker Wall Cabinet,Cabinets,Dove White Shaker,2025 Cabinet Price List Supplier,192.28,61,,each
DS-W301224,"Dove White Shaker Refrigerator Cabinet 30""W x 12""H x 24""D",Dove White Shaker Refrigerator Cabinet,Cabinets,Dove White Shaker,2025 Cabinet Price List Supplier,265.74,61,,each
DS-W3015,"Dove White Shaker Wall Cabinet 30""W x 15""H",Dove White Shaker Wall Cabinet,Cabinets,Dove White Shaker,2025 Cabinet Price List Supplier,212.73,61,,each
DS-W301524,"Dove White Shaker Refrigerator Cabinet 30""W x 15""H x 24""D",Dove White Shaker Refrigerator Cabinet,Cabinets,Dove White Shaker,2025 Cabinet Price List Supplier,297.40,61,,each
DS-W3018,"Dove White Shaker Wall Cabinet 30""W x 18""H",Dove White Shaker Wall Cabinet,Cabinets,Dove White Shaker,2025 Cabinet Price List Supplier,227.88,61,,each
DS-W301824,"Dove White Shaker Refrigerator Cabinet 30""W x 18""H x 24""D",Dove White Shaker Refrigerator Cabinet,Cabinets,Dove White Shaker,2025 Cabinet Price List Supplier,327.04,61,,each
DS-W3021,"Dove White Shaker Wall Cabinet 30""W x 21""H",Dove White Shaker Wall Cabinet,Cabinets,Dove White Shaker,2025 Cabinet Price List Supplier,279.00,61,,each
DS-W302124,"Dove White Shaker Refrigerator Cabinet 30""W x 21""H x 24""D",Dove White Shaker Refrigerator Cabinet,Cabinets,Dove White Shaker,2025 Cabinet Price List Supplier,413.00,61,,each
DS-W3024,"Dove White Shaker Wall Cabinet 30""W x 24""H",Dove White Shaker Wall Cabinet,Cabinets,Dove White Shaker,2025 Cabinet Price List Supplier,320.72,61,,each
DS-W302424,"Dove White Shaker Refrigerator Cabinet 30""W x 24""H x 24""D",Dove White Shaker Refrigerator Cabinet,Cabinets,Dove White Shaker,2025 Cabinet Price List Supplier,431.47,61,,each
DS-W3030,"Dove White Shaker Wall Cabinet 30""W x 30""H",Dove White Shaker Wall Cabinet,Cabinets,Dove White Shaker,2025 Cabinet Price List Supplier,381.07,61,,each
DS-W3036,"Dove White Shaker Wall Cabinet 30""W x 36""H",Dove White Shaker Wall Cabinet,Cabinets,Dove White Shaker,2025 Cabinet Price List Supplier,423.06,61,,each
DS-W3042,"Dove White Shaker Wall Cabinet 30""W x 42""H",Dove White Shaker Wall Cabinet,Cabinets,Dove White Shaker,2025 Cabinet Price List Supplier,464.93,61,,each
DS-W3312,"Dove White Shaker Wall Cabinet 33""W x 12""H",Dove White Shaker Wall Cabinet,Cabinets,Dove White Shaker,2025 Cabinet Price List Supplier,219.33,61,,each
DS-W331224,"Dove White Shaker Refrigerator Cabinet 33""W x 12""H x 24""D",Dove White Shaker Refrigerator Cabinet,Cabinets,Dove White Shaker,2025 Cabinet Price List Supplier,274.74,61,,each
DS-W3315,"Dove White Shaker WALL CABINET 33""W x 15""H",Dove White Shaker WALL CABINET,Cabinets,Dove White Shaker,2025 Cabinet Price List Supplier,230.85,61,,each
DS-W331524,"Dove White Shaker Refrigerator Cabinet 33""W x 15""H x 24""D",Dove White Shaker Refrigerator Cabinet,Cabinets,Dove White Shaker,2025 Cabinet Price List Supplier,306.40,61,,each
DS-W3318,"Dove White Shaker Wall Cabinet 33""W x 18""H",Dove White Shaker Wall Cabinet,Cabinets,Dove White Shaker,2025 Cabinet Price List Supplier,243.39,61,,each
DS-W331824,"Dove White Shaker Refrigerator Cabinet 33""W x 18""H x 24""D",Dove White Shaker Refrigerator Cabinet,Cabinets,Dove White Shaker,2025 Cabinet Price List Supplier,336.04,61,,each
DS-W332124,"Dove White Shaker Refrigerator Cabinet 33""W x 21""H x 24""D",Dove White Shaker Refrigerator Cabinet,Cabinets,Dove White Shaker,2025 Cabinet Price List Supplier,435.00,61,,each
DS-W3324,"Dove White Shaker Wall Cabinet 33""W x 24""H",Dove White Shaker Wall Cabinet,Cabinets,Dove White Shaker,2025 Cabinet Price List Supplier,335.80,61,,each
DS-W332424,"Dove White Shaker Wall Cabinet 33""W x 24""H x 24""D",Dove White Shaker Wall Cabinet,Cabinets,Dove White Shaker,2025 Cabinet Price List Supplier,440.47,61,,each
DS-W3330,"Dove White Shaker Wall Cabinet 33""W x 30""H",Dove White Shaker Wall Cabinet,Cabinets,Dove White Shaker,2025 Cabinet Price List Supplier,402.68,61,,each
DS-W3336,"Dove White Shaker Wall Cabinet 33""W x 36""H",Dove White Shaker Wall Cabinet,Cabinets,Dove White Shaker,2025 Cabinet Price List Supplier,456.00,61,,each
DS-W3342,"Dove White Shaker Wall Cabinet 33""W x 42""H",Dove White Shaker Wall Cabinet,Cabinets,Dove White Shaker,2025 Cabinet Price List Supplier,523.52,61,,each
DS-W3612,"Dove White Shaker Wall Cabinet 36""W x 12""H",Dove White Shaker Wall Cabinet,Cabinets,Dove White Shaker,2025 Cabinet Price List Supplier,209.69,61,,each
DS-W361224,"Dove White Shaker Refrigerator Cabinet 36""W x 12""H x 24""D",Dove White Shaker Refrigerator Cabinet,Cabinets,Dove White Shaker,2025 Cabinet Price List Supplier,283.74,61,,each
DS-W3615,"Dove White Shaker Wall Cabinet 36""W x 15""H",Dove White Shaker Wall Cabinet,Cabinets,Dove White Shaker,2025 Cabinet Price List Supplier,244.65,61,,each
DS-W361524,"Dove White Shaker Refrigerator Cabinet 36""W x 15""H x 24""D",Dove White Shaker Refrigerator Cabinet,Cabinets,Dove White Shaker,2025 Cabinet Price List Supplier,315.40,61,,each
DS-W3618,"Dove White Shaker Wall Cabinet 36""W x 18""H",Dove White Shaker Wall Cabinet,Cabinets,Dove White Shaker,2025 Cabinet Price List Supplier,273.67,61,,each
DS-W361824,"Dove White Shaker Refrigerator Cabinet 36""W x 18""H x 24""D",Dove White Shaker Refrigerator Cabinet,Cabinets,Dove White Shaker,2025 Cabinet Price List Supplier,345.04,61,,each
DS-W3621,"Dove White Shaker Wall Cabinet 36""W x 21""H",Dove White Shaker Wall Cabinet,Cabinets,Dove White Shaker,2025 Cabinet Price List Supplier,319.00,61,,each
DS-W3621-24,"Dove White Shaker Refrigerator Cabinet 36""W x 21""H",Dove White Shaker Refrigerator Cabinet,Cabinets,Dove White Shaker,2025 Cabinet Price List Supplier,451.00,61,,each
DS-W3624,"Dove White Shaker Wall cabinet 36""W x 24""H",Dove White Shaker Wall cabinet,Cabinets,Dove White Shaker,2025 Cabinet Price List Supplier,352.71,61,,each
DS-W362424,"Dove White Shaker Refrigerator Cabinet 36""W x 24""H x 24""D",Dove White Shaker Refrigerator Cabinet,Cabinets,Dove White Shaker,2025 Cabinet Price List Supplier,449.47,61,,each
DS-W3630,"Dove White Shaker Wall Cabinet 36""W x 30""H",Dove White Shaker Wall Cabinet,Cabinets,Dove White Shaker,2025 Cabinet Price List Supplier,431.56,61,,each
DS-W3636,"Dove White Shaker Wall Cabinet 36""W x 36""H",Dove White Shaker Wall Cabinet,Cabinets,Dove White Shaker,2025 Cabinet Price List Supplier,488.61,61,,each
DS-W3642,"Dove White Shaker Wall Cabinet 36""W x 42""H",Dove White Shaker Wall Cabinet,Cabinets,Dove White Shaker,2025 Cabinet Price List Supplier,559.29,61,,each
DS-WDC2430,"Dove White Shaker Wall Diagonal Cabinet 24""W x 30""H",Dove White Shaker Wall Diagonal Cabinet,Cabinets,Dove White Shaker,2025 Cabinet Price List Supplier,396.22,61,,each
DS-WDC2436,"Dove White Shaker Wall Diagonal Cabinet 24""W x 36""H",Dove White Shaker Wall Diagonal Cabinet,Cabinets,Dove White Shaker,2025 Cabinet Price List Supplier,443.53,61,,each
DS-WDC2442,"Dove White Shaker Wall Diagonal Cabinet 24""W x 42""H",Dove White Shaker Wall Diagonal Cabinet,Cabinets,Dove White Shaker,2025 Cabinet Price List Supplier,487.23,61,,each
DS-WDC273615,"Dove White Shaker Wall Diagonal Cabinet 27""W x 36""H x 15""D",Dove White Shaker Wall Diagonal Cabinet,Cabinets,Dove White Shaker,2025 Cabinet Price List Supplier,522.19,61,,each
DS-WDC274215,"Dove White Shaker Wall Diagonal Cabinet 27""W x 42""H x 15""D",Dove White Shaker Wall Diagonal Cabinet,Cabinets,Dove White Shaker,2025 Cabinet Price List Supplier,568.03,61,,each
DS-WEC1230,"Dove White Shaker Wall End Angle Cabinet 12""W x 30""H",Dove White Shaker Wall End Angle Cabinet,Cabinets,Dove White Shaker,2025 Cabinet Price List Supplier,222.18,61,,each
DS-WEC1236,"Dove White Shaker Wall End Angle Cabinet 12""W x 36""H",Dove White Shaker Wall End Angle Cabinet,Cabinets,Dove White Shaker,2025 Cabinet Price List Supplier,250.73,61,,each
DS-WEC1242,"Dove White Shaker Angled Wall Cabinet 12""W x 42""H",Dove White Shaker Angled Wall Cabinet,Cabinets,Dove White Shaker,2025 Cabinet Price List Supplier,276.19,61,,each
DS-WES0930,"Dove White Shaker Wall End Shelf Cabinet 9""W x 30""H",Dove White Shaker Wall End Shelf Cabinet,Cabinets,Dove White Shaker,2025 Cabinet Price List Supplier,153.64,61,,each
DS-WES0936,"Dove White Shaker Wall End Shelf Cabinet 9""W x 36""H",Dove White Shaker Wall End Shelf Cabinet,Cabinets,Dove White Shaker,2025 Cabinet Price List Supplier,182.02,61,,each
DS-WES0942,"Dove White Shaker Wall End Shelf Cabinet 9""W x 42""H",Dove White Shaker Wall End Shelf Cabinet,Cabinets,Dove White Shaker,2025 Cabinet Price List Supplier,213.75,61,,each
DS-WF1.5X96,"Dove White Shaker Tall Filler 1.5""W x 96""H",Dove White Shaker Tall Filler,Cabinets,Dove White Shaker,2025 Cabinet Price List Supplier,60.00,61,,each
DS-WF330,"Dove White Shaker Wall Filler 3""x30""","Dove White Shaker Wall Filler 3""x30""",Cabinets,Dove White Shaker,2025 Cabinet Price List Supplier,23.75,61,,each
DS-WF336,"Dove White Shaker Wall Filler 3x36""","Dove White Shaker Wall Filler 3x36""",Cabinets,Dove White Shaker,2025 Cabinet Price List Supplier,28.18,61,,each
DS-WF342,"Dove White Shaker Wall Filler 3""W x 42""H",Dove White Shaker Wall Filler,Cabinets,Dove White Shaker,2025 Cabinet Price List Supplier,32.87,61,,each
DS-WF396,"Dove White Shaker Tall Filler 3""W x 96""H",Dove White Shaker Tall Filler,Cabinets,Dove White Shaker,2025 Cabinet Price List Supplier,67.70,61,,each
DS-WF630,"Dove White Shaker WALL FILLER 6X30 6""W x 30""H",Dove White Shaker WALL FILLER 6X30,Cabinets,Dove White Shaker,2025 Cabinet Price List Supplier,46.74,61,,each
DS-WF636,"Dove White Shaker Wall Filler 6""x36""","Dove White Shaker Wall Filler 6""x36""",Cabinets,Dove White Shaker,2025 Cabinet Price List Supplier,53.20,61,,each
DS-WF642,"Dove White Shaker Wall Filler 6""W x 42""H",Dove White Shaker Wall Filler,Cabinets,Dove White Shaker,2025 Cabinet Price List Supplier,59.79,61,,each
DS-WF696,"Dove White Shaker Tall Filler 6""x96""","Dove White Shaker Tall Filler 6""x96""",Cabinets,Dove White Shaker,2025 Cabinet Price List Supplier,131.04,61,,each
DS-WLS2430,"Dove White Shaker Wall Corner Bi-Fold Door Cabinet 24""W x 30""H",Dove White Shaker Wall Corner Bi-Fold Door Cabinet,Cabinets,Dove White Shaker,2025 Cabinet Price List Supplier,403.00,61,,each
DS-WLS2436,"Dove White Shaker Wall Corner Bi-Fold Door Cabinet 24""W x 36""H",Dove White Shaker Wall Corner Bi-Fold Door Cabinet,Cabinets,Dove White Shaker,2025 Cabinet Price List Supplier,451.00,61,,each
DS-WLS2442,"Dove White Shaker Wall Corner Bi-Fold Door Cabinet 24""W x 42""H",Dove White Shaker Wall Corner Bi-Fold Door Cabinet,Cabinets,Dove White Shaker,2025 Cabinet Price List Supplier,496.00,61,,each
DS-WMC3030,"Dove White Shaker Microwave Cabinet 30""W x 30""H",Dove White Shaker Microwave Cabinet,Cabinets,Dove White Shaker,2025 Cabinet Price List Supplier,440.80,61,,each
DS-WMC3036,"Dove White Shaker Microwave Cabinet 30""W x 36""H",Dove White Shaker Microwave Cabinet,Cabinets,Dove White Shaker,2025 Cabinet Price List Supplier,458.78,61,,each
DS-WMC3042,"Dove White Shaker Microwave Cabinet 30""W x 42""H",Dove White Shaker Microwave Cabinet,Cabinets,Dove White Shaker,2025 Cabinet Price List Supplier,484.38,61,,each
DS-WP1884,"Dove White Shaker Tall Pantry 18""W x 84""H",Dove White Shaker Tall Pantry,Cabinets,Dove White Shaker,2025 Cabinet Price List Supplier,773.68,61,,each
DS-WP1890,"Dove White Shaker Tall Pantry 18""W x 90""H",Dove White Shaker Tall Pantry,Cabinets,Dove White Shaker,2025 Cabinet Price List Supplier,823.84,61,,each
DS-WP1896,"Dove White Shaker Tall Pantry 18""W x 96""H",Dove White Shaker Tall Pantry,Cabinets,Dove White Shaker,2025 Cabinet Price List Supplier,874.12,61,,each
DS-WP2484,"Dove White Shaker Tall Pantry 24""W x 84""H",Dove White Shaker Tall Pantry,Cabinets,Dove White Shaker,2025 Cabinet Price List Supplier,840.37,61,,each
DS-WP2490,"Dove White Shaker Tall Pantry 24""W x 90""H",Dove White Shaker Tall Pantry,Cabinets,Dove White Shaker,2025 Cabinet Price List Supplier,877.30,61,,each
DS-WP2496,"Dove White Shaker Tall Pantry 24""W x 96""H",Dove White Shaker Tall Pantry,Cabinets,Dove White Shaker,2025 Cabinet Price List Supplier,939.48,61,,each
DS-WP3084,"Dove White Shaker Tall Pantry 30""W x 84""H",Dove White Shaker Tall Pantry,Cabinets,Dove White Shaker,2025 Cabinet Price List Supplier,882.00,61,,each
DS-WP3090,"Dove White Shaker Tall Pantry 30""W x 90""H",Dove White Shaker Tall Pantry,Cabinets,Dove White Shaker,2025 Cabinet Price List Supplier,933.00,61,,each
DS-WP3096,"Dove White Shaker Tall Pantry 30""W x 96""H",Dove White Shaker Tall Pantry,Cabinets,Dove White Shaker,2025 Cabinet Price List Supplier,983.00,61,,each
GL-B09,"Glacier Base Cabinet 9""W",Glacier Base Cabinet,Cabinets,Glacier,2025 Cabinet Price List Supplier,206.22,61,,each
GL-B12,"Glacier Base Cabinet 12""W",Glacier Base Cabinet,Cabinets,Glacier,2025 Cabinet Price List Supplier,270.75,61,,each
GL-B15,"Glacier Base Cabinet 15""W",Glacier Base Cabinet,Cabinets,Glacier,2025 Cabinet Price List Supplier,323.00,61,,each
GL-B18,"Glacier Base Cabinet 18""W",Glacier Base Cabinet,Cabinets,Glacier,2025 Cabinet Price List Supplier,377.78,61,,each
GL-B21,"Glacier Base Cabinet 21""W",Glacier Base Cabinet,Cabinets,Glacier,2025 Cabinet Price List Supplier,411.03,61,,each
GL-B24,"Glacier Base Cabinet 24""W",Glacier Base Cabinet,Cabinets,Glacier,2025 Cabinet Price List Supplier,453.66,61,,each
GL-B27,"Glacier Base Cabinet 27""W",Glacier Base Cabinet,Cabinets,Glacier,2025 Cabinet Price List Supplier,489.25,61,,each
GL-B30,"Glacier Base Cabinet 30""W",Glacier Base Cabinet,Cabinets,Glacier,2025 Cabinet Price List Supplier,574.88,61,,each
GL-B33,"Glacier Base Cabinet 33""W",Glacier Base Cabinet,Cabinets,Glacier,2025 Cabinet Price List Supplier,611.86,61,,each
GL-B36,"Glacier Base Cabinet 36""W",Glacier Base Cabinet,Cabinets,Glacier,2025 Cabinet Price List Supplier,648.72,61,,each
GL-BBC39,"Glacier Blind Corner Cabinet 39""W",Glacier Blind Corner Cabinet,Cabinets,Glacier,2025 Cabinet Price List Supplier,492.10,61,,each
GL-BBC42,"Glacier Blind Corner Cabinet 42""W",Glacier Blind Corner Cabinet,Cabinets,Glacier,2025 Cabinet Price List Supplier,645.94,61,,each
GL-BCB150,Glacier Chair Rail Molding,Glacier Chair Rail Molding,Cabinets,Glacier,2025 Cabinet Price List Supplier,30.26,61,,each
GL-BEC24,"Glacier Base End Angle 24""W",Glacier Base End Angle,Cabinets,Glacier,2025 Cabinet Price List Supplier,575.32,61,,each
GL-BES09,"Glacier Base End Shelf 9""W",Glacier Base End Shelf,Cabinets,Glacier,2025 Cabinet Price List Supplier,330.22,61,,each
GL-BFH09,"Glacier BASE FULL HEIGHT DOOR CABINET 9""W",GLACIER BASE FULL HEIGHT DOOR CABINET,Cabinets,Glacier,2025 Cabinet Price List Supplier,180.00,61,,each
GL-BLS33N,"Glacier Lazy Susan cabinet with shelf only. No Trays. 33""W",Glacier Lazy Susan cabinet with shelf only. No Trays.,Cabinets,Glacier,2025 Cabinet Price List Supplier,727.66,61,,each
GL-BLS36N,"Glacier Lazy Susan cabinet with shelf only. No Trays. 36""W",Glacier Lazy Susan cabinet with shelf only. No Trays.,Cabinets,Glacier,2025 Cabinet Price List Supplier,785.36,61,,each
GL-BMC30,"Glacier Base Microwave Cabinet 30""","Glacier Base Microwave Cabinet 30""",Cabinets,Glacier,2025 Cabinet Price List Supplier,535.00,61,,each
GL-BSR06,"Glacier Spice Rack Cabinet 6""W",Glacier Spice Rack Cabinet,Cabinets,Glacier,2025 Cabinet Price List Supplier,266.00,61,,each
GL-BSR09,"Glacier Spice Rack Cabinet 9""W",Glacier Spice Rack Cabinet,Cabinets,Glacier,2025 Cabinet Price List Supplier,278.67,61,,each
GL-BSR12,"Glacier Spice Rack Cabinet 12""","Glacier Spice Rack Cabinet 12""",Cabinets,Glacier,2025 Cabinet Price List Supplier,300.00,61,,each
GL-CSB36,"Glacier Diagonal Corner Sink Base 36""W",Glacier Diagonal Corner Sink Base,Cabinets,Glacier,2025 Cabinet Price List Supplier,763.55,61,,each
GL-D1212W,"Glacier Wall Decorative Door 12""W x 12""H",Glacier Wall Decorative Door,Cabinets,Glacier,2025 Cabinet Price List Supplier,92.97,61,,each
GL-D1215W,"Glacier Wall Decorative Door 12""W x 15""H",Glacier Wall Decorative Door,Cabinets,Glacier,2025 Cabinet Price List Supplier,99.35,61,,each
GL-D1230W,"Glacier Wall Decorative Door 12""W x 30""H",Glacier Wall Decorative Door,Cabinets,Glacier,2025 Cabinet Price List Supplier,85.95,61,,each
GL-D1236W,"Glacier Wall Decorative Door 12""W x 36""H",Glacier Wall Decorative Door,Cabinets,Glacier,2025 Cabinet Price List Supplier,103.43,61,,each
GL-D1242W,"Glacier Wall Decorative Door 12""W x 42""H",Glacier Wall Decorative Door,Cabinets,Glacier,2025 Cabinet Price List Supplier,120.91,61,,each
GL-D1249W,"Glacier Wall Decorative Door 12""W x 49""H",Glacier Wall Decorative Door,Cabinets,Glacier,2025 Cabinet Price List Supplier,168.00,61,,each
GL-D2430B,"Glacier Base Decorative Door 24""W x 30""H",Glacier Base Decorative Door,Cabinets,Glacier,2025 Cabinet Price List Supplier,178.41,61,,each
GL-DB12-3,"Glacier Drawer Base Cabinet 12""W",Glacier Drawer Base Cabinet,Cabinets,Glacier,2025 Cabinet Price List Supplier,438.33,61,,each
GL-DB15-3,"Glacier Drawer Base Cabinet 15""W",Glacier Drawer Base Cabinet,Cabinets,Glacier,2025 Cabinet Price List Supplier,490.71,61,,each
GL-DB18-3,"Glacier Drawer Base Cabinet 18""W",Glacier Drawer Base Cabinet,Cabinets,Glacier,2025 Cabinet Price List Supplier,543.02,61,,each
GL-DB21-3,"Glacier Drawer Base Cabinet 21""W",Glacier Drawer Base Cabinet,Cabinets,Glacier,2025 Cabinet Price List Supplier,600.15,61,,each
GL-DB24-3,"Glacier Drawer Base Cabinet 24""W",Glacier Drawer Base Cabinet,Cabinets,Glacier,2025 Cabinet Price List Supplier,653.41,61,,each
GL-DB30-3,"Glacier Drawer Base Cabinet 30""W",Glacier Drawer Base Cabinet,Cabinets,Glacier,2025 Cabinet Price List Supplier,697.24,61,,each
GL-DB36-3,"Glacier Drawer Base Cabinet 36""W",Glacier Drawer Base Cabinet,Cabinets,Glacier,2025 Cabinet Price List Supplier,747.08,61,,each
GL-FA2421,"Glacier Sink Vanity Cabinet 24""W x 21""H",Glacier Sink Vanity Cabinet,Cabinets,Glacier,2025 Cabinet Price List Supplier,274.36,61,,each
GL-FA3021,"Glacier Sink Vanity Cabinet 30""W x 21""H",Glacier Sink Vanity Cabinet,Cabinets,Glacier,2025 Cabinet Price List Supplier,317.56,61,,each
GL-FA3021DL,"Glacier Vanity with 2 drawers, Drawers on the Left 30""W x 21""H","Glacier Vanity with 2 drawers, Drawers on the Left",Cabinets,Glacier,2025 Cabinet Price List Supplier,520.15,61,,each
GL-FA3021DR,"Glacier Vanity with 2 drawer, Drawers on the right 30""W x 21""H","Glacier Vanity with 2 drawer, Drawers on the right",Cabinets,Glacier,2025 Cabinet Price List Supplier,520.15,61,,each
GL-FA3621DL,"Glacier Vanity with 2 drawers, Drawers on the left 36""W x 21""H","Glacier Glacier Vanity with 2 drawers, Drawers on the left",Cabinets,Glacier,2025 Cabinet Price List Supplier,563.54,61,,each
GL-FA3621DR,"Glacier Vanity with 2 drawers, drawers on the right 36""W x 21""H","Glacier Vanity with 2 drawers, drawers on the right",Cabinets,Glacier,2025 Cabinet Price List Supplier,563.54,61,,each
GL-FD30,"Glacier Knee Drawer Cabinet 30""W",Glacier Knee Drawer Cabinet,Cabinets,Glacier,2025 Cabinet Price List Supplier,124.89,61,,each
GL-FSB30,"Glacier FARM SINK BASE 30""W",GLACIER FARM SINK BASE,Cabinets,Glacier,2025 Cabinet Price List Supplier,520.00,61,,each
GL-FSB36,"Glacier Farm Sink Base Cabinet 36""","Glacier Farm Sink Base Cabinet 36""",Cabinets,Glacier,2025 Cabinet Price List Supplier,550.00,61,,each
GL-GD1212,"Glacier Clear Glass and Frame 12""W x 12""H",Glacier Clear Glass and Frame,Cabinets,Glacier,2025 Cabinet Price List Supplier,82.82,61,,each
GL-GD1215,"Glacier Clear Glass and Frame 12""W x 15""H",Glacier Clear Glass and Frame,Cabinets,Glacier,2025 Cabinet Price List Supplier,85.16,61,,each
GL-GD1230,"Glacier Frosted Glass and Frame 12""W x 30""H",Glacier Frosted Glass and Frame,Cabinets,Glacier,2025 Cabinet Price List Supplier,100.33,61,,each
GL-GD1236,"Glacier Frosted Glass and Frame 12""W x 36""H",Glacier Frosted Glass and Frame,Cabinets,Glacier,2025 Cabinet Price List Supplier,111.52,61,,each
GL-GD1242,"Glacier Frosted Glass and Frame 12""W x 42""H",Glacier Frosted Glass and Frame,Cabinets,Glacier,2025 Cabinet Price List Supplier,122.71,61,,each
GL-GD1512,"Glacier Clear Glass and Frame 15""W x 12""H",Glacier Clear Glass and Frame,Cabinets,Glacier,2025 Cabinet Price List Supplier,96.23,61,,each
GL-GD1515,"Glacier Clear Glass and Frame 15""W x 15""H",Glacier Clear Glass and Frame,Cabinets,Glacier,2025 Cabinet Price List Supplier,98.65,61,,each
GL-GD1530,"Glacier Frosted Glass and Frame 15""W x 30""H",Glacier Frosted Glass and Frame,Cabinets,Glacier,2025 Cabinet Price List Supplier,116.88,61,,each
GL-GD1536,"Glacier Frosted Glass and Frame 15""W x 36""H",Glacier Frosted Glass and Frame,Cabinets,Glacier,2025 Cabinet Price List Supplier,128.07,61,,each
GL-GD1542,"Glacier Frosted Glass and Frame 15""W x 42""H",Glacier Frosted Glass and Frame,Cabinets,Glacier,2025 Cabinet Price List Supplier,140.24,61,,each
GL-GD1812,"Glacier Clear Glass and Frame 18""W x 12""H",Glacier Clear Glass and Frame,Cabinets,Glacier,2025 Cabinet Price List Supplier,109.65,61,,each
GL-GD1815,"Glacier Clear Glass and Frame 18""W x 15""H",Glacier Clear Glass and Frame,Cabinets,Glacier,2025 Cabinet Price List Supplier,112.13,61,,each
GL-GD1830,"Glacier Frosted Glass and Frame 18""W x 30""H",Glacier Frosted Glass and Frame,Cabinets,Glacier,2025 Cabinet Price List Supplier,134.88,61,,each
GL-GD1836,"Glacier Frosted Glass and Frame 18""W x 36""H",Glacier Frosted Glass and Frame,Cabinets,Glacier,2025 Cabinet Price List Supplier,145.97,61,,each
GL-GD1842,"Glacier Frosted Glass and Frame 18""W x 42""H",Glacier Frosted Glass and Frame,Cabinets,Glacier,2025 Cabinet Price List Supplier,160.00,61,,each
GL-GD2112,"Glacier Clear Glass and Frame 21""W x 12""H",Glacier Clear Glass and Frame,Cabinets,Glacier,2025 Cabinet Price List Supplier,123.06,61,,each
GL-GD2115,"Glacier Clear Glass and Frame 21""W x 15""H",Glacier Clear Glass and Frame,Cabinets,Glacier,2025 Cabinet Price List Supplier,131.29,61,,each
GL-GD2412,"Glacier Clear Glass and Frame ***This is 1 Set, 2 Doors*** 24""W x 12""H","Glacier Clear Glass and Frame ***This is 1 Set, 2 Doors***",Cabinets,Glacier,2025 Cabinet Price List Supplier,136.47,61,,each
GL-GD2415,"Glacier Clear Glass and Frame ***This is 1 Set, 2 Doors*** 24""W x 15""H","Glacier Clear Glass and Frame ***This is 1 Set, 2 Doors***",Cabinets,Glacier,2025 Cabinet Price List Supplier,150.45,61,,each
GL-GD2712,"Glacier Clear Glass and Frame ***This is 1 Set, 2 Doors*** 27""W x 12""H","Glacier Clear Glass and Frame ***This is 1 Set, 2 Doors***",Cabinets,Glacier,2025 Cabinet Price List Supplier,149.88,61,,each
GL-GD2715,"Glacier Clear Glass and Frame ***This is 1 Set, 2 Doors*** 27""W x 15""H","Glacier Clear Glass and Frame ***This is 1 Set, 2 Doors***",Cabinets,Glacier,2025 Cabinet Price List Supplier,160.39,61,,each
GL-GD3012,"Glacier Clear Glass and Frame ***This is 1 Set, 2 Doors*** 30""W x 12""H","Glacier Clear Glass and Frame ***This is 1 Set, 2 Doors***",Cabinets,Glacier,2025 Cabinet Price List Supplier,163.30,61,,each
GL-GD3015,"Glacier Clear Glass and Frame ***This is 1 Set, 2 Doors*** 30""W x 15""H","Glacier Clear Glass and Frame ***This is 1 Set, 2 Doors***",Cabinets,Glacier,2025 Cabinet Price List Supplier,170.32,61,,each
GL-GD3312,"Glacier Clear Glass and Frame ***This is 1 Set, 2 Doors*** 33""W x 12""H","Glacier Clear Glass and Frame ***This is 1 Set, 2 Doors***",Cabinets,Glacier,2025 Cabinet Price List Supplier,176.71,61,,each
GL-GD3315,"Glacier Clear Glass and Frame ***This is 1 Set, 2 Doors*** 33""W x 15""H","Glacier Clear Glass and Frame ***This is 1 Set, 2 Doors***",Cabinets,Glacier,2025 Cabinet Price List Supplier,183.10,61,,each
GL-GD3612,"Glacier Clear Glass and Frame ***This is 1 Set, 2 Doors*** 36""W x 12""H","Glacier Clear Glass and Frame ***This is 1 Set, 2 Doors***",Cabinets,Glacier,2025 Cabinet Price List Supplier,190.12,61,,each
GL-GD3615,"Glacier Clear Glass and Frame ***This is 1 Set, 2 Doors*** 36""W x 15""H","Glacier Clear Glass and Frame ***This is 1 Set, 2 Doors***",Cabinets,Glacier,2025 Cabinet Price List Supplier,180.26,61,,each
GL-GW1212,"Glacier Wall Cabinet with finished interior. Glass Doors are sold separately 12""W x 12""H",Glacier Wall Cabinet with finished interior. Glass Doors are sold separately,Cabinets,Glacier,2025 Cabinet Price List Supplier,145.63,61,,each
GL-GW1215,"Glacier Wall Cabinet with finished interior. Glass Doors are sold separately 12""W x 15""H",Glacier Wall Cabinet with finished interior. Glass Doors are sold separately,Cabinets,Glacier,2025 Cabinet Price List Supplier,160.74,61,,each
GL-GW1512,"Glacier Wall Cabinet with finished interior. Glass Doors are sold separately 15""W x 12""H",Glacier Wall Cabinet with finished interior. Glass Doors are sold separately,Cabinets,Glacier,2025 Cabinet Price List Supplier,160.74,61,,each
GL-GW1515,"Glacier Wall Cabinet with finished interior. Glass Doors are sold separately 15""W x 15""H",Glacier Wall Cabinet with finished interior. Glass Doors are sold separately,Cabinets,Glacier,2025 Cabinet Price List Supplier,174.86,61,,each
GL-GW1812,"Glacier Wall Cabinet with finished interior. Glass Doors are sold separately 18""W x 12""H",Glacier Wall Cabinet with finished interior. Glass Doors are sold separately,Cabinets,Glacier,2025 Cabinet Price List Supplier,172.66,61,,each
GL-GW1815,"Glacier Wall Cabinet with finished interior. Glass Doors are sold separately 18""W x 15""H",Glacier Wall Cabinet with finished interior. Glass Doors are sold separately,Cabinets,Glacier,2025 Cabinet Price List Supplier,189.20,61,,each
GL-GW2112,"Glacier Wall Cabinet with finished interior. Glass Doors are sold separately 21""W x 12""H",Glacier Wall Cabinet with finished interior. Glass Doors are sold separately,Cabinets,Glacier,2025 Cabinet Price List Supplier,186.01,61,,each
GL-GW2115,"Glacier Wall Cabinet with finished interior. Glass Doors are sold separately 21""W x 15""H",Glacier Wall Cabinet with finished interior. Glass Doors are sold separately,Cabinets,Glacier,2025 Cabinet Price List Supplier,203.39,61,,each
GL-GW2412,"Glacier Wall Cabinet with finished interior. Glass Doors are sold separately 24""W x 12""H",Glacier Wall Cabinet with finished interior. Glass Doors are sold separately,Cabinets,Glacier,2025 Cabinet Price List Supplier,198.71,61,,each
GL-GW2415,"Glacier Wall Cabinet with finished interior. Glass Doors are sold separately 24""W x 15""H",Glacier Wall Cabinet with finished interior. Glass Doors are sold separately,Cabinets,Glacier,2025 Cabinet Price List Supplier,217.80,61,,each
GL-GW2712,"Glacier Wall Cabinet with finished interior. Glass Doors are sold separately 27""W x 12""H",Glacier Wall Cabinet with finished interior. Glass Doors are sold separately,Cabinets,Glacier,2025 Cabinet Price List Supplier,213.05,61,,each
GL-GW2715,"Glacier Wall Cabinet with finished interior. Glass Doors are sold separately 27""W x 15""H",Glacier Wall Cabinet with finished interior. Glass Doors are sold separately,Cabinets,Glacier,2025 Cabinet Price List Supplier,231.99,61,,each
GL-GW3012,"Glacier Wall Cabinet with finished interior. Glass Doors are sold separately 30""W x 12""H",Glacier Wall Cabinet with finished interior. Glass Doors are sold separately,Cabinets,Glacier,2025 Cabinet Price List Supplier,228.73,61,,each
GL-GW3015,"Glacier Wall Cabinet with finished interior. Glass Doors are sold separately 30""W x 15""H",Glacier Wall Cabinet with finished interior. Glass Doors are sold separately,Cabinets,Glacier,2025 Cabinet Price List Supplier,248.67,61,,each
GL-GW3312,"Glacier Wall Cabinet with finished interior. Glass Doors are sold separately 33""W x 12""H",Glacier Wall Cabinet with finished interior. Glass Doors are sold separately,Cabinets,Glacier,2025 Cabinet Price List Supplier,243.21,61,,each
GL-GW3315,"Glacier Wall Cabinet with finished interior. Glass Doors are sold separately 33""W x 15""H",Glacier Wall Cabinet with finished interior. Glass Doors are sold separately,Cabinets,Glacier,2025 Cabinet Price List Supplier,264.21,61,,each
GL-GW3612,"Glacier Wall Cabinet with finished interior. Glass Doors are sold separately 36""W x 12""H",Glacier Wall Cabinet with finished interior. Glass Doors are sold separately,Cabinets,Glacier,2025 Cabinet Price List Supplier,257.61,61,,each
GL-GW3615,"Glacier Wall Cabinet with finished interior. Glass Doors are sold separately 36""W x 15""H",Glacier Wall Cabinet with finished interior. Glass Doors are sold separately,Cabinets,Glacier,2025 Cabinet Price List Supplier,279.61,61,,each
GL-GWDC2412,"Glacier Diagonal Corner Wall Cabinet with finished interior. Glass Doors are sold separately 24""W x 12""H",Glacier Diagonal Corner Wall Cabinet with finished interior. Glass Doors are sold separately,Cabinets,Glacier,2025 Cabinet Price List Supplier,329.86,61,,each
GL-GWDC2415,"Glacier Diagonal Corner Wall Cabinet with finished interior. Glass Doors are sold separately 24""W x 15""H",Glacier Diagonal Corner Wall Cabinet with finished interior. Glass Doors are sold separately,Cabinets,Glacier,2025 Cabinet Price List Supplier,337.81,61,,each
GL-OC3384,"Glacier Wall Oven Cabinet 33""W x 84""H",Glacier Wall Oven Cabinet,Cabinets,Glacier,2025 Cabinet Price List Supplier,1071.41,61,,each
GL-OC3390,"Glacier Wall Oven Cabinet 33""W x 90""H",Glacier Wall Oven Cabinet,Cabinets,Glacier,2025 Cabinet Price List Supplier,1082.55,61,,each
GL-OC3396,"Glacier Wall Oven Cabinet 33""W x 96""H",Glacier Wall Oven Cabinet,Cabinets,Glacier,2025 Cabinet Price List Supplier,1218.47,61,,each
GL-PD18-2,"Glacier POT DRAWER CABINET-2 Drawers 18""W",GLACIER POT DRAWER CABINET-2 Drawers,Cabinets,Glacier,2025 Cabinet Price List Supplier,540.00,61,,each
GL-PD30-2,"Glacier POT DRAWER CABINET-2 Drawers 30""W",GLACIER POT DRAWER CABINET-2 Drawers,Cabinets,Glacier,2025 Cabinet Price List Supplier,685.00,61,,each
GL-PD36-2,"Glacier POT DRAWER CABINET-2 Drawers 36""W",GLACIER POT DRAWER CABINET-2 Drawers,Cabinets,Glacier,2025 Cabinet Price List Supplier,735.00,61,,each
GL-SB24,"Glacier Sink Base Cabinet 24""W",Glacier Sink Base Cabinet,Cabinets,Glacier,2025 Cabinet Price List Supplier,320.78,61,,each
GL-SB27,"Glacier Sink Base 27""W",Glacier Sink Base,Cabinets,Glacier,2025 Cabinet Price List Supplier,358.02,61,,each
GL-SB30,"Glacier Sink Base 30""W",Glacier Sink Base,Cabinets,Glacier,2025 Cabinet Price List Supplier,400.77,61,,each
GL-SB33,"Glacier Sink Base 33""W",Glacier Sink Base,Cabinets,Glacier,2025 Cabinet Price List Supplier,475.32,61,,each
GL-SB36,"Glacier Sink Base 36""W",Glacier Sink Base,Cabinets,Glacier,2025 Cabinet Price List Supplier,508.00,61,,each
GL-SD,Glacier Sample Doors,Glacier Sample Doors,Cabinets,Glacier,2025 Cabinet Price List Supplier,40.00,61,,each
GL-SVA12D-3,"Glacier Vanity 3 Drawers Cabinet 12""W",Glacier Vanity 3 Drawers Cabinet,Cabinets,Glacier,2025 Cabinet Price List Supplier,405.01,61,,each
GL-SVA15D-3,"Glacier Vanity 3 Drawer Cabinet 15""W",Glacier Vanity 3 Drawer Cabinet,Cabinets,Glacier,2025 Cabinet Price List Supplier,449.23,61,,each
GL-SVA18D-3,"Glacier Vanity 3 Drawers Cabinet 18""W",Glacier Vanity 3 Drawers Cabinet,Cabinets,Glacier,2025 Cabinet Price List Supplier,494.12,61,,each
GL-SVAM2430,"Glacier Mirror 24""W x 30""H",Glacier Mirror,Cabinets,Glacier,2025 Cabinet Price List Supplier,154.00,61,,each
GL-W0930,"Glacier Wall Cabinet 9""W x 30""H",Glacier Wall Cabinet,Cabinets,Glacier,2025 Cabinet Price List Supplier,161.63,61,,each
GL-W0936,"Glacier Wall Cabinet 9""W x 36""H",Glacier Wall Cabinet,Cabinets,Glacier,2025 Cabinet Price List Supplier,185.44,61,,each
GL-W0942,"Glacier Wall Cabinet 9""W x 42""H",Glacier Wall Cabinet,Cabinets,Glacier,2025 Cabinet Price List Supplier,209.26,61,,each
GL-W1230,"Glacier Wall Cabinet 12""W x 30""H",Glacier Wall Cabinet,Cabinets,Glacier,2025 Cabinet Price List Supplier,187.98,61,,each
GL-W1236,"Glacier Wall Cabinet 12""W x 36""H",Glacier Wall Cabinet,Cabinets,Glacier,2025 Cabinet Price List Supplier,214.25,61,,each
GL-W1242,"Glacier Wall Cabinet 12""W x 42""H",Glacier Wall Cabinet,Cabinets,Glacier,2025 Cabinet Price List Supplier,242.44,61,,each
GL-W1530,"Glacier Wall Cabinet 15""W x 30""H",Glacier Wall Cabinet,Cabinets,Glacier,2025 Cabinet Price List Supplier,218.62,61,,each
GL-W1536,"Glacier Wall Cabinet 15""W x 36""H",Glacier Wall Cabinet,Cabinets,Glacier,2025 Cabinet Price List Supplier,248.02,61,,each
GL-W1542,"Glacier Wall Cabinet 15""W x 42""H",Glacier Wall Cabinet,Cabinets,Glacier,2025 Cabinet Price List Supplier,277.28,61,,each
GL-W1830,"Glacier Wall Cabinet 18""W x 30""H",Glacier Wall Cabinet,Cabinets,Glacier,2025 Cabinet Price List Supplier,251.30,61,,each
GL-W1836,"Glacier Wall Cabinet 18""W x 36""H",Glacier Wall Cabinet,Cabinets,Glacier,2025 Cabinet Price List Supplier,280.70,61,,each
GL-W1842,"Glacier Wall Cabinet 18""W x 42""H",Glacier Wall Cabinet,Cabinets,Glacier,2025 Cabinet Price List Supplier,310.20,61,,each
GL-W2130,"Glacier Wall Cabinet 21""W x 30""H",Glacier Wall Cabinet,Cabinets,Glacier,2025 Cabinet Price List Supplier,281.46,61,,each
GL-W2136,"Glacier Wall Cabinet 21""W x 36""H",Glacier Wall Cabinet,Cabinets,Glacier,2025 Cabinet Price List Supplier,313.69,61,,each
GL-W2142,"Glacier Wall Cabinet 21""W x 42""H",Glacier Wall Cabinet,Cabinets,Glacier,2025 Cabinet Price List Supplier,345.92,61,,each
GL-W2412,"Glacier Wall Cabinet 24""W x 12""H",Glacier Wall Cabinet,Cabinets,Glacier,2025 Cabinet Price List Supplier,199.00,61,,each
GL-W2415,"Glacier Wall Cabinet 24""W x 15""H",Glacier Wall Cabinet,Cabinets,Glacier,2025 Cabinet Price List Supplier,218.00,61,,each
GL-W2418,"Glacier Wall Cabinet 24""W x 18""H",Glacier Wall Cabinet,Cabinets,Glacier,2025 Cabinet Price List Supplier,236.00,61,,each
GL-W2421,"Glacier Wall Cabinet 24""W x 21""H",Glacier Wall Cabinet,Cabinets,Glacier,2025 Cabinet Price List Supplier,285.00,61,,each
GL-W2424,"Glacier Wall Cabinet 24""W x 24""H",Glacier Wall Cabinet,Cabinets,Glacier,2025 Cabinet Price List Supplier,299.95,61,,each
GL-W2430,"Glacier Wall Cabinet 24""W x 30""H",Glacier Wall Cabinet,Cabinets,Glacier,2025 Cabinet Price List Supplier,321.48,61,,each
GL-W2436,"Glacier Wall Cabinet 24""W x 36""H",Glacier Wall Cabinet,Cabinets,Glacier,2025 Cabinet Price List Supplier,357.70,61,,each
GL-W2442,"Glacier Wall Cabinet 24""W x 42""H",Glacier Wall Cabinet,Cabinets,Glacier,2025 Cabinet Price List Supplier,386.46,61,,each
GL-W2730,"Glacier Wall Cabinet 27""W x 30""H",Glacier Wall Cabinet,Cabinets,Glacier,2025 Cabinet Price List Supplier,351.38,61,,each
GL-W2736,"Glacier Wall Cabinet 27""W x 36""H",Glacier Wall Cabinet,Cabinets,Glacier,2025 Cabinet Price List Supplier,369.29,61,,each
GL-W2742,"Glacier Wall Cabinet 27""W x 42""H",Glacier Wall Cabinet,Cabinets,Glacier,2025 Cabinet Price List Supplier,387.10,61,,each
GL-W3012,"Glacier Wall Cabinet 30""W x 12""H",Glacier Wall Cabinet,Cabinets,Glacier,2025 Cabinet Price List Supplier,192.28,61,,each
GL-W301224,"Glacier Refrigerator Cabinet 30""W x 12""H x 24""D",Glacier Refrigerator Cabinet,Cabinets,Glacier,2025 Cabinet Price List Supplier,265.74,61,,each
GL-W3015,"Glacier Wall Cabinet 30""W x 15""H",Glacier Wall Cabinet,Cabinets,Glacier,2025 Cabinet Price List Supplier,212.73,61,,each
GL-W301524,"Glacier Refrigerator Cabinet 30""W x 15""H x 24""D",Glacier Refrigerator Cabinet,Cabinets,Glacier,2025 Cabinet Price List Supplier,297.40,61,,each
GL-W3018,"Glacier Wall Cabinet 30""W x 18""H",Glacier Wall Cabinet,Cabinets,Glacier,2025 Cabinet Price List Supplier,227.88,61,,each
GL-W301824,"Glacier Refrigerator Cabinet 30""W x 18""H x 24""D",Glacier Refrigerator Cabinet,Cabinets,Glacier,2025 Cabinet Price List Supplier,327.04,61,,each
GL-W3021,"Glacier Wall Cabinet 30""W x 21""H",Glacier Wall Cabinet,Cabinets,Glacier,2025 Cabinet Price List Supplier,279.00,61,,each
GL-W302124,"Glacier Refrigerator Cabinet 30""W x 21""H x 24""D",Glacier Refrigerator Cabinet,Cabinets,Glacier,2025 Cabinet Price List Supplier,413.00,61,,each
GL-W3024,"Glacier Wall Cabinet 30""W x 24""H",Glacier Wall Cabinet,Cabinets,Glacier,2025 Cabinet Price List Supplier,320.72,61,,each
GL-W302424,"Glacier Refrigerator Cabinet 30""W x 24""H x 24""D",Glacier Refrigerator Cabinet,Cabinets,Glacier,2025 Cabinet Price List Supplier,431.47,61,,each
GL-W3030,"Glacier Wall Cabinet 30""W x 30""H",Glacier Wall Cabinet,Cabinets,Glacier,2025 Cabinet Price List Supplier,381.07,61,,each
GL-W3036,"Glacier Wall Cabinet 30""W x 36""H",Glacier Wall Cabinet,Cabinets,Glacier,2025 Cabinet Price List Supplier,423.06,61,,each
GL-W3042,"Glacier Wall Cabinet 30""W x 42""H",Glacier Wall Cabinet,Cabinets,Glacier,2025 Cabinet Price List Supplier,464.93,61,,each
GL-W3312,"Glacier Wall Cabinet 33""W x 12""H",Glacier Wall Cabinet,Cabinets,Glacier,2025 Cabinet Price List Supplier,219.33,61,,each
GL-W331224,"Glacier Refrigerator Cabinet 33""W x 12""H x 24""D",Glacier Refrigerator Cabinet,Cabinets,Glacier,2025 Cabinet Price List Supplier,274.74,61,,each
GL-W3315,"Glacier WALL CABINET 33""W x 15""H",Glacier WALL CABINET,Cabinets,Glacier,2025 Cabinet Price List Supplier,230.85,61,,each
GL-W331524,"Glacier Refrigerator Cabinet 33""W x 15""H x 24""D",Glacier Refrigerator Cabinet,Cabinets,Glacier,2025 Cabinet Price List Supplier,306.40,61,,each
GL-W3318,"Glacier Wall Cabinet 33""W x 18""H",Glacier Wall Cabinet,Cabinets,Glacier,2025 Cabinet Price List Supplier,243.39,61,,each
GL-W331824,"Glacier Refrigerator Cabinet 33""W x 18""H x 24""D",Glacier Refrigerator Cabinet,Cabinets,Glacier,2025 Cabinet Price List Supplier,336.04,61,,each
GL-W332124,"Glacier Refrigerator Cabinet 33""W x 21""H x 24""D",Glacier Refrigerator Cabinet,Cabinets,Glacier,2025 Cabinet Price List Supplier,438.00,61,,each
GL-W3324,"Glacier Wall Cabinet 33""W x 24""H",Glacier Wall Cabinet,Cabinets,Glacier,2025 Cabinet Price List Supplier,335.80,61,,each
GL-W332424,"Glacier Refrigerator Cabinet 33""W x 24""H x 24""D",Glacier Refrigerator Cabinet,Cabinets,Glacier,2025 Cabinet Price List Supplier,440.47,61,,each
GL-W3330,"Glacier Wall Cabinet 33""W x 30""H",Glacier Wall Cabinet,Cabinets,Glacier,2025 Cabinet Price List Supplier,402.68,61,,each
GL-W3336,"Glacier Wall Cabinet 33""W x 36""H",Glacier Wall Cabinet,Cabinets,Glacier,2025 Cabinet Price List Supplier,456.00,61,,each
GL-W3342,"Glacier Wall Cabinet 33""W x 42""H",Glacier Wall Cabinet,Cabinets,Glacier,2025 Cabinet Price List Supplier,523.52,61,,each
GL-W3612,"Glacier Wall Cabinet 36""W x 12""H",Glacier Wall Cabinet,Cabinets,Glacier,2025 Cabinet Price List Supplier,209.69,61,,each
GL-W361224,"Glacier Refrigerator Cabinet 36""W x 12""H x 24""D",Glacier Refrigerator Cabinet,Cabinets,Glacier,2025 Cabinet Price List Supplier,283.74,61,,each
GL-W3615,"Glacier Wall Cabinet 36""W x 15""H",Glacier Wall Cabinet,Cabinets,Glacier,2025 Cabinet Price List Supplier,244.65,61,,each
GL-W361524,"Glacier Refrigerator Cabinet 36""W x 15""H x 24""D",Glacier Refrigerator Cabinet,Cabinets,Glacier,2025 Cabinet Price List Supplier,315.40,61,,each
GL-W3618,"Glacier Wall Cabinet 36""W x 18""H",Glacier Wall Cabinet,Cabinets,Glacier,2025 Cabinet Price List Supplier,273.67,61,,each
GL-W361824,"Glacier Refrigerator Cabinet 36""W x 18""H x 24""D",Glacier Refrigerator Cabinet,Cabinets,Glacier,2025 Cabinet Price List Supplier,345.04,61,,each
GL-W3621,"Glacier Wall Cabinet 36""W x 21""H",Glacier Wall Cabinet,Cabinets,Glacier,2025 Cabinet Price List Supplier,319.00,61,,each
GL-W3621-24,"Glacier Refrigerator Cabinet 36""W x 21""H",Glacier Refrigerator Cabinet,Cabinets,Glacier,2025 Cabinet Price List Supplier,451.00,61,,each
GL-W3624,"Glacier Wall cabinet 36""W x 24""H",Glacier Wall cabinet,Cabinets,Glacier,2025 Cabinet Price List Supplier,352.71,61,,each
GL-W362424,"Glacier Refrigerator Cabinet 36""W x 24""H x 24""D",Glacier Refrigerator Cabinet,Cabinets,Glacier,2025 Cabinet Price List Supplier,449.47,61,,each
GL-W3630,"Glacier Wall Cabinet 36""W x 30""H",Glacier Wall Cabinet,Cabinets,Glacier,2025 Cabinet Price List Supplier,431.56,61,,each
GL-W3636,"Glacier Wall Cabinet 36""W x 36""H",Glacier Wall Cabinet,Cabinets,Glacier,2025 Cabinet Price List Supplier,488.61,61,,each
GL-W3642,"Glacier Wall Cabinet 36""W x 42""H",Glacier Wall Cabinet,Cabinets,Glacier,2025 Cabinet Price List Supplier,559.29,61,,each
GL-WCD3015,"Glacier Plate Rack 30""W x 15""H",Glacier Plate Rack,Cabinets,Glacier,2025 Cabinet Price List Supplier,224.96,61,,each
GL-WDC2430,"Glacier Wall Diagonal Cabinet 24""W x 30""H",Glacier Wall Diagonal Cabinet,Cabinets,Glacier,2025 Cabinet Price List Supplier,396.22,61,,each
GL-WDC2436,"Glacier Wall Diagonal Cabinet 24""W x 36""H",Glacier Wall Diagonal Cabinet,Cabinets,Glacier,2025 Cabinet Price List Supplier,443.53,61,,each
GL-WDC2442,"Glacier Wall Diagonal Cabinet 24""W x 42""H",Glacier Wall Diagonal Cabinet,Cabinets,Glacier,2025 Cabinet Price List Supplier,487.23,61,,each
GL-WDC273615,"Glacier Wall Diagonal Cabinet 27""W x 36""H x 15""D",Glacier Wall Diagonal Cabinet,Cabinets,Glacier,2025 Cabinet Price List Supplier,522.19,61,,each
GL-WDC274215,"Glacier Wall Diagonal Cabinet 27""W x 42""H x 15""D",Glacier Wall Diagonal Cabinet,Cabinets,Glacier,2025 Cabinet Price List Supplier,568.03,61,,each
GL-WEC1230,"Glacier Wall End Angle Cabinet 12""W x 30""H",Glacier Wall End Angle Cabinet,Cabinets,Glacier,2025 Cabinet Price List Supplier,222.18,61,,each
GL-WEC1236,"Glacier Wall End Angle Cabinet 12""W x 36""H",Glacier Wall End Angle Cabinet,Cabinets,Glacier,2025 Cabinet Price List Supplier,250.73,61,,each
GL-WEC1242,"Glacier Angled Wall Cabinet 12""W x 42""H",Glacier Angled Wall Cabinet,Cabinets,Glacier,2025 Cabinet Price List Supplier,276.19,61,,each
GL-WLS2430,"Glacier Wall Corner Bi-Fold Door Cabinet 24""W x 30""H",Glacier Wall Corner Bi-Fold Door Cabinet,Cabinets,Glacier,2025 Cabinet Price List Supplier,403.00,61,,each
GL-WLS2436,"Glacier Wall Corner Bi-Fold Door Cabinet 24""W x 36""H",Glacier Wall Corner Bi-Fold Door Cabinet,Cabinets,Glacier,2025 Cabinet Price List Supplier,451.00,61,,each
GL-WLS2442,"Glacier Wall Corner Bi-Fold Door Cabinet 24""W x 42""H",Glacier Wall Corner Bi-Fold Door Cabinet,Cabinets,Glacier,2025 Cabinet Price List Supplier,496.00,61,,each
GL-WMC3030,"Glacier Microwave Cabinet 30""W x 30""H",Glacier Microwave Cabinet,Cabinets,Glacier,2025 Cabinet Price List Supplier,440.80,61,,each
GL-WMC3036,"Glacier Microwave Cabinet 30""W x 36""H",Glacier Microwave Cabinet,Cabinets,Glacier,2025 Cabinet Price List Supplier,458.78,61,,each
GL-WMC3042,"Glacier Microwave Cabinet 30""W x 42""H",Glacier Microwave Cabinet,Cabinets,Glacier,2025 Cabinet Price List Supplier,484.38,61,,each
GL-WP1884,"Glacier Tall Pantry 18""W x 84""H",Glacier Tall Pantry,Cabinets,Glacier,2025 Cabinet Price List Supplier,773.68,61,,each
GL-WP1890,"Glacier Tall Pantry 18""W x 90""H",Glacier Tall Pantry,Cabinets,Glacier,2025 Cabinet Price List Supplier,823.84,61,,each
GL-WP1896,"Glacier Tall Pantry 18""W x 96""H",Glacier Tall Pantry,Cabinets,Glacier,2025 Cabinet Price List Supplier,874.12,61,,each
GL-WP2484,"Glacier Tall Pantry 24""W x 84""H",Glacier Tall Pantry,Cabinets,Glacier,2025 Cabinet Price List Supplier,840.37,61,,each
GL-WP2490,"Glacier Tall Pantry 24""W x 90""H",Glacier Tall Pantry,Cabinets,Glacier,2025 Cabinet Price List Supplier,877.30,61,,each
GL-WP2496,"Glacier Tall Pantry 24""W x 96""H",Glacier Tall Pantry,Cabinets,Glacier,2025 Cabinet Price List Supplier,939.48,61,,each
GL-WP3084,"Glacier Tall Pantry 30""W x 84""H",Glacier Tall Pantry,Cabinets,Glacier,2025 Cabinet Price List Supplier,882.00,61,,each
GL-WP3090,"Glacier Tall Pantry 30""W x 90""H",Glacier Tall Pantry,Cabinets,Glacier,2025 Cabinet Price List Supplier,933.00,61,,each
GL-WP3096,"Glacier Tall Pantry 30""W x 96""H",Glacier Tall Pantry,Cabinets,Glacier,2025 Cabinet Price List Supplier,983.00,61,,each
GR-30GR,"Gray Stone Glass Holder 30""W",Gray Stone Glass Holder,Cabinets,Gray Stone,2025 Cabinet Price List Supplier,55.03,61,,each
GR-30WR,"Gray Stone Wall Wine Rack Cabinet 30""W",Gray Stone Wall Wine Rack Cabinet,Cabinets,Gray Stone,2025 Cabinet Price List Supplier,215.15,61,,each
GR-36GR,"Gray Stone Glass Holder 36""W",Gray Stone Glass Holder,Cabinets,Gray Stone,2025 Cabinet Price List Supplier,74.74,61,,each
GR-36WR,"Gray Stone Wall Wine Rack Cabinet 36""W",Gray Stone Wall Wine Rack Cabinet,Cabinets,Gray Stone,2025 Cabinet Price List Supplier,260.94,61,,each
GR-ACM8-C,"Gray Stone Crown Molding 3"" Curved Staggered","Gray Stone Crown Molding 3"" Curved Staggered",Cabinets,Gray Stone,2025 Cabinet Price List Supplier,149.40,61,,each
GR-ACM8-S,"Gray Stone Crown Molding 3"" Straight Staggered","Gray Stone Crown Molding 3"" Straight Staggered",Cabinets,Gray Stone,2025 Cabinet Price List Supplier,149.40,61,,each
GR-B09,"Gray Stone Base Cabinet 9""W",Gray Stone Base Cabinet,Cabinets,Gray Stone,2025 Cabinet Price List Supplier,206.22,61,,each
GR-B12,"Gray Stone Base Cabinet 12""W",Gray Stone Base Cabinet,Cabinets,Gray Stone,2025 Cabinet Price List Supplier,270.75,61,,each
GR-B15,"Gray Stone Base Cabinet 15""W",Gray Stone Base Cabinet,Cabinets,Gray Stone,2025 Cabinet Price List Supplier,323.00,61,,each
GR-B18,"Gray Stone Base Cabinet 18""W",Gray Stone Base Cabinet,Cabinets,Gray Stone,2025 Cabinet Price List Supplier,377.78,61,,each
GR-B21,"Gray Stone Base Cabinet 21""W",Gray Stone Base Cabinet,Cabinets,Gray Stone,2025 Cabinet Price List Supplier,411.03,61,,each
GR-B24,"Gray Stone Base Cabinet 24""W",Gray Stone Base Cabinet,Cabinets,Gray Stone,2025 Cabinet Price List Supplier,453.66,61,,each
GR-B27,"Gray Stone Base Cabinet 27""W",Gray Stone Base Cabinet,Cabinets,Gray Stone,2025 Cabinet Price List Supplier,489.25,61,,each
GR-B30,"Gray Stone Base Cabinet 30""W",Gray Stone Base Cabinet,Cabinets,Gray Stone,2025 Cabinet Price List Supplier,574.88,61,,each
GR-B33,"Gray Stone Base Cabinet 33""W",Gray Stone Base Cabinet,Cabinets,Gray Stone,2025 Cabinet Price List Supplier,611.86,61,,each
GR-B36,"Gray Stone Base Cabinet 36""W",Gray Stone Base Cabinet,Cabinets,Gray Stone,2025 Cabinet Price List Supplier,648.72,61,,each
GR-BBC39,"Gray Stone Blind Corner Cabinet 39""W",Gray Stone Blind Corner Cabinet,Cabinets,Gray Stone,2025 Cabinet Price List Supplier,492.10,61,,each
GR-BBC42,"Gray Stone Blind Corner Cabinet 42""W",Gray Stone Blind Corner Cabinet,Cabinets,Gray Stone,2025 Cabinet Price List Supplier,645.94,61,,each
GR-BCB150,Gray Stone Chair Rail Molding,Gray Stone Chair Rail Molding,Cabinets,Gray Stone,2025 Cabinet Price List Supplier,30.27,61,,each
GR-BEC24,"Gray Stone Base End Angle 24""W",Gray Stone Base End Angle,Cabinets,Gray Stone,2025 Cabinet Price List Supplier,575.32,61,,each
GR-BES09,"Gray Stone Base End Curved 9""W",Gray Stone Base End Curved,Cabinets,Gray Stone,2025 Cabinet Price List Supplier,330.22,61,,each
GR-BFH09,"Gray Stone BASE FULL HEIGHT DOOR CABINET 9""W",GRAY STONE BASE FULL HEIGHT DOOR CABINET,Cabinets,Gray Stone,2025 Cabinet Price List Supplier,180.00,61,,each
GR-BLS33N,"Gray Stone Lazy Susan cabinet with shelf only. No Trays. 33""W",Gray Stone Lazy Susan cabinet with shelf only. No Trays.,Cabinets,Gray Stone,2025 Cabinet Price List Supplier,727.66,61,,each
GR-BLS36N,"Gray Stone Lazy Susan cabinet with shelf only. No Trays. 36""W",Gray Stone Lazy Susan cabinet with shelf only. No Trays.,Cabinets,Gray Stone,2025 Cabinet Price List Supplier,785.36,61,,each
GR-BM8,"Gray Stone Base Molding 96""","Gray Stone Base Molding 96""",Cabinets,Gray Stone,2025 Cabinet Price List Supplier,96.84,61,,each
GR-BMC30,"Gray Stone Base Microwave Cabinet 30""W",Gray Stone Base Microwave Cabinet,Cabinets,Gray Stone,2025 Cabinet Price List Supplier,535.00,61,,each
GR-BP3696,"Gray Stone Back Panel 36""x96""x1/4""","Gray Stone Back Panel 36""x96""x1/4""",Cabinets,Gray Stone,2025 Cabinet Price List Supplier,131.55,61,,each
GR-BP4896,"Gray Stone Back Panel 48""x96""x1/4""","Gray Stone Back Panel 48""x96""x1/4""",Cabinets,Gray Stone,2025 Cabinet Price List Supplier,178.00,61,,each
GR-BSR06,"Gray Stone Spice Rack Cabinet 6""W",Gray Stone Spice Rack Cabinet,Cabinets,Gray Stone,2025 Cabinet Price List Supplier,266.00,61,,each
GR-BSR09,"Gray Stone Spice Rack Cabinet 9""W",Gray Stone Spice Rack Cabinet,Cabinets,Gray Stone,2025 Cabinet Price List Supplier,278.67,61,,each
GR-BSR12,"Gray Stone Spice Rack Cabinet 12""W",Gray Stone Spice Rack Cabinet,Cabinets,Gray Stone,2025 Cabinet Price List Supplier,300.00,61,,each
GR-CCM8-1,Gray Stone Crown Molding,Gray Stone Crown Molding,Cabinets,Gray Stone,2025 Cabinet Price List Supplier,,61,,each
GR-CCM8-2,Gray Stone Crown Molding,Gray Stone Crown Molding,Cabinets,Gray Stone,2025 Cabinet Price List Supplier,,61,,each
GR-CM8-C,Gray Stone Curved  Crown Molding,Gray Stone Curved Crown Molding,Cabinets,Gray Stone,2025 Cabinet Price List Supplier,96.20,61,,each
GR-CORBEL-2,Gray Stone Corbel-2,Gray Stone Corbel-2,Cabinets,Gray Stone,2025 Cabinet Price List Supplier,216.93,61,,each
GR-CSB36,"Gray Stone Diagonal Corner Sink Base 36""W",Gray Stone Diagonal Corner Sink Base,Cabinets,Gray Stone,2025 Cabinet Price List Supplier,763.55,61,,each
GR-D1212W,"Gray Stone Wall Decorative Door 12""W x 12""H",Gray Stone Wall Decorative Door,Cabinets,Gray Stone,2025 Cabinet Price List Supplier,92.97,61,,each
GR-D1215W,"Gray Stone Wall Decorative Door 12""W x 15""H",Gray Stone Wall Decorative Door,Cabinets,Gray Stone,2025 Cabinet Price List Supplier,99.35,61,,each
GR-D1230W,"Gray Stone Wall Decorative Door 12""W x 30""H",Gray Stone Wall Decorative Door,Cabinets,Gray Stone,2025 Cabinet Price List Supplier,85.95,61,,each
GR-D1236W,"Gray Stone Wall Decorative Door 12""W x 36""H",Gray Stone Wall Decorative Door,Cabinets,Gray Stone,2025 Cabinet Price List Supplier,103.43,61,,each
GR-D1242W,"Gray Stone Wall Decorative Door 12""W x 42""H",Gray Stone Wall Decorative Door,Cabinets,Gray Stone,2025 Cabinet Price List Supplier,120.91,61,,each
GR-D1249W,"Gray Stone Wall Decorative Door 12""W x 49""H",Gray Stone Wall Decorative Door,Cabinets,Gray Stone,2025 Cabinet Price List Supplier,168.00,61,,each
GR-D2430B,"Gray Stone Base Decorative Door 24""W x 30""H",Gray Stone Base Decorative Door,Cabinets,Gray Stone,2025 Cabinet Price List Supplier,178.41,61,,each
GR-DB12-3,"Gray Stone Drawer Base Cabinet 12""W",Gray Stone Drawer Base Cabinet,Cabinets,Gray Stone,2025 Cabinet Price List Supplier,438.33,61,,each
GR-DB15-3,"Gray Stone Drawer Base Cabinet 15""W",Gray Stone Drawer Base Cabinet,Cabinets,Gray Stone,2025 Cabinet Price List Supplier,490.71,61,,each
GR-DB18-3,"Gray Stone Drawer Base Cabinet 18""W",Gray Stone Drawer Base Cabinet,Cabinets,Gray Stone,2025 Cabinet Price List Supplier,543.02,61,,each
GR-DB21-3,"Gray Stone Drawer Base Cabinet 21""W",Gray Stone Drawer Base Cabinet,Cabinets,Gray Stone,2025 Cabinet Price List Supplier,600.15,61,,each
GR-DB24-3,"Gray Stone Drawer Base Cabinet 24""W",Gray Stone Drawer Base Cabinet,Cabinets,Gray Stone,2025 Cabinet Price List Supplier,653.41,61,,each
GR-DB30-3,"Gray Stone Drawer Base Cabinet 30""W",Gray Stone Drawer Base Cabinet,Cabinets,Gray Stone,2025 Cabinet Price List Supplier,697.24,61,,each
GR-DB36-3,"Gray Stone Drawer Base Cabinet 36""W",Gray Stone Drawer Base Cabinet,Cabinets,Gray Stone,2025 Cabinet Price List Supplier,747.08,61,,each
GR-DWR-3,Gray Stone Dish Washer Panel,Gray Stone Dish Washer Panel,Cabinets,Gray Stone,2025 Cabinet Price List Supplier,84.05,61,,each
GR-FA2421,"Gray Stone Vanity Sink Cabinet 24""W x 21""H",Gray Stone Vanity Sink Cabinet,Cabinets,Gray Stone,2025 Cabinet Price List Supplier,274.36,61,,each
GR-FA3021,"Gray Stone Vanity Sink Cabinet 30""W x 21""H",Gray Stone Vanity Sink Cabinet,Cabinets,Gray Stone,2025 Cabinet Price List Supplier,317.56,61,,each
GR-FA3021DL,"Gray Stone Vanity with 2 drawers, Drawers on the Left 30""W x 21""H","Gray Stone Vanity with 2 drawers, Drawers on the Left",Cabinets,Gray Stone,2025 Cabinet Price List Supplier,520.15,61,,each
GR-FA3021DR,"Gray Stone Vanity with 2 drawers, Drawers on the right 30""W x 21""H","Gray Stone Vanity with 2 drawers, Drawers on the right",Cabinets,Gray Stone,2025 Cabinet Price List Supplier,520.15,61,,each
GR-FA3621DL,"Gray Stone Vanity with 2 drawers, Drawers on the left 36""W x 21""H","Gray Stone Vanity with 2 drawers, Drawers on the left",Cabinets,Gray Stone,2025 Cabinet Price List Supplier,563.54,61,,each
GR-FA3621DR,"Gray Stone Vanity with 2 drawers, drawers on the right 36""W x 21""H","Gray Stone Vanity with 2 drawers, drawers on the right",Cabinets,Gray Stone,2025 Cabinet Price List Supplier,563.54,61,,each
GR-FB3X3,Gray Stone Rossette,Gray Stone Rossette,Cabinets,Gray Stone,2025 Cabinet Price List Supplier,10.00,61,,each
GR-FD30,"Gray Stone Knee Drawr Cabinet 30""W",Gray Stone Knee Drawr Cabinet,Cabinets,Gray Stone,2025 Cabinet Price List Supplier,124.89,61,,each
GR-FSB30,"Gray Stone FARM SINK BASE 30""W",GRAY STONE FARM SINK BASE,Cabinets,Gray Stone,2025 Cabinet Price List Supplier,520.00,61,,each
GR-FSB36,"Gray Stone Farm Sink Base Cabinet 36""W",Gray Stone Farm Sink Base Cabinet,Cabinets,Gray Stone,2025 Cabinet Price List Supplier,550.00,61,,each
GR-GD1212,"Gray Stone Clear Glass and Frame 12""W x 12""H",Gray Stone Clear Glass and Frame,Cabinets,Gray Stone,2025 Cabinet Price List Supplier,82.82,61,,each
GR-GD1215,"Gray Stone Clear Glass and Frame 12""W x 15""H",Gray Stone Clear Glass and Frame,Cabinets,Gray Stone,2025 Cabinet Price List Supplier,85.16,61,,each
GR-GD1230,"Gray Stone Frosted Glass and Frame 12""W x 30""H",Gray Stone Frosted Glass and Frame,Cabinets,Gray Stone,2025 Cabinet Price List Supplier,100.33,61,,each
GR-GD1236,"Gray Stone Frosted Glass and Frame 12""W x 36""H",Gray Stone Frosted Glass and Frame,Cabinets,Gray Stone,2025 Cabinet Price List Supplier,111.52,61,,each
GR-GD1242,"Gray Stone Frosted Glass and Frame 12""W x 42""H",Gray Stone Frosted Glass and Frame,Cabinets,Gray Stone,2025 Cabinet Price List Supplier,122.71,61,,each
GR-GD1512,"Gray Stone Clear Glass and Frame 15""W x 12""H",Gray Stone Clear Glass and Frame,Cabinets,Gray Stone,2025 Cabinet Price List Supplier,96.23,61,,each
GR-GD1515,"Gray Stone Clear Glass and Frame 15""W x 15""H",Gray Stone Clear Glass and Frame,Cabinets,Gray Stone,2025 Cabinet Price List Supplier,98.65,61,,each
GR-GD1530,"Gray Stone Frosted Glass and Frame 15""W x 30""H",Gray Stone Frosted Glass and Frame,Cabinets,Gray Stone,2025 Cabinet Price List Supplier,116.88,61,,each
GR-GD1536,"Gray Stone Frosted Glass and Frame 15""W x 36""H",Gray Stone Frosted Glass and Frame,Cabinets,Gray Stone,2025 Cabinet Price List Supplier,128.07,61,,each
GR-GD1542,"Gray Stone Frosted Glass and Frame 15""W x 42""H",Gray Stone Frosted Glass and Frame,Cabinets,Gray Stone,2025 Cabinet Price List Supplier,140.24,61,,each
GR-GD1812,"Gray Stone Clear Glass and Frame 18""W x 12""H",Gray Stone Clear Glass and Frame,Cabinets,Gray Stone,2025 Cabinet Price List Supplier,109.65,61,,each
GR-GD1815,"Gray Stone Clear Glass and Frame 18""W x 15""H",Gray Stone Clear Glass and Frame,Cabinets,Gray Stone,2025 Cabinet Price List Supplier,112.13,61,,each
GR-GD1830,"Gray Stone Frosted Glass and Frame 18""W x 30""H",Gray Stone Frosted Glass and Frame,Cabinets,Gray Stone,2025 Cabinet Price List Supplier,134.88,61,,each
GR-GD1836,"Gray Stone Frosted Glass and Frame 18""W x 36""H",Gray Stone Frosted Glass and Frame,Cabinets,Gray Stone,2025 Cabinet Price List Supplier,145.97,61,,each
GR-GD1842,"Gray Stone Frosted Glass and Frame 18""W x 42""H",Gray Stone Frosted Glass and Frame,Cabinets,Gray Stone,2025 Cabinet Price List Supplier,160.00,61,,each
GR-GD2112,"Gray Stone Clear Glass and Frame 21""W x 12""H",Gray Stone Clear Glass and Frame,Cabinets,Gray Stone,2025 Cabinet Price List Supplier,123.06,61,,each
GR-GD2115,"Gray Stone Clear Glass and Frame 21""W x 15""H",Gray Stone Clear Glass and Frame,Cabinets,Gray Stone,2025 Cabinet Price List Supplier,131.29,61,,each
GR-GD2412,"Gray Stone Clear Glass and Frame ***This is 1 Set, 2 Doors*** 24""W x 12""H","Gray Stone Clear Glass and Frame ***This is 1 Set, 2 Doors***",Cabinets,Gray Stone,2025 Cabinet Price List Supplier,136.47,61,,each
GR-GD2415,"Gray Stone Clear Glass and Frame ***This is 1 Set, 2 Doors*** 24""W x 15""H","Gray Stone Clear Glass and Frame ***This is 1 Set, 2 Doors***",Cabinets,Gray Stone,2025 Cabinet Price List Supplier,150.45,61,,each
GR-GD2712,"Gray Stone Clear Glass and Frame ***This is 1 Set, 2 Doors*** 27""W x 12""H","Gray Stone Clear Glass and Frame ***This is 1 Set, 2 Doors***",Cabinets,Gray Stone,2025 Cabinet Price List Supplier,149.88,61,,each
GR-GD2715,"Gray Stone Clear Glass and Frame ***This is 1 Set, 2 Doors*** 27""W x 15""H","Gray Stone Clear Glass and Frame ***This is 1 Set, 2 Doors***",Cabinets,Gray Stone,2025 Cabinet Price List Supplier,160.39,61,,each
GR-GD3012,"Gray Stone Clear Glass and Frame ***This is 1 Set, 2 Doors*** 30""W x 12""H","Gray Stone Clear Glass and Frame ***This is 1 Set, 2 Doors***",Cabinets,Gray Stone,2025 Cabinet Price List Supplier,163.30,61,,each
GR-GD3015,"Gray Stone Clear Glass and Frame ***This is 1 Set, 2 Doors*** 30""W x 15""H","Gray Stone Clear Glass and Frame ***This is 1 Set, 2 Doors***",Cabinets,Gray Stone,2025 Cabinet Price List Supplier,170.32,61,,each
GR-GD3312,"Gray Stone Clear Glass and Frame ***This is 1 Set, 2 Doors*** 33""W x 12""H","Gray Stone Clear Glass and Frame ***This is 1 Set, 2 Doors***",Cabinets,Gray Stone,2025 Cabinet Price List Supplier,176.71,61,,each
GR-GD3315,"Gray Stone Clear Glass and Frame ***This is 1 Set, 2 Doors*** 33""W x 15""H","Gray Stone Clear Glass and Frame ***This is 1 Set, 2 Doors***",Cabinets,Gray Stone,2025 Cabinet Price List Supplier,183.10,61,,each
GR-GD3612,"Gray Stone Clear Glass and Frame ***This is 1 Set, 2 Doors*** 36""W x 12""H","Gray Stone Clear Glass and Frame ***This is 1 Set, 2 Doors***",Cabinets,Gray Stone,2025 Cabinet Price List Supplier,190.12,61,,each
GR-GD3615,"Gray Stone Clear Glass and Frame ***This is 1 Set, 2 Doors*** 36""W x 15""H","Gray Stone Clear Glass and Frame ***This is 1 Set, 2 Doors***",Cabinets,Gray Stone,2025 Cabinet Price List Supplier,180.26,61,,each
GR-GW1212,"Gray Stone Wall Cabinet with finished interior. Glass Doors are sold separately 12""W x 12""H",Gray Stone Wall Cabinet with finished interior. Glass Doors are sold separately,Cabinets,Gray Stone,2025 Cabinet Price List Supplier,145.63,61,,each
GR-GW1215,"Gray Stone Wall Cabinet with finished interior. Glass Doors are sold separately 12""W x 15""H",Gray Stone Wall Cabinet with finished interior. Glass Doors are sold separately,Cabinets,Gray Stone,2025 Cabinet Price List Supplier,160.74,61,,each
GR-GW1512,"Gray Stone Wall Cabinet with finished interior. Glass Doors are sold separately 15""W x 12""H",Gray Stone Wall Cabinet with finished interior. Glass Doors are sold separately,Cabinets,Gray Stone,2025 Cabinet Price List Supplier,159.18,61,,each
GR-GW1515,"Gray Stone Wall Cabinet with finished interior. Glass Doors are sold separately 15""W x 15""H",Gray Stone Wall Cabinet with finished interior. Glass Doors are sold separately,Cabinets,Gray Stone,2025 Cabinet Price List Supplier,174.86,61,,each
GR-GW1812,"Gray Stone Wall Cabinet with finished interior. Glass Doors are sold separately 18""W x 12""H",Gray Stone Wall Cabinet with finished interior. Glass Doors are sold separately,Cabinets,Gray Stone,2025 Cabinet Price List Supplier,172.66,61,,each
GR-GW1815,"Gray Stone Wall Cabinet with finished interior. Glass Doors are sold separately 18""W x 15""H",Gray Stone Wall Cabinet with finished interior. Glass Doors are sold separately,Cabinets,Gray Stone,2025 Cabinet Price List Supplier,189.20,61,,each
GR-GW2112,"Gray Stone Wall Cabinet with finished interior. Glass Doors are sold separately 21""W x 12""H",Gray Stone Wall Cabinet with finished interior. Glass Doors are sold separately,Cabinets,Gray Stone,2025 Cabinet Price List Supplier,186.01,61,,each
GR-GW2115,"Gray Stone Wall Cabinet with finished interior. Glass Doors are sold separately 21""W x 15""H",Gray Stone Wall Cabinet with finished interior. Glass Doors are sold separately,Cabinets,Gray Stone,2025 Cabinet Price List Supplier,203.39,61,,each
GR-GW2412,"Gray Stone Wall Cabinet with finished interior. Glass Doors are sold separately 24""W x 12""H",Gray Stone Wall Cabinet with finished interior. Glass Doors are sold separately,Cabinets,Gray Stone,2025 Cabinet Price List Supplier,198.71,61,,each
GR-GW2415,"Gray Stone Wall Cabinet with finished interior. Glass Doors are sold separately 24""W x 15""H",Gray Stone Wall Cabinet with finished interior. Glass Doors are sold separately,Cabinets,Gray Stone,2025 Cabinet Price List Supplier,217.80,61,,each
GR-GW2712,"Gray Stone Wall Cabinet with finished interior. Glass Doors are sold separately 27""W x 12""H",Gray Stone Wall Cabinet with finished interior. Glass Doors are sold separately,Cabinets,Gray Stone,2025 Cabinet Price List Supplier,213.05,61,,each
GR-GW2715,"Gray Stone Wall Cabinet with finished interior. Glass Doors are sold separately 27""W x 15""H",Gray Stone Wall Cabinet with finished interior. Glass Doors are sold separately,Cabinets,Gray Stone,2025 Cabinet Price List Supplier,231.99,61,,each
GR-GW3012,"Gray Stone Wall Cabinet with finished interior. Glass Doors are sold separately 30""W x 12""H",Gray Stone Wall Cabinet with finished interior. Glass Doors are sold separately,Cabinets,Gray Stone,2025 Cabinet Price List Supplier,228.73,61,,each
GR-GW3015,"Gray Stone Wall Cabinet with finished interior. Glass Doors are sold separately 30""W x 15""H",Gray Stone Wall Cabinet with finished interior. Glass Doors are sold separately,Cabinets,Gray Stone,2025 Cabinet Price List Supplier,248.67,61,,each
GR-GW3312,"Gray Stone Wall Cabinet with finished interior. Glass Doors are sold separately 33""W x 12""H",Gray Stone Wall Cabinet with finished interior. Glass Doors are sold separately,Cabinets,Gray Stone,2025 Cabinet Price List Supplier,243.21,61,,each
GR-GW3315,"Gray Stone Wall Cabinet with finished interior. Glass Doors are sold separately 33""W x 15""H",Gray Stone Wall Cabinet with finished interior. Glass Doors are sold separately,Cabinets,Gray Stone,2025 Cabinet Price List Supplier,264.21,61,,each
GR-GW3612,"Gray Stone Wall Cabinet with finished interior. Glass Doors are sold separately 36""W x 12""H",Gray Stone Wall Cabinet with finished interior. Glass Doors are sold separately,Cabinets,Gray Stone,2025 Cabinet Price List Supplier,257.61,61,,each
GR-GW3615,"Gray Stone Wall Cabinet with finished interior. Glass Doors are sold separately 36""W x 15""H",Gray Stone Wall Cabinet with finished interior. Glass Doors are sold separately,Cabinets,Gray Stone,2025 Cabinet Price List Supplier,279.61,61,,each
GR-GWDC2412,"Gray Stone Diagonal Corner Wall Cabinet with finished interior. Glass Doors are sold separately 24""W x 12""H",Gray Stone Diagonal Corner Wall Cabinet with finished interior. Glass Doors are sold separately,Cabinets,Gray Stone,2025 Cabinet Price List Supplier,321.63,61,,each
GR-GWDC2415,"Gray Stone Diagonal Corner Wall Cabinet with finished interior. Glass Doors are sold separately 24""W x 15""H",Gray Stone Diagonal Corner Wall Cabinet with finished interior. Glass Doors are sold separately,Cabinets,Gray Stone,2025 Cabinet Price List Supplier,337.81,61,,each
GR-HC30,"Gray Stone Hood Cover 30""W",Gray Stone Hood Cover,Cabinets,Gray Stone,2025 Cabinet Price List Supplier,688.00,61,,each
GR-HC36,"Gray Stone HOOD COVER 36""W",Gray Stone HOOD COVER,Cabinets,Gray Stone,2025 Cabinet Price List Supplier,732.00,61,,each
GR-LACQUEL ENAMEL (SPRAY PAINT,Gray Stone GR-M105-4895,GR-M105-4895,Cabinets,Gray Stone,2025 Cabinet Price List Supplier,35.00,61,,each
GR-OC3384,"Gray Stone Wall Oven Cabinet 33""W x 84""H",Gray Stone Wall Oven Cabinet,Cabinets,Gray Stone,2025 Cabinet Price List Supplier,1071.41,61,,each
GR-OC3390,"Gray Stone Wall Oven Cabinet 33""W x 90""H",Gray Stone Wall Oven Cabinet,Cabinets,Gray Stone,2025 Cabinet Price List Supplier,1082.55,61,,each
GR-OC3396,"Gray Stone Wall Oven Cabinet 33""W x 96""H",Gray Stone Wall Oven Cabinet,Cabinets,Gray Stone,2025 Cabinet Price List Supplier,1218.47,61,,each
GR-OCM8,Gray Stone Outside Corner Molding,Gray Stone Outside Corner Molding,Cabinets,Gray Stone,2025 Cabinet Price List Supplier,20.90,61,,each
GR-OGM8,Gray Stone Ogee Molding 8',Gray Stone Ogee Molding 8',Cabinets,Gray Stone,2025 Cabinet Price List Supplier,74.60,61,,each
GR-PCVFF396,"Gray Stone Fluted Filler 8' 39""W",Gray Stone Fluted Filler 8',Cabinets,Gray Stone,2025 Cabinet Price List Supplier,73.98,61,,each
GR-PD18-2,"Gray Stone POT DRAWER CABINET-2 Drawers 18""W",GRAY STONE POT DRAWER CABINET-2 Drawers,Cabinets,Gray Stone,2025 Cabinet Price List Supplier,540.00,61,,each
GR-PD30-2,"Gray Stone POT DRAWER CABINET-2 Drawers 30""W",GRAY STONE POT DRAWER CABINET-2 Drawers,Cabinets,Gray Stone,2025 Cabinet Price List Supplier,685.00,61,,each
GR-PD36-2,"Gray Stone POT DRAWER CABINET-2 Drawers 36""W",GRAY STONE POT DRAWER CABINET-2 Drawers,Cabinets,Gray Stone,2025 Cabinet Price List Supplier,735.00,61,,each
GR-QR8,Gray Stone Quarter Round 8',Gray Stone Quarter Round 8',Cabinets,Gray Stone,2025 Cabinet Price List Supplier,29.64,61,,each
GR-RRP9624,"Gray Stone Refrigerator Panel 96""x24""x3"" return","Gray Stone Refrigerator Panel 96""x24""x3"" return",Cabinets,Gray Stone,2025 Cabinet Price List Supplier,177.65,61,,each
GR-SB24,"Gray Stone Sink Base Cabinet 24""W",Gray Stone Sink Base Cabinet,Cabinets,Gray Stone,2025 Cabinet Price List Supplier,320.78,61,,each
GR-SB27,"Gray Stone Sink Base 27""W",Gray Stone Sink Base,Cabinets,Gray Stone,2025 Cabinet Price List Supplier,358.02,61,,each
GR-SB30,"Gray Stone Sink Base 30""W",Gray Stone Sink Base,Cabinets,Gray Stone,2025 Cabinet Price List Supplier,400.77,61,,each
GR-SB33,"Gray Stone Sink Base 33""W",Gray Stone Sink Base,Cabinets,Gray Stone,2025 Cabinet Price List Supplier,475.32,61,,each
GR-SB36,"Gray Stone Sink Base 36""W",Gray Stone Sink Base,Cabinets,Gray Stone,2025 Cabinet Price List Supplier,508.00,61,,each
GR-SD,Gray Stone Sample Doors,Gray Stone Sample Doors,Cabinets,Gray Stone,2025 Cabinet Price List Supplier,40.00,61,,each
GR-SM8,Gray Stone Scribe Molding,Gray Stone Scribe Molding,Cabinets,Gray Stone,2025 Cabinet Price List Supplier,13.94,61,,each
GR-SPOOL-2,"Gray Stone Full Post 3""x3""","Gray Stone Full Post 3""x3""",Cabinets,Gray Stone,2025 Cabinet Price List Supplier,178.29,61,,each
GR-SS-30,Gray Stone Split Spool,Gray Stone Split Spool,Cabinets,Gray Stone,2025 Cabinet Price List Supplier,89.15,61,,each
GR-SVA12D-3,"Gray Stone Vanity 3 Drawers Cabinet 12""W",Gray Stone Vanity 3 Drawers Cabinet,Cabinets,Gray Stone,2025 Cabinet Price List Supplier,405.01,61,,each
GR-SVA15D-3,"Gray Stone Vanity 3 Drawer Cabinet 15""W",Gray Stone Vanity 3 Drawer Cabinet,Cabinets,Gray Stone,2025 Cabinet Price List Supplier,449.23,61,,each
GR-SVA18D-3,"Gray Stone Vanity 3 Drawers Cabinet 18""W",Gray Stone Vanity 3 Drawers Cabinet,Cabinets,Gray Stone,2025 Cabinet Price List Supplier,494.12,61,,each
GR-SVAM2430,"Gray Stone Mirror 24""W x 30""H",Gray Stone Mirror,Cabinets,Gray Stone,2025 Cabinet Price List Supplier,154.00,61,,each
GR-TK8,Gray Stone Toe kick 8',Gray Stone Toe kick 8',Cabinets,Gray Stone,2025 Cabinet Price List Supplier,17.10,61,,each
GR-TLR8-2,Gray Stone Light Rail Molding 8',Gray Stone Light Rail Molding 8',Cabinets,Gray Stone,2025 Cabinet Price List Supplier,67.76,61,,each
GR-TOUCH UP KIT,Gray Stone Touch Up Kit,Gray Stone Touch Up Kit,Cabinets,Gray Stone,2025 Cabinet Price List Supplier,39.56,61,,each
GR-UREP,"Gray Stone Universal Refrigerator Panel 30""x96""x3/4""","Gray Stone Universal Refrigerator Panel 30""x96""x3/4""",Cabinets,Gray Stone,2025 Cabinet Price List Supplier,271.70,61,,each
GR-V36,"Gray Stone Valance 36""W",Gray Stone Valance,Cabinets,Gray Stone,2025 Cabinet Price List Supplier,36.29,61,,each
GR-V42,"Gray Stone Valance 42""W",Gray Stone Valance,Cabinets,Gray Stone,2025 Cabinet Price List Supplier,42.87,61,,each
GR-V48,"Gray Stone Valance 48""W",Gray Stone Valance,Cabinets,Gray Stone,2025 Cabinet Price List Supplier,49.52,61,,each
GR-V60,"Gray Stone Valance 60""W",Gray Stone Valance,Cabinets,Gray Stone,2025 Cabinet Price List Supplier,63.96,61,,each
GR-VAL3612,"Gray Stone BIG VALANCE 36""W x 12""H",Gray Stone BIG VALANCE,Cabinets,Gray Stone,2025 Cabinet Price List Supplier,132.00,61,,each
GR-VAL4212,"Gray Stone BIG  VALANCE 42""W x 12""H",Gray Stone BIG VALANCE,Cabinets,Gray Stone,2025 Cabinet Price List Supplier,143.00,61,,each
GR-VAL4812,"Gray Stone BIG VALANCE 48""W x 12""H",Gray Stone BIG VALANCE,Cabinets,Gray Stone,2025 Cabinet Price List Supplier,198.00,61,,each
GR-W0930,"Gray Stone Wall Cabinet 9""W x 30""H",Gray Stone Wall Cabinet,Cabinets,Gray Stone,2025 Cabinet Price List Supplier,161.63,61,,each
GR-W0936,"Gray Stone Wall Cabinet 9""W x 36""H",Gray Stone Wall Cabinet,Cabinets,Gray Stone,2025 Cabinet Price List Supplier,185.44,61,,each
GR-W0942,"Gray Stone Wall Cabinet 9""W x 42""H",Gray Stone Wall Cabinet,Cabinets,Gray Stone,2025 Cabinet Price List Supplier,209.26,61,,each
GR-W1230,"Gray Stone Wall Cabinet 12""W x 30""H",Gray Stone Wall Cabinet,Cabinets,Gray Stone,2025 Cabinet Price List Supplier,187.98,61,,each
GR-W1236,"Gray Stone Wall Cabinet 12""W x 36""H",Gray Stone Wall Cabinet,Cabinets,Gray Stone,2025 Cabinet Price List Supplier,214.25,61,,each
GR-W1242,"Gray Stone Wall Cabinet 12""W x 42""H",Gray Stone Wall Cabinet,Cabinets,Gray Stone,2025 Cabinet Price List Supplier,242.44,61,,each
GR-W1530,"Gray Stone Wall Cabinet 15""W x 30""H",Gray Stone Wall Cabinet,Cabinets,Gray Stone,2025 Cabinet Price List Supplier,218.62,61,,each
GR-W1536,"Gray Stone Wall Cabinet 15""W x 36""H",Gray Stone Wall Cabinet,Cabinets,Gray Stone,2025 Cabinet Price List Supplier,248.02,61,,each
GR-W1542,"Gray Stone Wall Cabinet 15""W x 42""H",Gray Stone Wall Cabinet,Cabinets,Gray Stone,2025 Cabinet Price List Supplier,277.28,61,,each
GR-W1830,"Gray Stone Wall Cabinet 18""W x 30""H",Gray Stone Wall Cabinet,Cabinets,Gray Stone,2025 Cabinet Price List Supplier,251.30,61,,each
GR-W1836,"Gray Stone Wall Cabinet 18""W x 36""H",Gray Stone Wall Cabinet,Cabinets,Gray Stone,2025 Cabinet Price List Supplier,280.70,61,,each
GR-W1842,"Gray Stone Wall Cabinet 18""W x 42""H",Gray Stone Wall Cabinet,Cabinets,Gray Stone,2025 Cabinet Price List Supplier,310.20,61,,each
GR-W2130,"Gray Stone Wall Cabinet 21""W x 30""H",Gray Stone Wall Cabinet,Cabinets,Gray Stone,2025 Cabinet Price List Supplier,281.46,61,,each
GR-W2136,"Gray Stone Wall Cabinet 21""W x 36""H",Gray Stone Wall Cabinet,Cabinets,Gray Stone,2025 Cabinet Price List Supplier,313.69,61,,each
GR-W2142,"Gray Stone Wall Cabinet 21""W x 42""H",Gray Stone Wall Cabinet,Cabinets,Gray Stone,2025 Cabinet Price List Supplier,345.92,61,,each
GR-W2412,"Gray Stone Wall Cabinet 24""W x 12""H",Gray Stone Wall Cabinet,Cabinets,Gray Stone,2025 Cabinet Price List Supplier,199.00,61,,each
GR-W2415,"Gray Stone Wall Cabinet 24""W x 15""H",Gray Stone Wall Cabinet,Cabinets,Gray Stone,2025 Cabinet Price List Supplier,218.00,61,,each
GR-W2418,"Gray Stone Wall Cabinet 24""W x 18""H",Gray Stone Wall Cabinet,Cabinets,Gray Stone,2025 Cabinet Price List Supplier,236.00,61,,each
GR-W2424,"Gray Stone Wall Cabinet 24""W x 24""H",Gray Stone Wall Cabinet,Cabinets,Gray Stone,2025 Cabinet Price List Supplier,299.95,61,,each
GR-W2430,"Gray Stone Wall Cabinet 24""W x 30""H",Gray Stone Wall Cabinet,Cabinets,Gray Stone,2025 Cabinet Price List Supplier,321.48,61,,each
GR-W2436,"Gray Stone Wall Cabinet 24""W x 36""H",Gray Stone Wall Cabinet,Cabinets,Gray Stone,2025 Cabinet Price List Supplier,357.70,61,,each
GR-W2442,"Gray Stone Wall Cabinet 24""W x 42""H",Gray Stone Wall Cabinet,Cabinets,Gray Stone,2025 Cabinet Price List Supplier,386.46,61,,each
GR-W2730,"Gray Stone Wall Cabinet 27""W x 30""H",Gray Stone Wall Cabinet,Cabinets,Gray Stone,2025 Cabinet Price List Supplier,351.38,61,,each
GR-W2736,"Gray Stone Wall Cabinet 27""W x 36""H",Gray Stone Wall Cabinet,Cabinets,Gray Stone,2025 Cabinet Price List Supplier,369.29,61,,each
GR-W2742,"Gray Stone Wall Cabinet 27""W x 42""H",Gray Stone Wall Cabinet,Cabinets,Gray Stone,2025 Cabinet Price List Supplier,387.10,61,,each
GR-W3012,"Gray Stone Wall Cabinet 30""W x 12""H",Gray Stone Wall Cabinet,Cabinets,Gray Stone,2025 Cabinet Price List Supplier,192.28,61,,each
GR-W301224,"Gray Stone Refrigerator Cabinet 30""W x 12""H x 24""D",Gray Stone Refrigerator Cabinet,Cabinets,Gray Stone,2025 Cabinet Price List Supplier,265.74,61,,each
GR-W3015,"Gray Stone Wall Cabinet 30""W x 15""H",Gray Stone Wall Cabinet,Cabinets,Gray Stone,2025 Cabinet Price List Supplier,212.73,61,,each
GR-W301524,"Gray Stone Refrigerator Cabinet 30""W x 15""H x 24""D",Gray Stone Refrigerator Cabinet,Cabinets,Gray Stone,2025 Cabinet Price List Supplier,297.40,61,,each
GR-W3018,"Gray Stone Wall Cabinet 30""W x 18""H",Gray Stone Wall Cabinet,Cabinets,Gray Stone,2025 Cabinet Price List Supplier,227.88,61,,each
GR-W301824,"Gray Stone Refrigerator Cabinet 30""W x 18""H x 24""D",Gray Stone Refrigerator Cabinet,Cabinets,Gray Stone,2025 Cabinet Price List Supplier,327.04,61,,each
GR-W3021,"Gray Stone Wall Cabinet 30""W x 21""H",Gray Stone Wall Cabinet,Cabinets,Gray Stone,2025 Cabinet Price List Supplier,279.00,61,,each
GR-W302124,"Gray Stone Refrigerator Cabinet 30""W x 21""H x 24""D",Gray Stone Refrigerator Cabinet,Cabinets,Gray Stone,2025 Cabinet Price List Supplier,413.00,61,,each
GR-W3024,"Gray Stone Wall Cabinet 30""W x 24""H",Gray Stone Wall Cabinet,Cabinets,Gray Stone,2025 Cabinet Price List Supplier,320.72,61,,each
GR-W302424,"Gray Stone Refrigerator Cabinet 30""W x 24""H x 24""D",Gray Stone Refrigerator Cabinet,Cabinets,Gray Stone,2025 Cabinet Price List Supplier,431.47,61,,each
GR-W3030,"Gray Stone Wall Cabinet 30""W x 30""H",Gray Stone Wall Cabinet,Cabinets,Gray Stone,2025 Cabinet Price List Supplier,381.07,61,,each
GR-W3036,"Gray Stone Wall Cabinet 30""W x 36""H",Gray Stone Wall Cabinet,Cabinets,Gray Stone,2025 Cabinet Price List Supplier,423.06,61,,each
GR-W3042,"Gray Stone Wall Cabinet 30""W x 42""H",Gray Stone Wall Cabinet,Cabinets,Gray Stone,2025 Cabinet Price List Supplier,464.93,61,,each
GR-W3312,"Gray Stone Wall Cabinet 33""W x 12""H",Gray Stone Wall Cabinet,Cabinets,Gray Stone,2025 Cabinet Price List Supplier,219.33,61,,each
GR-W331224,"Gray Stone Refrigerator Cabinet 33""W x 12""H x 24""D",Gray Stone Refrigerator Cabinet,Cabinets,Gray Stone,2025 Cabinet Price List Supplier,274.74,61,,each
GR-W3315,"Gray Stone WALL CABINET 33""W x 15""H",Gray Stone WALL CABINET,Cabinets,Gray Stone,2025 Cabinet Price List Supplier,230.85,61,,each
GR-W331524,"Gray Stone Refrigerator Cabinet 33""W x 15""H x 24""D",Gray Stone Refrigerator Cabinet,Cabinets,Gray Stone,2025 Cabinet Price List Supplier,306.40,61,,each
GR-W3318,"Gray Stone Wall Cabinet 33""W x 18""H",Gray Stone Wall Cabinet,Cabinets,Gray Stone,2025 Cabinet Price List Supplier,243.39,61,,each
GR-W331824,"Gray Stone Refrigerator Cabinet 33""W x 18""H x 24""D",Gray Stone Refrigerator Cabinet,Cabinets,Gray Stone,2025 Cabinet Price List Supplier,336.04,61,,each
GR-W3321,"Gray Stone Wall Cabinet 33""W x 21""H",Gray Stone Wall Cabinet,Cabinets,Gray Stone,2025 Cabinet Price List Supplier,272.00,61,,each
GR-W332124,"Gray Stone Refrigerator Cabinet 33""W x 21""H x 24""D",Gray Stone Refrigerator Cabinet,Cabinets,Gray Stone,2025 Cabinet Price List Supplier,439.00,61,,each
GR-W3324,"Gray Stone Wall Cabinet 33""W x 24""H",Gray Stone Wall Cabinet,Cabinets,Gray Stone,2025 Cabinet Price List Supplier,335.80,61,,each
GR-W332424,"Gray Stone Wall Cabinet 33""W x 24""H x 24""D",Gray Stone Wall Cabinet,Cabinets,Gray Stone,2025 Cabinet Price List Supplier,440.47,61,,each
GR-W3330,"Gray Stone Wall Cabinet 33""W x 30""H",Gray Stone Wall Cabinet,Cabinets,Gray Stone,2025 Cabinet Price List Supplier,402.68,61,,each
GR-W3336,"Gray Stone Wall Cabinet 33""W x 36""H",Gray Stone Wall Cabinet,Cabinets,Gray Stone,2025 Cabinet Price List Supplier,456.00,61,,each
GR-W3342,"Gray Stone Wall Cabinet 33""W x 42""H",Gray Stone Wall Cabinet,Cabinets,Gray Stone,2025 Cabinet Price List Supplier,523.52,61,,each
GR-W3612,"Gray Stone Wall Cabinet 36""W x 12""H",Gray Stone Wall Cabinet,Cabinets,Gray Stone,2025 Cabinet Price List Supplier,209.69,61,,each
GR-W361224,"Gray Stone Refrigerator Cabinet 36""W x 12""H x 24""D",Gray Stone Refrigerator Cabinet,Cabinets,Gray Stone,2025 Cabinet Price List Supplier,283.74,61,,each
GR-W3615,"Gray Stone Wall Cabinet 36""W x 15""H",Gray Stone Wall Cabinet,Cabinets,Gray Stone,2025 Cabinet Price List Supplier,244.65,61,,each
GR-W361524,"Gray Stone Refrigerator Cabinet 36""W x 15""H x 24""D",Gray Stone Refrigerator Cabinet,Cabinets,Gray Stone,2025 Cabinet Price List Supplier,315.40,61,,each
GR-W3618,"Gray Stone Wall Cabinet 36""W x 18""H",Gray Stone Wall Cabinet,Cabinets,Gray Stone,2025 Cabinet Price List Supplier,273.67,61,,each
GR-W361824,"Gray Stone Refrigerator Cabinet 36""W x 18""H x 24""D",Gray Stone Refrigerator Cabinet,Cabinets,Gray Stone,2025 Cabinet Price List Supplier,345.04,61,,each
GR-W3621,"Gray Stone Wall Cabinet 36""W x 21""H",Gray Stone Wall Cabinet,Cabinets,Gray Stone,2025 Cabinet Price List Supplier,319.00,61,,each
GR-W3621-24,"Gray Stone Refrigerator Cabinet 36""W x 21""H",Gray Stone Refrigerator Cabinet,Cabinets,Gray Stone,2025 Cabinet Price List Supplier,451.00,61,,each
GR-W3624,"Gray Stone Wall cabinet 36""W x 24""H",Gray Stone Wall cabinet,Cabinets,Gray Stone,2025 Cabinet Price List Supplier,352.71,61,,each
GR-W362424,"Gray Stone Refrigerator Cabinet 36""W x 24""H x 24""D",Gray Stone Refrigerator Cabinet,Cabinets,Gray Stone,2025 Cabinet Price List Supplier,449.47,61,,each
GR-W3630,"Gray Stone Wall Cabinet 36""W x 30""H",Gray Stone Wall Cabinet,Cabinets,Gray Stone,2025 Cabinet Price List Supplier,431.56,61,,each
GR-W3636,"Gray Stone Wall Cabinet 36""W x 36""H",Gray Stone Wall Cabinet,Cabinets,Gray Stone,2025 Cabinet Price List Supplier,488.61,61,,each
GR-W3642,"Gray Stone Wall Cabinet 36""W x 42""H",Gray Stone Wall Cabinet,Cabinets,Gray Stone,2025 Cabinet Price List Supplier,559.29,61,,each
GR-WCD3015,"Gray Stone Plate Rack 30""W x 15""H",Gray Stone Plate Rack,Cabinets,Gray Stone,2025 Cabinet Price List Supplier,224.96,61,,each
GR-WDC2430,"Gray Stone Wall Diagonal Cabinet 24""W x 30""H",Gray Stone Wall Diagonal Cabinet,Cabinets,Gray Stone,2025 Cabinet Price List Supplier,396.22,61,,each
GR-WDC2436,"Gray Stone Wall Diagonal Cabinet 24""W x 36""H",Gray Stone Wall Diagonal Cabinet,Cabinets,Gray Stone,2025 Cabinet Price List Supplier,443.53,61,,each
GR-WDC2442,"Gray Stone Wall Diagonal Cabinet 24""W x 42""H",Gray Stone Wall Diagonal Cabinet,Cabinets,Gray Stone,2025 Cabinet Price List Supplier,487.23,61,,each
GR-WDC273615,"Gray Stone Wall Diagonal Cabinet 27""W x 36""H x 15""D",Gray Stone Wall Diagonal Cabinet,Cabinets,Gray Stone,2025 Cabinet Price List Supplier,522.19,61,,each
GR-WDC274215,"Gray Stone Wall Diagonal Cabinet 27""W x 42""H x 15""D",Gray Stone Wall Diagonal Cabinet,Cabinets,Gray Stone,2025 Cabinet Price List Supplier,568.03,61,,each
GR-WEC1230,"Gray Stone Wall End Angle Cabinet 12""W x 30""H",Gray Stone Wall End Angle Cabinet,Cabinets,Gray Stone,2025 Cabinet Price List Supplier,222.18,61,,each
GR-WEC1236,"Gray Stone Wall End Angle Cabinet 12""W x 36""H",Gray Stone Wall End Angle Cabinet,Cabinets,Gray Stone,2025 Cabinet Price List Supplier,250.73,61,,each
GR-WEC1242,"Gray Stone Angled Wall Cabinet 12""W x 42""H",Gray Stone Angled Wall Cabinet,Cabinets,Gray Stone,2025 Cabinet Price List Supplier,276.19,61,,each
GR-WES0930,"Gray Stone Wall End Shelf Cabinet 9""W x 30""H",Gray Stone Wall End Shelf Cabinet,Cabinets,Gray Stone,2025 Cabinet Price List Supplier,153.64,61,,each
GR-WES0936,"Gray Stone Wall End Shelf Cabinet 9""W x 36""H",Gray Stone Wall End Shelf Cabinet,Cabinets,Gray Stone,2025 Cabinet Price List Supplier,182.02,61,,each
GR-WES0942,"Gray Stone WALL END SHELF 9""W x 42""H",Gray Stone WALL END SHELF,Cabinets,Gray Stone,2025 Cabinet Price List Supplier,213.75,61,,each
GR-WF1.5X96,"Gray Stone Tall Filler 1.5""W x 96""H",Gray Stone Tall Filler,Cabinets,Gray Stone,2025 Cabinet Price List Supplier,60.00,61,,each
GR-WF330,"Gray Stone Wall Filler 3""x30""","Gray Stone Wall Filler 3""x30""",Cabinets,Gray Stone,2025 Cabinet Price List Supplier,23.75,61,,each
GR-WF336,"Gray Stone Wall Filler 3x36""","Gray Stone Wall Filler 3x36""",Cabinets,Gray Stone,2025 Cabinet Price List Supplier,28.18,61,,each
GR-WF342,"Gray Stone Wall Filler 3""W x 42""H",Gray Stone Wall Filler,Cabinets,Gray Stone,2025 Cabinet Price List Supplier,32.87,61,,each
GR-WF396,"Gray Stone 3X96 Long Filler 3""W x 96""H",Gray Stone 3X96 Long Filler,Cabinets,Gray Stone,2025 Cabinet Price List Supplier,67.70,61,,each
GR-WF630,"Gray Stone WALL FILLER 6X30 6""W x 30""H",Gray Stone WALL FILLER 6X30,Cabinets,Gray Stone,2025 Cabinet Price List Supplier,46.74,61,,each
GR-WF636,"Gray Stone Wall Filler 6""x36""","Gray Stone Wall Filler 6""x36""",Cabinets,Gray Stone,2025 Cabinet Price List Supplier,53.20,61,,each
GR-WF642,"Gray Stone Wall Filler 6""W x 42""H",Gray Stone Wall Filler,Cabinets,Gray Stone,2025 Cabinet Price List Supplier,59.79,61,,each
GR-WF696,"Gray Stone Long Filler 6""x96""","Gray Stone Long Filler 6""x96""",Cabinets,Gray Stone,2025 Cabinet Price List Supplier,131.04,61,,each
GR-WLS2430,"Gray Stone Wall Corner Bi-Fold Door Cabinet 24""W x 30""H",Gray Stone Wall Corner Bi-Fold Door Cabinet,Cabinets,Gray Stone,2025 Cabinet Price List Supplier,403.00,61,,each
GR-WLS2436,"Gray Stone Wall Corner Bi-Fold Door Cabinet 24""W x 36""H",Gray Stone Wall Corner Bi-Fold Door Cabinet,Cabinets,Gray Stone,2025 Cabinet Price List Supplier,451.00,61,,each
GR-WLS2442,"Gray Stone Wall Corner Bi-Fold Door Cabinet 24""W x 42""H",Gray Stone Wall Corner Bi-Fold Door Cabinet,Cabinets,Gray Stone,2025 Cabinet Price List Supplier,496.00,61,,each
GR-WMC3030,"Gray Stone Microwave Cabinet 30""W x 30""H",Gray Stone Microwave Cabinet,Cabinets,Gray Stone,2025 Cabinet Price List Supplier,440.80,61,,each
GR-WMC3036,"Gray Stone Microwave Cabinet 30""W x 36""H",Gray Stone Microwave Cabinet,Cabinets,Gray Stone,2025 Cabinet Price List Supplier,458.78,61,,each
GR-WMC3042,"Gray Stone Microwave Cabinet 30""W x 42""H",Gray Stone Microwave Cabinet,Cabinets,Gray Stone,2025 Cabinet Price List Supplier,484.38,61,,each
GR-WP1884,"Gray Stone Tall Pantry 18""W x 84""H",Gray Stone Tall Pantry,Cabinets,Gray Stone,2025 Cabinet Price List Supplier,773.68,61,,each
GR-WP1890,"Gray Stone Tall Pantry 18""W x 90""H",Gray Stone Tall Pantry,Cabinets,Gray Stone,2025 Cabinet Price List Supplier,823.84,61,,each
GR-WP1896,"Gray Stone Tall Pantry 18""W x 96""H",Gray Stone Tall Pantry,Cabinets,Gray Stone,2025 Cabinet Price List Supplier,874.12,61,,each
GR-WP2484,"Gray Stone Tall Pantry 24""W x 84""H",Gray Stone Tall Pantry,Cabinets,Gray Stone,2025 Cabinet Price List Supplier,840.37,61,,each
GR-WP2490,"Gray Stone Tall Pantry 24""W x 90""H",Gray Stone Tall Pantry,Cabinets,Gray Stone,2025 Cabinet Price List Supplier,877.30,61,,each
GR-WP2496,"Gray Stone Tall Pantry 24""W x 96""H",Gray Stone Tall Pantry,Cabinets,Gray Stone,2025 Cabinet Price List Supplier,939.48,61,,each
GR-WP3084,"Gray Stone Tall Pantry 30""W x 84""H",Gray Stone Tall Pantry,Cabinets,Gray Stone,2025 Cabinet Price List Supplier,882.00,61,,each
GR-WP3090,"Gray Stone Tall Pantry 30""W x 90""H",Gray Stone Tall Pantry,Cabinets,Gray Stone,2025 Cabinet Price List Supplier,933.00,61,,each
GR-WP3096,"Gray Stone Tall Pantry 30""W x 96""H",Gray Stone Tall Pantry,Cabinets,Gray Stone,2025 Cabinet Price List Supplier,983.00,61,,each
KS-30GR,"Kingston Glass Holder 30""W",KINGSTON Glass Holder,Cabinets,Kingston,2025 Cabinet Price List Supplier,55.03,61,,each
KS-30WR,"Kingston Wall Wine Rack Cabinet 30""W",KINGSTON Wall Wine Rack Cabinet,Cabinets,Kingston,2025 Cabinet Price List Supplier,215.15,61,,each
KS-36GR,"Kingston Glass Holder 36""W",KINGSTON Glass Holder,Cabinets,Kingston,2025 Cabinet Price List Supplier,74.74,61,,each
KS-36WR,"Kingston Wall Wine Rack Cabinet 36""W",KINGSTON Wall Wine Rack Cabinet,Cabinets,Kingston,2025 Cabinet Price List Supplier,260.94,61,,each
KS-ACM8-C,"Kingston Crown Molding 3"" Curved Staggered","KINGSTON Crown Molding 3"" Curved Staggered",Cabinets,Kingston,2025 Cabinet Price List Supplier,149.40,61,,each
KS-ACM8-S,"Kingston Crown Molding 3"" Straight Staggered","KINGSTON Crown Molding 3"" Straight Staggered",Cabinets,Kingston,2025 Cabinet Price List Supplier,149.40,61,,each
KS-B09,"Kingston Base Cabinet 9""W",KINGSTON Base Cabinet,Cabinets,Kingston,2025 Cabinet Price List Supplier,206.22,61,,each
KS-B12,"Kingston Base Cabinet 12""W",KINGSTON Base Cabinet,Cabinets,Kingston,2025 Cabinet Price List Supplier,270.75,61,,each
KS-B15,"Kingston Base Cabinet 15""W",KINGSTON Base Cabinet,Cabinets,Kingston,2025 Cabinet Price List Supplier,323.00,61,,each
KS-B18,"Kingston Base Cabinet 18""W",KINGSTON Base Cabinet,Cabinets,Kingston,2025 Cabinet Price List Supplier,377.78,61,,each
KS-B21,"Kingston Base Cabinet 21""W",KINGSTON Base Cabinet,Cabinets,Kingston,2025 Cabinet Price List Supplier,411.03,61,,each
KS-B24,"Kingston Base Cabinet 24""W",KINGSTON Base Cabinet,Cabinets,Kingston,2025 Cabinet Price List Supplier,453.66,61,,each
KS-B27,"Kingston Base Cabinet 27""W",KINGSTON Base Cabinet,Cabinets,Kingston,2025 Cabinet Price List Supplier,489.25,61,,each
KS-B30,"Kingston Base Cabinet 30""W",KINGSTON Base Cabinet,Cabinets,Kingston,2025 Cabinet Price List Supplier,574.88,61,,each
KS-B33,"Kingston Base Cabinet 33""W",KINGSTON Base Cabinet,Cabinets,Kingston,2025 Cabinet Price List Supplier,611.86,61,,each
KS-B36,"Kingston Base Cabinet 36""W",KINGSTON Base Cabinet,Cabinets,Kingston,2025 Cabinet Price List Supplier,648.72,61,,each
KS-BBC39,"Kingston Blind Corner Cabinet 39""W",KINGSTON Blind Corner Cabinet,Cabinets,Kingston,2025 Cabinet Price List Supplier,492.10,61,,each
KS-BBC42,"Kingston Blind Corner Cabinet 42""W",KINGSTON Blind Corner Cabinet,Cabinets,Kingston,2025 Cabinet Price List Supplier,645.94,61,,each
KS-BCB150,Kingston Chair Rail Molding,KINGSTON Chair Rail Molding,Cabinets,Kingston,2025 Cabinet Price List Supplier,30.27,61,,each
KS-BEC24,"Kingston Base End Angle 24""W",KINGSTON Base End Angle,Cabinets,Kingston,2025 Cabinet Price List Supplier,575.32,61,,each
KS-BES09,"Kingston Base End Curved 9""W",KINGSTON Base End Curved,Cabinets,Kingston,2025 Cabinet Price List Supplier,330.22,61,,each
KS-BFH09,"Kingston BASE FULL HEIGHT DOOR CABINET 9""W",KINGSTON BASE FULL HEIGHT DOOR CABINET,Cabinets,Kingston,2025 Cabinet Price List Supplier,180.00,61,,each
KS-BFH12-12,"Kingston Base Full Height Door Cabinet 12"" Deep","KINGSTON Base Full Height Door Cabinet 12"" Deep",Cabinets,Kingston,2025 Cabinet Price List Supplier,183.67,61,,each
KS-BFH15-12,"Kingston Base Full Height Door Cabinet 12"" Deep","KINGSTON Base Full Height Door Cabinet 12"" Deep",Cabinets,Kingston,2025 Cabinet Price List Supplier,207.15,61,,each
KS-BFH24-12,"Kingston Base Full Height Door Cabinet 12"" Deep","KINGSTON Base Full Height Door Cabinet 12"" Deep",Cabinets,Kingston,2025 Cabinet Price List Supplier,295.38,61,,each
KS-BFH30-12,"Kingston Base Full Height Door Cabinet 12"" Deep","KINGSTON Base Full Height Door Cabinet 12"" Deep",Cabinets,Kingston,2025 Cabinet Price List Supplier,351.27,61,,each
KS-BLS33N,"Kingston Lazy Susan cabinet with shelf only. No Trays. 33""W",KINGSTON Lazy Susan cabinet with shelf only. No Trays.,Cabinets,Kingston,2025 Cabinet Price List Supplier,727.66,61,,each
KS-BLS36N,"Kingston Lazy Susan cabinet with shelf only. No Trays. 36""W",KINGSTON Lazy Susan cabinet with shelf only. No Trays.,Cabinets,Kingston,2025 Cabinet Price List Supplier,785.36,61,,each
KS-BM8,"Kingston Base Molding 96""","KINGSTON Base Molding 96""",Cabinets,Kingston,2025 Cabinet Price List Supplier,96.84,61,,each
KS-BMC30,"Kingston Base Microwave Cabinet 30""W",KINGSTON Base Microwave Cabinet,Cabinets,Kingston,2025 Cabinet Price List Supplier,535.00,61,,each
KS-BP3696,"Kingston Back Panel 36""x96""x1/4""","KINGSTON Back Panel 36""x96""x1/4""",Cabinets,Kingston,2025 Cabinet Price List Supplier,131.55,61,,each
KS-BP4896,"Kingston Back Panel 48""x96""x1/4""","KINGSTON Back Panel 48""x96""x1/4""",Cabinets,Kingston,2025 Cabinet Price List Supplier,178.00,61,,each
KS-BSR06,"Kingston Spice Rack Cabinet 6""W",KINGSTON Spice Rack Cabinet,Cabinets,Kingston,2025 Cabinet Price List Supplier,266.00,61,,each
KS-BSR09,"Kingston Spice Rack Cabinet 9""W",KINGSTON Spice Rack Cabinet,Cabinets,Kingston,2025 Cabinet Price List Supplier,278.67,61,,each
KS-BSR12,"Kingston Spice Rack Cabinet 12""W",KINGSTON Spice Rack Cabinet,Cabinets,Kingston,2025 Cabinet Price List Supplier,300.00,61,,each
KS-CM8-C,Kingston Curved  Crown Molding,KINGSTON Curved Crown Molding,Cabinets,Kingston,2025 Cabinet Price List Supplier,96.20,61,,each
KS-CORBEL-2,Kingston Corbel-2,KINGSTON Corbel-2,Cabinets,Kingston,2025 Cabinet Price List Supplier,216.93,61,,each
KS-CSB36,"Kingston Diagonal Corner Sink Base 36""W",KINGSTON Diagonal Corner Sink Base,Cabinets,Kingston,2025 Cabinet Price List Supplier,763.55,61,,each
KS-D1230W,"Kingston Wall Decorative Door 12""W x 30""H",KINGSTON Wall Decorative Door,Cabinets,Kingston,2025 Cabinet Price List Supplier,85.95,61,,each
KS-D1236W,"Kingston Wall Decorative Door 12""W x 36""H",KINGSTON Wall Decorative Door,Cabinets,Kingston,2025 Cabinet Price List Supplier,103.43,61,,each
KS-D1242W,"Kingston Wall Decorative Door 12""W x 42""H",KINGSTON Wall Decorative Door,Cabinets,Kingston,2025 Cabinet Price List Supplier,120.91,61,,each
KS-D1249W,"Kingston Wall Decorative Door 12""W x 49""H",KINGSTON Wall Decorative Door,Cabinets,Kingston,2025 Cabinet Price List Supplier,168.00,61,,each
KS-D2430B,"Kingston Base Decorative Door 24""W x 30""H",KINGSTON Base Decorative Door,Cabinets,Kingston,2025 Cabinet Price List Supplier,178.41,61,,each
KS-DB12-3,"Kingston Drawer Base Cabinet 12""W",KINGSTON Drawer Base Cabinet,Cabinets,Kingston,2025 Cabinet Price List Supplier,438.33,61,,each
KS-DB15-3,"Kingston Drawer Base Cabinet 15""W",KINGSTON Drawer Base Cabinet,Cabinets,Kingston,2025 Cabinet Price List Supplier,490.71,61,,each
KS-DB18-3,"Kingston Drawer Base Cabinet 18""W",KINGSTON Drawer Base Cabinet,Cabinets,Kingston,2025 Cabinet Price List Supplier,543.02,61,,each
KS-DB21-3,"Kingston Drawer Base Cabinet 21""W",KINGSTON Drawer Base Cabinet,Cabinets,Kingston,2025 Cabinet Price List Supplier,600.15,61,,each
KS-DB24-3,"Kingston Drawer Base Cabinet 24""W",KINGSTON Drawer Base Cabinet,Cabinets,Kingston,2025 Cabinet Price List Supplier,653.41,61,,each
KS-DB30-3,"Kingston Drawer Base Cabinet 30""W",KINGSTON Drawer Base Cabinet,Cabinets,Kingston,2025 Cabinet Price List Supplier,697.24,61,,each
KS-DB36-3,"Kingston Drawer Base Cabinet 36""W",KINGSTON Drawer Base Cabinet,Cabinets,Kingston,2025 Cabinet Price List Supplier,747.08,61,,each
KS-DWR-3,Kingston Dish Washer Panel,KINGSTON Dish Washer Panel,Cabinets,Kingston,2025 Cabinet Price List Supplier,84.05,61,,each
KS-FA2421,"Kingston Vanity Sink Cabinet 24""W x 21""H",KINGSTON Vanity Sink Cabinet,Cabinets,Kingston,2025 Cabinet Price List Supplier,274.36,61,,each
KS-FA3021,"Kingston Vanity Sink Cabinet 30""W x 21""H",KINGSTON Vanity Sink Cabinet,Cabinets,Kingston,2025 Cabinet Price List Supplier,317.56,61,,each
KS-FA3021DL,"Kingston Vanity with 2 drawers, Drawers on the Left 30""W x 21""H","KINGSTON Vanity with 2 drawers, Drawers on the Left",Cabinets,Kingston,2025 Cabinet Price List Supplier,520.15,61,,each
KS-FA3021DR,"Kingston Vanity with 2 drawers, Drawers on the right 30""W x 21""H","KINGSTON Vanity with 2 drawers, Drawers on the right",Cabinets,Kingston,2025 Cabinet Price List Supplier,520.15,61,,each
KS-FA3621DL,"Kingston Vanity with 2 drawers, Drawers on the left 36""W x 21""H","KINGSTON Vanity with 2 drawers, Drawers on the left",Cabinets,Kingston,2025 Cabinet Price List Supplier,563.54,61,,each
KS-FA3621DR,"Kingston Vanity with 2 drawers, drawers on the right 36""W x 21""H","KINGSTON Vanity with 2 drawers, drawers on the right",Cabinets,Kingston,2025 Cabinet Price List Supplier,563.54,61,,each
KS-FB3X3,Kingston Rossette,KINGSTON Rossette,Cabinets,Kingston,2025 Cabinet Price List Supplier,10.00,61,,each
KS-FD30,"Kingston Knee Drawer Cabinet 30""W",KINGSTON Knee Drawer Cabinet,Cabinets,Kingston,2025 Cabinet Price List Supplier,124.89,61,,each
KS-FSB30,"Kingston FARM SINK BASE 30""W",KINGSTON FARM SINK BASE,Cabinets,Kingston,2025 Cabinet Price List Supplier,520.00,61,,each
KS-FSB36,"Kingston Farm Sink Base Cabinet 36""W",KINGSTON Farm Sink Base Cabinet,Cabinets,Kingston,2025 Cabinet Price List Supplier,550.00,61,,each
KS-GD1230,"Kingston Glass Door with Frosted Glass Insert 12""W x 30""H",Kingston Glass Door with Frosted Glass Insert,Cabinets,Kingston,2025 Cabinet Price List Supplier,100.33,61,,each
KS-GD1236,"Kingston Frosted Glass and Frame 12""W x 36""H",KINGSTON Frosted Glass and Frame,Cabinets,Kingston,2025 Cabinet Price List Supplier,111.52,61,,each
KS-GD1242,"Kingston Frosted Glass and Frame 12""W x 42""H",KINGSTON Frosted Glass and Frame,Cabinets,Kingston,2025 Cabinet Price List Supplier,122.71,61,,each
KS-GD1530,"Kingston Frosted Glass and Frame 15""W x 30""H",KINGSTON Frosted Glass and Frame,Cabinets,Kingston,2025 Cabinet Price List Supplier,116.88,61,,each
KS-GD1536,"Kingston Frosted Glass and Frame 15""W x 36""H",KINGSTON Frosted Glass and Frame,Cabinets,Kingston,2025 Cabinet Price List Supplier,128.07,61,,each
KS-GD1542,"Kingston Frosted Glass and Frame 15""W x 42""H",KINGSTON Frosted Glass and Frame,Cabinets,Kingston,2025 Cabinet Price List Supplier,140.24,61,,each
KS-GD1830,"Kingston Frosted Glass and Frame 18""W x 30""H",KINGSTON Frosted Glass and Frame,Cabinets,Kingston,2025 Cabinet Price List Supplier,134.88,61,,each
KS-GD1836,"Kingston Frosted Glass and Frame 18""W x 36""H",KINGSTON Frosted Glass and Frame,Cabinets,Kingston,2025 Cabinet Price List Supplier,145.97,61,,each
KS-GD1842,"Kingston Frosted Glass and Frame 18""W x 42""H",KINGSTON Frosted Glass and Frame,Cabinets,Kingston,2025 Cabinet Price List Supplier,160.00,61,,each
KS-HC30,"Kingston Hood Cover 30""W",KINGSTON Hood Cover,Cabinets,Kingston,2025 Cabinet Price List Supplier,688.00,61,,each
KS-HC36,"Kingston HOOD COVER 36""W",KINGSTON HOOD COVER,Cabinets,Kingston,2025 Cabinet Price List Supplier,732.00,61,,each
KS-LACQUER ENAMEL (SPRAY PAINT,Kingston KS-M105-4891,KS-M105-4891,Cabinets,Kingston,2025 Cabinet Price List Supplier,35.00,61,,each
KS-OC3384,"Kingston Wall Oven Cabinet 33""W x 84""H",KINGSTON Wall Oven Cabinet,Cabinets,Kingston,2025 Cabinet Price List Supplier,1071.41,61,,each
KS-OC3390,"Kingston Wall Oven Cabinet 33""W x 90""H",KINGSTON Wall Oven Cabinet,Cabinets,Kingston,2025 Cabinet Price List Supplier,1082.55,61,,each
KS-OC3396,"Kingston Wall Oven Cabinet 33""W x 96""H",KINGSTON Wall Oven Cabinet,Cabinets,Kingston,2025 Cabinet Price List Supplier,1218.47,61,,each
KS-OCM8,Kingston Outside Corner Molding,KINGSTON Outside Corner Molding,Cabinets,Kingston,2025 Cabinet Price List Supplier,20.90,61,,each
KS-OGM8,Kingston Ogee Molding 8',KINGSTON Ogee Molding 8',Cabinets,Kingston,2025 Cabinet Price List Supplier,74.60,61,,each
KS-PCVFF396,"Kingston Fluted Filler 8' 39""W",KINGSTON Fluted Filler 8',Cabinets,Kingston,2025 Cabinet Price List Supplier,73.98,61,,each
KS-PD18-2,"Kingston POT DRAWER CABINET-2 Drawers 18""W",KINGSTON POT DRAWER CABINET-2 Drawers,Cabinets,Kingston,2025 Cabinet Price List Supplier,540.00,61,,each
KS-PD30-2,"Kingston POT DRAWER CABINET-2 Drawers 30""W",KINGSTON POT DRAWER CABINET-2 Drawers,Cabinets,Kingston,2025 Cabinet Price List Supplier,685.00,61,,each
KS-PD36-2,"Kingston POT DRAWER CABINET-2 Drawers 36""W",KINGSTON POT DRAWER CABINET-2 Drawers,Cabinets,Kingston,2025 Cabinet Price List Supplier,735.00,61,,each
KS-QR8,Kingston Quarter Round 8',KINGSTON Quarter Round 8',Cabinets,Kingston,2025 Cabinet Price List Supplier,29.64,61,,each
KS-RRP9624,"Kingston Refrigerator Panel 96""x24""x3"" return","KINGSTON Refrigerator Panel 96""x24""x3"" return",Cabinets,Kingston,2025 Cabinet Price List Supplier,177.65,61,,each
KS-SB24,"Kingston Sink Base Cabinet 24""W",KINGSTON Sink Base Cabinet,Cabinets,Kingston,2025 Cabinet Price List Supplier,320.78,61,,each
KS-SB27,"Kingston Sink Base 27""W",KINGSTON Sink Base,Cabinets,Kingston,2025 Cabinet Price List Supplier,358.02,61,,each
KS-SB30,"Kingston Sink Base 30""W",KINGSTON Sink Base,Cabinets,Kingston,2025 Cabinet Price List Supplier,400.77,61,,each
KS-SB33,"Kingston Sink Base 33""W",KINGSTON Sink Base,Cabinets,Kingston,2025 Cabinet Price List Supplier,475.32,61,,each
KS-SB36,"Kingston Sink Base 36""W",KINGSTON Sink Base,Cabinets,Kingston,2025 Cabinet Price List Supplier,508.00,61,,each
KS-SD,Kingston Sample Doors,KINGSTON Sample Doors,Cabinets,Kingston,2025 Cabinet Price List Supplier,40.00,61,,each
KS-SM8,Kingston Scribe Molding,KINGSTON Scribe Molding,Cabinets,Kingston,2025 Cabinet Price List Supplier,13.94,61,,each
KS-SPOOL-2,"Kingston Full Post 3""x3""","KINGSTON Full Post 3""x3""",Cabinets,Kingston,2025 Cabinet Price List Supplier,178.29,61,,each
KS-SS-30,Kingston Split Spool,KINGSTON Split Spool,Cabinets,Kingston,2025 Cabinet Price List Supplier,89.15,61,,each
KS-SVA12D-3,"Kingston Vanity 3 Drawers Cabinet 12""W",KINGSTON Vanity 3 Drawers Cabinet,Cabinets,Kingston,2025 Cabinet Price List Supplier,405.01,61,,each
KS-SVA15D-3,"Kingston Vanity 3 Drawer Cabinet 15""W",KINGSTON Vanity 3 Drawer Cabinet,Cabinets,Kingston,2025 Cabinet Price List Supplier,449.23,61,,each
KS-SVA18D-3,"Kingston Vanity 3 Drawers Cabinet 18""W",KINGSTON Vanity 3 Drawers Cabinet,Cabinets,Kingston,2025 Cabinet Price List Supplier,494.12,61,,each
KS-SVAM2430,"Kingston Mirror 24""W x 30""H",KINGSTON Mirror,Cabinets,Kingston,2025 Cabinet Price List Supplier,154.00,61,,each
KS-TK8,Kingston Toe kick 8',KINGSTON Toe kick 8',Cabinets,Kingston,2025 Cabinet Price List Supplier,17.10,61,,each
KS-TLR-2,Kingston Light Rail Molding 8',KINGSTON Light Rail Molding 8',Cabinets,Kingston,2025 Cabinet Price List Supplier,67.76,61,,each
KS-TOUCH UP KIT,Kingston Touch Up Kit,KINGSTON Touch Up Kit,Cabinets,Kingston,2025 Cabinet Price List Supplier,39.56,61,,each
KS-UREP,"Kingston Universal Refrigerator Panel 30""x96""x3/4""","KINGSTON Universal Refrigerator Panel 30""x96""x3/4""",Cabinets,Kingston,2025 Cabinet Price List Supplier,271.70,61,,each
KS-V36,"Kingston Valance 36""W",KINGSTON Valance,Cabinets,Kingston,2025 Cabinet Price List Supplier,36.29,61,,each
KS-V42,"Kingston Valance 42""W",KINGSTON Valance,Cabinets,Kingston,2025 Cabinet Price List Supplier,42.87,61,,each
KS-V48,"Kingston Valance 48""W",KINGSTON Valance,Cabinets,Kingston,2025 Cabinet Price List Supplier,49.52,61,,each
KS-V60,"Kingston Valance 60""W",KINGSTON Valance,Cabinets,Kingston,2025 Cabinet Price List Supplier,63.96,61,,each
KS-VAL3612,"Kingston BIG VALANCE 36""W x 12""H",KINGSTON BIG VALANCE,Cabinets,Kingston,2025 Cabinet Price List Supplier,132.00,61,,each
KS-VAL4212,"Kingston BIG  VALANCE 42""W x 12""H",KINGSTON BIG VALANCE,Cabinets,Kingston,2025 Cabinet Price List Supplier,143.00,61,,each
KS-VAL4812,"Kingston BIG VALANCE 48""W x 12""H",KINGSTON BIG VALANCE,Cabinets,Kingston,2025 Cabinet Price List Supplier,198.00,61,,each
KS-W0930,"Kingston Wall Cabinet 9""W x 30""H",KINGSTON Wall Cabinet,Cabinets,Kingston,2025 Cabinet Price List Supplier,161.63,61,,each
KS-W0936,"Kingston Wall Cabinet 9""W x 36""H",KINGSTON Wall Cabinet,Cabinets,Kingston,2025 Cabinet Price List Supplier,185.44,61,,each
KS-W0942,"Kingston Wall Cabinet 9""W x 42""H",KINGSTON Wall Cabinet,Cabinets,Kingston,2025 Cabinet Price List Supplier,209.26,61,,each
KS-W1230,"Kingston Wall Cabinet 12""W x 30""H",KINGSTON Wall Cabinet,Cabinets,Kingston,2025 Cabinet Price List Supplier,187.98,61,,each
KS-W1236,"Kingston Wall Cabinet 12""W x 36""H",KINGSTON Wall Cabinet,Cabinets,Kingston,2025 Cabinet Price List Supplier,214.25,61,,each
KS-W1242,"Kingston Wall Cabinet 12""W x 42""H",KINGSTON Wall Cabinet,Cabinets,Kingston,2025 Cabinet Price List Supplier,242.44,61,,each
KS-W1530,"Kingston Wall Cabinet 15""W x 30""H",KINGSTON Wall Cabinet,Cabinets,Kingston,2025 Cabinet Price List Supplier,218.62,61,,each
KS-W1536,"Kingston Wall Cabinet 15""W x 36""H",KINGSTON Wall Cabinet,Cabinets,Kingston,2025 Cabinet Price List Supplier,248.02,61,,each
KS-W1542,"Kingston Wall Cabinet 15""W x 42""H",KINGSTON Wall Cabinet,Cabinets,Kingston,2025 Cabinet Price List Supplier,277.28,61,,each
KS-W1830,"Kingston Wall Cabinet 18""W x 30""H",KINGSTON Wall Cabinet,Cabinets,Kingston,2025 Cabinet Price List Supplier,251.30,61,,each
KS-W1836,"Kingston Wall Cabinet 18""W x 36""H",KINGSTON Wall Cabinet,Cabinets,Kingston,2025 Cabinet Price List Supplier,280.70,61,,each
KS-W1842,"Kingston Wall Cabinet 18""W x 42""H",KINGSTON Wall Cabinet,Cabinets,Kingston,2025 Cabinet Price List Supplier,310.20,61,,each
KS-W2130,"Kingston Wall Cabinet 21""W x 30""H",KINGSTON Wall Cabinet,Cabinets,Kingston,2025 Cabinet Price List Supplier,281.46,61,,each
KS-W2136,"Kingston Wall Cabinet 21""W x 36""H",KINGSTON Wall Cabinet,Cabinets,Kingston,2025 Cabinet Price List Supplier,313.69,61,,each
KS-W2142,"Kingston Wall Cabinet 21""W x 42""H",KINGSTON Wall Cabinet,Cabinets,Kingston,2025 Cabinet Price List Supplier,345.92,61,,each
KS-W2412,"Kingston Wall Cabinet 24""W x 12""H",KINGSTON Wall Cabinet,Cabinets,Kingston,2025 Cabinet Price List Supplier,199.00,61,,each
KS-W2415,"Kingston Wall Cabinet 24""W x 15""H",KINGSTON Wall Cabinet,Cabinets,Kingston,2025 Cabinet Price List Supplier,218.00,61,,each
KS-W2418,"Kingston Wall Cabinet 24""W x 18""H",KINGSTON Wall Cabinet,Cabinets,Kingston,2025 Cabinet Price List Supplier,236.00,61,,each
KS-W2424,"Kingston Wall Cabinet 24""W x 24""H",KINGSTON Wall Cabinet,Cabinets,Kingston,2025 Cabinet Price List Supplier,299.95,61,,each
KS-W2430,"Kingston Wall Cabinet 24""W x 30""H",KINGSTON Wall Cabinet,Cabinets,Kingston,2025 Cabinet Price List Supplier,321.48,61,,each
KS-W2436,"Kingston Wall Cabinet 24""W x 36""H",KINGSTON Wall Cabinet,Cabinets,Kingston,2025 Cabinet Price List Supplier,357.70,61,,each
KS-W2442,"Kingston Wall Cabinet 24""W x 42""H",KINGSTON Wall Cabinet,Cabinets,Kingston,2025 Cabinet Price List Supplier,386.46,61,,each
KS-W2730,"Kingston Wall Cabinet 27""W x 30""H",KINGSTON Wall Cabinet,Cabinets,Kingston,2025 Cabinet Price List Supplier,351.38,61,,each
KS-W2736,"Kingston Wall Cabinet 27""W x 36""H",KINGSTON Wall Cabinet,Cabinets,Kingston,2025 Cabinet Price List Supplier,369.29,61,,each
KS-W2742,"Kingston Wall Cabinet 27""W x 42""H",KINGSTON Wall Cabinet,Cabinets,Kingston,2025 Cabinet Price List Supplier,387.10,61,,each
KS-W3012,"Kingston Wall Cabinet 30""W x 12""H",KINGSTON Wall Cabinet,Cabinets,Kingston,2025 Cabinet Price List Supplier,192.28,61,,each
KS-W301224,"Kingston Refrigerator Cabinet 30""W x 12""H x 24""D",KINGSTON Refrigerator Cabinet,Cabinets,Kingston,2025 Cabinet Price List Supplier,265.74,61,,each
KS-W3015,"Kingston Wall Cabinet 30""W x 15""H",KINGSTON Wall Cabinet,Cabinets,Kingston,2025 Cabinet Price List Supplier,212.73,61,,each
KS-W301524,"Kingston Refrigerator Cabinet 30""W x 15""H x 24""D",KINGSTON Refrigerator Cabinet,Cabinets,Kingston,2025 Cabinet Price List Supplier,297.40,61,,each
KS-W3018,"Kingston Wall Cabinet 30""W x 18""H",KINGSTON Wall Cabinet,Cabinets,Kingston,2025 Cabinet Price List Supplier,227.88,61,,each
KS-W301824,"Kingston Refrigerator Cabinet 30""W x 18""H x 24""D",KINGSTON Refrigerator Cabinet,Cabinets,Kingston,2025 Cabinet Price List Supplier,327.04,61,,each
KS-W3021,"Kingston Wall Cabinet 30""W x 21""H",KINGSTON Wall Cabinet,Cabinets,Kingston,2025 Cabinet Price List Supplier,279.00,61,,each
KS-W302124,"Kingston Refrigerator Cabinet 30""W x 21""H x 24""D",KINGSTON Refrigerator Cabinet,Cabinets,Kingston,2025 Cabinet Price List Supplier,413.00,61,,each
KS-W3024,"Kingston Wall Cabinet 30""W x 24""H",KINGSTON Wall Cabinet,Cabinets,Kingston,2025 Cabinet Price List Supplier,320.72,61,,each
KS-W302424,"Kingston Refrigerator Cabinet 30""W x 24""H x 24""D",KINGSTON Refrigerator Cabinet,Cabinets,Kingston,2025 Cabinet Price List Supplier,431.47,61,,each
KS-W3030,"Kingston Wall Cabinet 30""W x 30""H",KINGSTON Wall Cabinet,Cabinets,Kingston,2025 Cabinet Price List Supplier,381.07,61,,each
KS-W3036,"Kingston Wall Cabinet 30""W x 36""H",KINGSTON Wall Cabinet,Cabinets,Kingston,2025 Cabinet Price List Supplier,423.06,61,,each
KS-W3042,"Kingston Wall Cabinet 30""W x 42""H",KINGSTON Wall Cabinet,Cabinets,Kingston,2025 Cabinet Price List Supplier,464.93,61,,each
KS-W3312,"Kingston Wall Cabinet 33""W x 12""H",KINGSTON Wall Cabinet,Cabinets,Kingston,2025 Cabinet Price List Supplier,219.33,61,,each
KS-W331224,"Kingston Refrigerator Cabinet 33""W x 12""H x 24""D",KINGSTON Refrigerator Cabinet,Cabinets,Kingston,2025 Cabinet Price List Supplier,274.74,61,,each
KS-W3315,"Kingston WALL CABINET 33""W x 15""H",KINGSTON WALL CABINET,Cabinets,Kingston,2025 Cabinet Price List Supplier,230.85,61,,each
KS-W331524,"Kingston Refrigerator Cabinet 33""W x 15""H x 24""D",KINGSTON Refrigerator Cabinet,Cabinets,Kingston,2025 Cabinet Price List Supplier,306.40,61,,each
KS-W3318,"Kingston Wall Cabinet 33""W x 18""H",KINGSTON Wall Cabinet,Cabinets,Kingston,2025 Cabinet Price List Supplier,243.39,61,,each
KS-W331824,"Kingston Refrigerator Cabinet 33""W x 18""H x 24""D",KINGSTON Refrigerator Cabinet,Cabinets,Kingston,2025 Cabinet Price List Supplier,336.04,61,,each
KS-W332124,"Kingston Refrigerator Cabinet 33""W x 21""H x 24""D",KINGSTON Refrigerator Cabinet,Cabinets,Kingston,2025 Cabinet Price List Supplier,435.00,61,,each
KS-W3324,"Kingston Wall Cabinet 33""W x 24""H",KINGSTON Wall Cabinet,Cabinets,Kingston,2025 Cabinet Price List Supplier,335.80,61,,each
KS-W332424,"Kingston Wall Cabinet 33""W x 24""H x 24""D",KINGSTON Wall Cabinet,Cabinets,Kingston,2025 Cabinet Price List Supplier,440.47,61,,each
KS-W3330,"Kingston Wall Cabinet 33""W x 30""H",KINGSTON Wall Cabinet,Cabinets,Kingston,2025 Cabinet Price List Supplier,402.68,61,,each
KS-W3336,"Kingston Wall Cabinet 33""W x 36""H",KINGSTON Wall Cabinet,Cabinets,Kingston,2025 Cabinet Price List Supplier,456.00,61,,each
KS-W3342,"Kingston Wall Cabinet 33""W x 42""H",KINGSTON Wall Cabinet,Cabinets,Kingston,2025 Cabinet Price List Supplier,523.52,61,,each
KS-W3612,"Kingston Wall Cabinet 36""W x 12""H",KINGSTON Wall Cabinet,Cabinets,Kingston,2025 Cabinet Price List Supplier,209.69,61,,each
KS-W361224,"Kingston Refrigerator Cabinet 36""W x 12""H x 24""D",KINGSTON Refrigerator Cabinet,Cabinets,Kingston,2025 Cabinet Price List Supplier,283.74,61,,each
KS-W3615,"Kingston Wall Cabinet 36""W x 15""H",KINGSTON Wall Cabinet,Cabinets,Kingston,2025 Cabinet Price List Supplier,244.65,61,,each
KS-W361524,"Kingston Refrigerator Cabinet 36""W x 15""H x 24""D",KINGSTON Refrigerator Cabinet,Cabinets,Kingston,2025 Cabinet Price List Supplier,315.40,61,,each
KS-W3618,"Kingston Wall Cabinet 36""W x 18""H",KINGSTON Wall Cabinet,Cabinets,Kingston,2025 Cabinet Price List Supplier,273.67,61,,each
KS-W361824,"Kingston Refrigerator Cabinet 36""W x 18""H x 24""D",KINGSTON Refrigerator Cabinet,Cabinets,Kingston,2025 Cabinet Price List Supplier,345.04,61,,each
KS-W3621,"Kingston Wall Cabinet 36""W x 21""H",KINGSTON Wall Cabinet,Cabinets,Kingston,2025 Cabinet Price List Supplier,319.00,61,,each
KS-W3621-24,"Kingston Refrigerator Cabinet 36""W x 21""H",KINGSTON Refrigerator Cabinet,Cabinets,Kingston,2025 Cabinet Price List Supplier,451.00,61,,each
KS-W3624,"Kingston Wall cabinet 36""W x 24""H",KINGSTON Wall cabinet,Cabinets,Kingston,2025 Cabinet Price List Supplier,352.71,61,,each
KS-W362424,"Kingston Refrigerator Cabinet 36""W x 24""H x 24""D",KINGSTON Refrigerator Cabinet,Cabinets,Kingston,2025 Cabinet Price List Supplier,449.47,61,,each
KS-W3630,"Kingston Wall Cabinet 36""W x 30""H",KINGSTON Wall Cabinet,Cabinets,Kingston,2025 Cabinet Price List Supplier,431.56,61,,each
KS-W3636,"Kingston Wall Cabinet 36""W x 36""H",KINGSTON Wall Cabinet,Cabinets,Kingston,2025 Cabinet Price List Supplier,488.61,61,,each
KS-W3642,"Kingston Wall Cabinet 36""W x 42""H",KINGSTON Wall Cabinet,Cabinets,Kingston,2025 Cabinet Price List Supplier,559.29,61,,each
KS-WDC2430,"Kingston Wall Diagonal Cabinet 24""W x 30""H",KINGSTON Wall Diagonal Cabinet,Cabinets,Kingston,2025 Cabinet Price List Supplier,396.22,61,,each
KS-WDC2436,"Kingston Wall Diagonal Cabinet 24""W x 36""H",KINGSTON Wall Diagonal Cabinet,Cabinets,Kingston,2025 Cabinet Price List Supplier,443.53,61,,each
KS-WDC2442,"Kingston Wall Diagonal Cabinet 24""W x 42""H",KINGSTON Wall Diagonal Cabinet,Cabinets,Kingston,2025 Cabinet Price List Supplier,487.23,61,,each
KS-WDC273615,"Kingston Wall Diagonal Cabinet 27""W x 36""H x 15""D",KINGSTON Wall Diagonal Cabinet,Cabinets,Kingston,2025 Cabinet Price List Supplier,522.19,61,,each
KS-WDC274215,"Kingston Wall Diagonal Cabinet 27""W x 42""H x 15""D",KINGSTON Wall Diagonal Cabinet,Cabinets,Kingston,2025 Cabinet Price List Supplier,568.03,61,,each
KS-WEC1230,"Kingston Wall End Angle Cabinet 12""W x 30""H",KINGSTON Wall End Angle Cabinet,Cabinets,Kingston,2025 Cabinet Price List Supplier,222.18,61,,each
KS-WEC1236,"Kingston Wall End Angle Cabinet 12""W x 36""H",KINGSTON Wall End Angle Cabinet,Cabinets,Kingston,2025 Cabinet Price List Supplier,250.73,61,,each
KS-WEC1242,"Kingston Angled Wall Cabinet 12""W x 42""H",KINGSTON Angled Wall Cabinet,Cabinets,Kingston,2025 Cabinet Price List Supplier,276.19,61,,each
KS-WES0930,"Kingston Wall End Shelf Cabinet 9""W x 30""H",KINGSTON Wall End Shelf Cabinet,Cabinets,Kingston,2025 Cabinet Price List Supplier,153.64,61,,each
KS-WES0936,"Kingston Wall End Shelf Cabinet 9""W x 36""H",KINGSTON Wall End Shelf Cabinet,Cabinets,Kingston,2025 Cabinet Price List Supplier,182.02,61,,each
KS-WES0942,"Kingston Wall End Shelf Cabinet 9""W x 42""H",KINGSTON Wall End Shelf Cabinet,Cabinets,Kingston,2025 Cabinet Price List Supplier,213.75,61,,each
KS-WF1.5X96,"Kingston Wall Filler 1.5""W x 96""H",Kingston Wall Filler,Cabinets,Kingston,2025 Cabinet Price List Supplier,60.00,61,,each
KS-WF330,"Kingston Wall Filler 3""x30""","Kingston Wall Filler 3""x30""",Cabinets,Kingston,2025 Cabinet Price List Supplier,23.75,61,,each
KS-WF336,"Kingston Wall Filler 3x36""","KINGSTON Wall Filler 3x36""",Cabinets,Kingston,2025 Cabinet Price List Supplier,28.18,61,,each
KS-WF342,"Kingston Wall Filler 3""W x 42""H",Kingston Wall Filler,Cabinets,Kingston,2025 Cabinet Price List Supplier,32.87,61,,each
KS-WF396,"Kingston 3X96 Long Filler 3""W x 96""H",Kingston 3X96 Long Filler,Cabinets,Kingston,2025 Cabinet Price List Supplier,67.70,61,,each
KS-WF630,"Kingston WALL FILLER 6X30 6""W x 30""H",Kingston WALL FILLER 6X30,Cabinets,Kingston,2025 Cabinet Price List Supplier,46.74,61,,each
KS-WF636,"Kingston Wall Filler 6""x36""","KINGSTON Wall Filler 6""x36""",Cabinets,Kingston,2025 Cabinet Price List Supplier,53.20,61,,each
KS-WF642,"Kingston Wall Filler 6""W x 42""H",Kingston Wall Filler,Cabinets,Kingston,2025 Cabinet Price List Supplier,59.79,61,,each
KS-WF696,"Kingston Long Filler 6""x96""","Kingston Long Filler 6""x96""",Cabinets,Kingston,2025 Cabinet Price List Supplier,131.04,61,,each
KS-WLS2430,"Kingston Wall Corner Bi-Fold Door Cabinet 24""W x 30""H",KINGSTON Wall Corner Bi-Fold Door Cabinet,Cabinets,Kingston,2025 Cabinet Price List Supplier,403.00,61,,each
KS-WLS2436,"Kingston Wall Corner Bi-Fold Door Cabinet 24""W x 36""H",KINGSTON Wall Corner Bi-Fold Door Cabinet,Cabinets,Kingston,2025 Cabinet Price List Supplier,451.00,61,,each
KS-WLS2442,"Kingston Wall Corner Bi-Fold Door Cabinet 24""W x 42""H",KINGSTON Wall Corner Bi-Fold Door Cabinet,Cabinets,Kingston,2025 Cabinet Price List Supplier,496.00,61,,each
KS-WMC3030,"Kingston Microwave Cabinet 30""W x 30""H",KINGSTON Microwave Cabinet,Cabinets,Kingston,2025 Cabinet Price List Supplier,440.80,61,,each
KS-WMC3036,"Kingston Microwave Cabinet 30""W x 36""H",KINGSTON Microwave Cabinet,Cabinets,Kingston,2025 Cabinet Price List Supplier,458.78,61,,each
KS-WMC3042,"Kingston Microwave Cabinet 30""W x 42""H",KINGSTON Microwave Cabinet,Cabinets,Kingston,2025 Cabinet Price List Supplier,484.38,61,,each
KS-WP1884,"Kingston Tall Pantry 18""W x 84""H",KINGSTON Tall Pantry,Cabinets,Kingston,2025 Cabinet Price List Supplier,773.68,61,,each
KS-WP1890,"Kingston Tall Pantry 18""W x 90""H",KINGSTON Tall Pantry,Cabinets,Kingston,2025 Cabinet Price List Supplier,823.84,61,,each
KS-WP1896,"Kingston Tall Pantry 18""W x 96""H",KINGSTON Tall Pantry,Cabinets,Kingston,2025 Cabinet Price List Supplier,874.12,61,,each
KS-WP2484,"Kingston Tall Pantry 24""W x 84""H",KINGSTON Tall Pantry,Cabinets,Kingston,2025 Cabinet Price List Supplier,840.37,61,,each
KS-WP2490,"Kingston Tall Pantry 24""W x 90""H",KINGSTON Tall Pantry,Cabinets,Kingston,2025 Cabinet Price List Supplier,877.30,61,,each
KS-WP2496,"Kingston Tall Pantry 24""W x 96""H",KINGSTON Tall Pantry,Cabinets,Kingston,2025 Cabinet Price List Supplier,939.48,61,,each
KS-WP3084,"Kingston Tall Pantry 30""W x 84""H",KINGSTON Tall Pantry,Cabinets,Kingston,2025 Cabinet Price List Supplier,882.00,61,,each
KS-WP3090,"Kingston Tall Pantry 30""W x 90""H",KINGSTON Tall Pantry,Cabinets,Kingston,2025 Cabinet Price List Supplier,933.00,61,,each
KS-WP3096,"Kingston Tall Pantry 30""W x 96""H",KINGSTON Tall Pantry,Cabinets,Kingston,2025 Cabinet Price List Supplier,983.00,61,,each
NV-30GR,"Nova Glass Holder 30""W",NOVA Glass Holder,Cabinets,Nova,2025 Cabinet Price List Supplier,55.03,61,,each
NV-30WR,"Nova Wall Wine Rack Cabinet 30""W",NOVA Wall Wine Rack Cabinet,Cabinets,Nova,2025 Cabinet Price List Supplier,215.15,61,,each
NV-36GR,"Nova Glass Holder 36""W",NOVA Glass Holder,Cabinets,Nova,2025 Cabinet Price List Supplier,74.74,61,,each
NV-36WR,"Nova Wall Wine Rack Cabinet 36""W",NOVA Wall Wine Rack Cabinet,Cabinets,Nova,2025 Cabinet Price List Supplier,260.94,61,,each
NV-ACM8-C,"Nova Crown Molding 3"" Curved Staggered","NOVA Crown Molding 3"" Curved Staggered",Cabinets,Nova,2025 Cabinet Price List Supplier,149.40,61,,each
NV-ACM8-S,"Nova Crown Molding 3"" Straight Staggered","NOVA Crown Molding 3"" Straight Staggered",Cabinets,Nova,2025 Cabinet Price List Supplier,149.40,61,,each
NV-B09,"Nova Base Cabinet 9""W",NOVA Base Cabinet,Cabinets,Nova,2025 Cabinet Price List Supplier,206.22,61,,each
NV-B12,"Nova Base Cabinet 12""W",NOVA Base Cabinet,Cabinets,Nova,2025 Cabinet Price List Supplier,270.75,61,,each
NV-B15,"Nova Base Cabinet 15""W",NOVA Base Cabinet,Cabinets,Nova,2025 Cabinet Price List Supplier,323.00,61,,each
NV-B18,"Nova Base Cabinet 18""W",NOVA Base Cabinet,Cabinets,Nova,2025 Cabinet Price List Supplier,377.78,61,,each
NV-B21,"Nova Base Cabinet 21""W",NOVA Base Cabinet,Cabinets,Nova,2025 Cabinet Price List Supplier,411.03,61,,each
NV-B24,"Nova Base Cabinet 24""W",NOVA Base Cabinet,Cabinets,Nova,2025 Cabinet Price List Supplier,453.66,61,,each
NV-B27,"Nova Base Cabinet 27""W",NOVA Base Cabinet,Cabinets,Nova,2025 Cabinet Price List Supplier,489.25,61,,each
NV-B30,"Nova Base Cabinet 30""W",NOVA Base Cabinet,Cabinets,Nova,2025 Cabinet Price List Supplier,574.88,61,,each
NV-B33,"Nova Base Cabinet 33""W",NOVA Base Cabinet,Cabinets,Nova,2025 Cabinet Price List Supplier,611.86,61,,each
NV-B36,"Nova Base Cabinet 36""W",NOVA Base Cabinet,Cabinets,Nova,2025 Cabinet Price List Supplier,648.72,61,,each
NV-BBC39,"Nova Blind Corner Cabinet 39""W",NOVA Blind Corner Cabinet,Cabinets,Nova,2025 Cabinet Price List Supplier,492.10,61,,each
NV-BBC42,"Nova Blind Corner Cabinet 42""W",NOVA Blind Corner Cabinet,Cabinets,Nova,2025 Cabinet Price List Supplier,645.94,61,,each
NV-BCB150,Nova Chair Rail Molding,NOVA Chair Rail Molding,Cabinets,Nova,2025 Cabinet Price List Supplier,30.26,61,,each
NV-BEC24,"Nova Base End Angle 24""W",NOVA Base End Angle,Cabinets,Nova,2025 Cabinet Price List Supplier,575.32,61,,each
NV-BES09,"Nova Base End Curved 9""W",NOVA Base End Curved,Cabinets,Nova,2025 Cabinet Price List Supplier,330.22,61,,each
NV-BFH09,"Nova BASE FULL HEIGHT DOOR CABINET 9""W",NOVA BASE FULL HEIGHT DOOR CABINET,Cabinets,Nova,2025 Cabinet Price List Supplier,180.00,61,,each
NV-BFH12-12,"Nova Base Full Height Door Cabinet 12"" Deep","NOVA Base Full Height Door Cabinet 12"" Deep",Cabinets,Nova,2025 Cabinet Price List Supplier,183.67,61,,each
NV-BFH15-12,"Nova Base Full Height Door Cabinet 12"" Deep","NOVA Base Full Height Door Cabinet 12"" Deep",Cabinets,Nova,2025 Cabinet Price List Supplier,207.15,61,,each
NV-BFH24-12,"Nova Base Full Height Door Cabinet 12"" Deep","NOVA Base Full Height Door Cabinet 12"" Deep",Cabinets,Nova,2025 Cabinet Price List Supplier,295.38,61,,each
NV-BFH30-12,"Nova Base Full Height Door Cabinet 12"" Deep","NOVA Base Full Height Door Cabinet 12"" Deep",Cabinets,Nova,2025 Cabinet Price List Supplier,351.27,61,,each
NV-BLS33N,"Nova Lazy Susan cabinet with shelf only. No Trays. 33""W",NOVA Lazy Susan cabinet with shelf only. No Trays.,Cabinets,Nova,2025 Cabinet Price List Supplier,727.66,61,,each
NV-BLS36N,"Nova Lazy Susan cabinet with shelf only. No Trays. 36""W",NOVA Lazy Susan cabinet with shelf only. No Trays.,Cabinets,Nova,2025 Cabinet Price List Supplier,785.36,61,,each
NV-BM8,"Nova Base Molding 96""","NOVA Base Molding 96""",Cabinets,Nova,2025 Cabinet Price List Supplier,96.84,61,,each
NV-BMC30,"Nova Base Microwave Cabinet 30""W",NOVA Base Microwave Cabinet,Cabinets,Nova,2025 Cabinet Price List Supplier,535.00,61,,each
NV-BP3696,"Nova Back Panel 36""x96""x1/4""","NOVA Back Panel 36""x96""x1/4""",Cabinets,Nova,2025 Cabinet Price List Supplier,131.55,61,,each
NV-BP4896,"Nova Back Panel 48""x96""x1/4""","NOVA Back Panel 48""x96""x1/4""",Cabinets,Nova,2025 Cabinet Price List Supplier,178.00,61,,each
NV-BSR06,"Nova Spice Rack Cabinet 6""W",NOVA Spice Rack Cabinet,Cabinets,Nova,2025 Cabinet Price List Supplier,266.00,61,,each
NV-BSR09,"Nova Spice Rack Cabinet 9""W",NOVA Spice Rack Cabinet,Cabinets,Nova,2025 Cabinet Price List Supplier,278.67,61,,each
NV-BSR12,"Nova Spice Rack Cabinet 12""W",NOVA Spice Rack Cabinet,Cabinets,Nova,2025 Cabinet Price List Supplier,300.00,61,,each
NV-CM8-C,Nova Curved  Crown Molding,NOVA Curved Crown Molding,Cabinets,Nova,2025 Cabinet Price List Supplier,96.20,61,,each
NV-CORBEL-2,Nova Corbel-2,NOVA Corbel-2,Cabinets,Nova,2025 Cabinet Price List Supplier,216.93,61,,each
NV-CSB36,"Nova Diagonal Corner Sink Base 36""W",NOVA Diagonal Corner Sink Base,Cabinets,Nova,2025 Cabinet Price List Supplier,763.55,61,,each
NV-D1230W,"Nova Wall Decorative Door 12""W x 30""H",NOVA Wall Decorative Door,Cabinets,Nova,2025 Cabinet Price List Supplier,85.95,61,,each
NV-D1236W,"Nova Wall Decorative Door 12""W x 36""H",NOVA Wall Decorative Door,Cabinets,Nova,2025 Cabinet Price List Supplier,103.43,61,,each
NV-D1242W,"Nova Wall Decorative Door 12""W x 42""H",NOVA Wall Decorative Door,Cabinets,Nova,2025 Cabinet Price List Supplier,120.91,61,,each
NV-D1249W,"Nova Wall Decorative Door 12""W x 49""H",NOVA Wall Decorative Door,Cabinets,Nova,2025 Cabinet Price List Supplier,168.00,61,,each
NV-D2430B,"Nova Base Decorative Door 24""W x 30""H",NOVA Base Decorative Door,Cabinets,Nova,2025 Cabinet Price List Supplier,178.41,61,,each
NV-DB12-3,"Nova Drawer Base Cabinet 12""W",NOVA Drawer Base Cabinet,Cabinets,Nova,2025 Cabinet Price List Supplier,438.33,61,,each
NV-DB15-3,"Nova Drawer Base Cabinet 15""W",NOVA Drawer Base Cabinet,Cabinets,Nova,2025 Cabinet Price List Supplier,490.71,61,,each
NV-DB18-3,"Nova Drawer Base Cabinet 18""W",NOVA Drawer Base Cabinet,Cabinets,Nova,2025 Cabinet Price List Supplier,543.02,61,,each
NV-DB21-3,"Nova Drawer Base Cabinet 21""W",NOVA Drawer Base Cabinet,Cabinets,Nova,2025 Cabinet Price List Supplier,600.15,61,,each
NV-DB24-3,"Nova Drawer Base Cabinet 24""W",NOVA Drawer Base Cabinet,Cabinets,Nova,2025 Cabinet Price List Supplier,653.41,61,,each
NV-DB30-3,"Nova Drawer Base Cabinet 30""W",NOVA Drawer Base Cabinet,Cabinets,Nova,2025 Cabinet Price List Supplier,697.24,61,,each
NV-DB36-3,"Nova Drawer Base Cabinet 36""W",NOVA Drawer Base Cabinet,Cabinets,Nova,2025 Cabinet Price List Supplier,747.08,61,,each
NV-DWR-3,Nova Dish Washer Panel,NOVA Dish Washer Panel,Cabinets,Nova,2025 Cabinet Price List Supplier,84.05,61,,each
NV-FA2421,"Nova Vanity Sink Cabinet 24""W x 21""H",NOVA Vanity Sink Cabinet,Cabinets,Nova,2025 Cabinet Price List Supplier,274.36,61,,each
NV-FA3021,"Nova Vanity Sink Cabinet 30""W x 21""H",NOVA Vanity Sink Cabinet,Cabinets,Nova,2025 Cabinet Price List Supplier,317.56,61,,each
NV-FA3021DL,"Nova Vanity with 2 drawers, Drawers on the Left 30""W x 21""H","NOVA Vanity with 2 drawers, Drawers on the Left",Cabinets,Nova,2025 Cabinet Price List Supplier,520.15,61,,each
NV-FA3021DR,"Nova Vanity with 2 drawers, Drawers on the right 30""W x 21""H","NOVA Vanity with 2 drawers, Drawers on the right",Cabinets,Nova,2025 Cabinet Price List Supplier,520.15,61,,each
NV-FA3621DL,"Nova Vanity with 2 drawers, Drawers on the left 36""W x 21""H","NOVA Vanity with 2 drawers, Drawers on the left",Cabinets,Nova,2025 Cabinet Price List Supplier,563.54,61,,each
NV-FA3621DR,"Nova Vanity with 2 drawers, drawers on the right 36""W x 21""H","NOVA Vanity with 2 drawers, drawers on the right",Cabinets,Nova,2025 Cabinet Price List Supplier,563.54,61,,each
NV-FB3X3,Nova Rossette,NOVA Rossette,Cabinets,Nova,2025 Cabinet Price List Supplier,10.00,61,,each
NV-FD30,"Nova Knee Drawer Cabinet 30""W",NOVA Knee Drawer Cabinet,Cabinets,Nova,2025 Cabinet Price List Supplier,124.89,61,,each
NV-FSB30,"Nova FARM SINK BASE 30""W",NOVA FARM SINK BASE,Cabinets,Nova,2025 Cabinet Price List Supplier,520.00,61,,each
NV-FSB36,"Nova Farm Sink Base Cabinet 36""W",NOVA Farm Sink Base Cabinet,Cabinets,Nova,2025 Cabinet Price List Supplier,550.00,61,,each
NV-GD1230,"Nova Frosted Glass and Frame 12""W x 30""H",NOVA Frosted Glass and Frame,Cabinets,Nova,2025 Cabinet Price List Supplier,100.33,61,,each
NV-GD1236,"Nova Frosted Glass and Frame 12""W x 36""H",NOVA Frosted Glass and Frame,Cabinets,Nova,2025 Cabinet Price List Supplier,111.52,61,,each
NV-GD1242,"Nova Frosted Glass and Frame 12""W x 42""H",NOVA Frosted Glass and Frame,Cabinets,Nova,2025 Cabinet Price List Supplier,122.71,61,,each
NV-GD1530,"Nova Frosted Glass and Frame 15""W x 30""H",NOVA Frosted Glass and Frame,Cabinets,Nova,2025 Cabinet Price List Supplier,116.88,61,,each
NV-GD1536,"Nova Frosted Glass and Frame 15""W x 36""H",NOVA Frosted Glass and Frame,Cabinets,Nova,2025 Cabinet Price List Supplier,128.07,61,,each
NV-GD1542,"Nova Frosted Glass and Frame 15""W x 42""H",NOVA Frosted Glass and Frame,Cabinets,Nova,2025 Cabinet Price List Supplier,140.24,61,,each
NV-GD1830,"Nova Frosted Glass and Frame 18""W x 30""H",NOVA Frosted Glass and Frame,Cabinets,Nova,2025 Cabinet Price List Supplier,134.88,61,,each
NV-GD1836,"Nova Frosted Glass and Frame 18""W x 36""H",NOVA Frosted Glass and Frame,Cabinets,Nova,2025 Cabinet Price List Supplier,145.97,61,,each
NV-GD1842,"Nova Frosted Glass and Frame 18""W x 42""H",NOVA Frosted Glass and Frame,Cabinets,Nova,2025 Cabinet Price List Supplier,160.00,61,,each
NV-HC30,"Nova Hood Cover 30""W",NOVA Hood Cover,Cabinets,Nova,2025 Cabinet Price List Supplier,688.00,61,,each
NV-HC36,"Nova HOOD COVER 36""W",NOVA HOOD COVER,Cabinets,Nova,2025 Cabinet Price List Supplier,732.00,61,,each
NV-LACQUER ENAMEL (SPRAY PAINT,Nova NV-M105-4894,NV-M105-4894,Cabinets,Nova,2025 Cabinet Price List Supplier,35.00,61,,each
NV-OC3384,"Nova Wall Oven Cabinet 33""W x 84""H",NOVA Wall Oven Cabinet,Cabinets,Nova,2025 Cabinet Price List Supplier,1071.41,61,,each
NV-OC3390,"Nova Wall Oven Cabinet 33""W x 90""H",NOVA Wall Oven Cabinet,Cabinets,Nova,2025 Cabinet Price List Supplier,1082.55,61,,each
NV-OC3396,"Nova Wall Oven Cabinet 33""W x 96""H",NOVA Wall Oven Cabinet,Cabinets,Nova,2025 Cabinet Price List Supplier,1218.47,61,,each
NV-OCM8,Nova Outside Corner Molding,NOVA Outside Corner Molding,Cabinets,Nova,2025 Cabinet Price List Supplier,20.90,61,,each
NV-OGM8,Nova Ogee Molding 8',NOVA Ogee Molding 8',Cabinets,Nova,2025 Cabinet Price List Supplier,74.60,61,,each
NV-PCVFF396,"Nova Fluted Filler 8' 39""W",NOVA Fluted Filler 8',Cabinets,Nova,2025 Cabinet Price List Supplier,73.98,61,,each
NV-PD18-2,"Nova POT DRAWER CABINET-2 Drawers 18""W",NOVA POT DRAWER CABINET-2 Drawers,Cabinets,Nova,2025 Cabinet Price List Supplier,540.00,61,,each
NV-PD30-2,"Nova POT DRAWER CABINET-2 Drawers 30""W",NOVA POT DRAWER CABINET-2 Drawers,Cabinets,Nova,2025 Cabinet Price List Supplier,685.00,61,,each
NV-PD36-2,"Nova POT DRAWER CABINET-2 Drawers 36""W",NOVA POT DRAWER CABINET-2 Drawers,Cabinets,Nova,2025 Cabinet Price List Supplier,735.00,61,,each
NV-QR8,Nova Quarter Round 8',NOVA Quarter Round 8',Cabinets,Nova,2025 Cabinet Price List Supplier,29.64,61,,each
NV-RRP9624,"Nova Refrigerator Panel 96""x24""x3"" return","NOVA Refrigerator Panel 96""x24""x3"" return",Cabinets,Nova,2025 Cabinet Price List Supplier,177.65,61,,each
NV-SB24,"Nova Sink Base Cabinet 24""W",NOVA Sink Base Cabinet,Cabinets,Nova,2025 Cabinet Price List Supplier,320.78,61,,each
NV-SB27,"Nova Sink Base 27""W",NOVA Sink Base,Cabinets,Nova,2025 Cabinet Price List Supplier,358.02,61,,each
NV-SB30,"Nova Sink Base 30""W",NOVA Sink Base,Cabinets,Nova,2025 Cabinet Price List Supplier,400.77,61,,each
NV-SB33,"Nova Sink Base 33""W",NOVA Sink Base,Cabinets,Nova,2025 Cabinet Price List Supplier,475.32,61,,each
NV-SB36,"Nova Sink Base 36""W",NOVA Sink Base,Cabinets,Nova,2025 Cabinet Price List Supplier,508.00,61,,each
NV-SD,Nova Sample Doors,NOVA Sample Doors,Cabinets,Nova,2025 Cabinet Price List Supplier,40.00,61,,each
NV-SM8,Nova Scribe Molding,NOVA Scribe Molding,Cabinets,Nova,2025 Cabinet Price List Supplier,13.94,61,,each
NV-SPOOL-2,"Nova Full Post 3""x3""","NOVA Full Post 3""x3""",Cabinets,Nova,2025 Cabinet Price List Supplier,178.29,61,,each
NV-SS-30,Nova Split Spool,NOVA Split Spool,Cabinets,Nova,2025 Cabinet Price List Supplier,89.15,61,,each
NV-SVA12D-3,"Nova Vanity 3 Drawers Cabinet 12""W",NOVA Vanity 3 Drawers Cabinet,Cabinets,Nova,2025 Cabinet Price List Supplier,405.01,61,,each
NV-SVA15D-3,"Nova Vanity 3 Drawer Cabinet 15""W",NOVA Vanity 3 Drawer Cabinet,Cabinets,Nova,2025 Cabinet Price List Supplier,449.23,61,,each
NV-SVA18D-3,"Nova Vanity 3 Drawers Cabinet 18""W",NOVA Vanity 3 Drawers Cabinet,Cabinets,Nova,2025 Cabinet Price List Supplier,494.12,61,,each
NV-SVAM2430,"Nova Mirror 24""W x 30""H",NOVA Mirror,Cabinets,Nova,2025 Cabinet Price List Supplier,154.00,61,,each
NV-TK8,Nova Toe kick 8',NOVA Toe kick 8',Cabinets,Nova,2025 Cabinet Price List Supplier,17.10,61,,each
NV-TLR-2,Nova Light Rail Molding 8',NOVA Light Rail Molding 8',Cabinets,Nova,2025 Cabinet Price List Supplier,67.76,61,,each
NV-TOUCH UP KIT,Nova Touch Up Kit,NOVA Touch Up Kit,Cabinets,Nova,2025 Cabinet Price List Supplier,39.56,61,,each
NV-UREP,"Nova Universal Refrigerator Panel 30""x96""x3/4""","NOVA Universal Refrigerator Panel 30""x96""x3/4""",Cabinets,Nova,2025 Cabinet Price List Supplier,271.70,61,,each
NV-V36,"Nova Valance 36""W",NOVA Valance,Cabinets,Nova,2025 Cabinet Price List Supplier,36.29,61,,each
NV-V42,"Nova Valance 42""W",NOVA Valance,Cabinets,Nova,2025 Cabinet Price List Supplier,42.87,61,,each
NV-V48,"Nova Valance 48""W",NOVA Valance,Cabinets,Nova,2025 Cabinet Price List Supplier,49.52,61,,each
NV-V60,"Nova Valance 60""W",NOVA Valance,Cabinets,Nova,2025 Cabinet Price List Supplier,63.96,61,,each
NV-VAL3612,"Nova BIG VALANCE 36""W x 12""H",NOVA BIG VALANCE,Cabinets,Nova,2025 Cabinet Price List Supplier,132.00,61,,each
NV-VAL4212,"Nova BIG  VALANCE 42""W x 12""H",NOVA BIG VALANCE,Cabinets,Nova,2025 Cabinet Price List Supplier,143.00,61,,each
NV-VAL4812,"Nova BIG VALANCE 48""W x 12""H",NOVA BIG VALANCE,Cabinets,Nova,2025 Cabinet Price List Supplier,198.00,61,,each
NV-W0930,"Nova Wall Cabinet 9""W x 30""H",NOVA Wall Cabinet,Cabinets,Nova,2025 Cabinet Price List Supplier,161.63,61,,each
NV-W0936,"Nova Wall Cabinet 9""W x 36""H",NOVA Wall Cabinet,Cabinets,Nova,2025 Cabinet Price List Supplier,185.44,61,,each
NV-W0942,"Nova Wall Cabinet 9""W x 42""H",NOVA Wall Cabinet,Cabinets,Nova,2025 Cabinet Price List Supplier,209.26,61,,each
NV-W1230,"Nova Wall Cabinet 12""W x 30""H",NOVA Wall Cabinet,Cabinets,Nova,2025 Cabinet Price List Supplier,187.98,61,,each
NV-W1236,"Nova Wall Cabinet 12""W x 36""H",NOVA Wall Cabinet,Cabinets,Nova,2025 Cabinet Price List Supplier,214.25,61,,each
NV-W1242,"Nova Wall Cabinet 12""W x 42""H",NOVA Wall Cabinet,Cabinets,Nova,2025 Cabinet Price List Supplier,242.44,61,,each
NV-W1530,"Nova Wall Cabinet 15""W x 30""H",NOVA Wall Cabinet,Cabinets,Nova,2025 Cabinet Price List Supplier,218.62,61,,each
NV-W1536,"Nova Wall Cabinet 15""W x 36""H",NOVA Wall Cabinet,Cabinets,Nova,2025 Cabinet Price List Supplier,248.02,61,,each
NV-W1542,"Nova Wall Cabinet 15""W x 42""H",NOVA Wall Cabinet,Cabinets,Nova,2025 Cabinet Price List Supplier,277.28,61,,each
NV-W1830,"Nova Wall Cabinet 18""W x 30""H",NOVA Wall Cabinet,Cabinets,Nova,2025 Cabinet Price List Supplier,251.30,61,,each
NV-W1836,"Nova Wall Cabinet 18""W x 36""H",NOVA Wall Cabinet,Cabinets,Nova,2025 Cabinet Price List Supplier,280.70,61,,each
NV-W1842,"Nova Wall Cabinet 18""W x 42""H",NOVA Wall Cabinet,Cabinets,Nova,2025 Cabinet Price List Supplier,310.20,61,,each
NV-W2130,"Nova Wall Cabinet 21""W x 30""H",NOVA Wall Cabinet,Cabinets,Nova,2025 Cabinet Price List Supplier,281.46,61,,each
NV-W2136,"Nova Wall Cabinet 21""W x 36""H",NOVA Wall Cabinet,Cabinets,Nova,2025 Cabinet Price List Supplier,313.69,61,,each
NV-W2142,"Nova Wall Cabinet 21""W x 42""H",NOVA Wall Cabinet,Cabinets,Nova,2025 Cabinet Price List Supplier,345.92,61,,each
NV-W2412,"Nova Wall Cabinet 24""W x 12""H",NOVA Wall Cabinet,Cabinets,Nova,2025 Cabinet Price List Supplier,199.00,61,,each
NV-W2415,"Nova Wall Cabinet 24""W x 15""H",NOVA Wall Cabinet,Cabinets,Nova,2025 Cabinet Price List Supplier,218.00,61,,each
NV-W2418,"Nova Wall Cabinet 24""W x 18""H",NOVA Wall Cabinet,Cabinets,Nova,2025 Cabinet Price List Supplier,236.00,61,,each
NV-W2424,"Nova Wall Cabinet 24""W x 24""H",NOVA Wall Cabinet,Cabinets,Nova,2025 Cabinet Price List Supplier,299.95,61,,each
NV-W2430,"Nova Wall Cabinet 24""W x 30""H",NOVA Wall Cabinet,Cabinets,Nova,2025 Cabinet Price List Supplier,321.48,61,,each
NV-W2436,"Nova Wall Cabinet 24""W x 36""H",NOVA Wall Cabinet,Cabinets,Nova,2025 Cabinet Price List Supplier,357.70,61,,each
NV-W2442,"Nova Wall Cabinet 24""W x 42""H",NOVA Wall Cabinet,Cabinets,Nova,2025 Cabinet Price List Supplier,386.46,61,,each
NV-W2730,"Nova Wall Cabinet 27""W x 30""H",NOVA Wall Cabinet,Cabinets,Nova,2025 Cabinet Price List Supplier,351.38,61,,each
NV-W2736,"Nova Wall Cabinet 27""W x 36""H",NOVA Wall Cabinet,Cabinets,Nova,2025 Cabinet Price List Supplier,369.29,61,,each
NV-W2742,"Nova Wall Cabinet 27""W x 42""H",NOVA Wall Cabinet,Cabinets,Nova,2025 Cabinet Price List Supplier,387.10,61,,each
NV-W3012,"Nova Wall Cabinet 30""W x 12""H",NOVA Wall Cabinet,Cabinets,Nova,2025 Cabinet Price List Supplier,192.28,61,,each
NV-W301224,"Nova Refrigerator Cabinet 30""W x 12""H x 24""D",NOVA Refrigerator Cabinet,Cabinets,Nova,2025 Cabinet Price List Supplier,265.74,61,,each
NV-W3015,"Nova Wall Cabinet 30""W x 15""H",NOVA Wall Cabinet,Cabinets,Nova,2025 Cabinet Price List Supplier,212.73,61,,each
NV-W301524,"Nova Refrigerator Cabinet 30""W x 15""H x 24""D",NOVA Refrigerator Cabinet,Cabinets,Nova,2025 Cabinet Price List Supplier,297.40,61,,each
NV-W3018,"Nova Wall Cabinet 30""W x 18""H",NOVA Wall Cabinet,Cabinets,Nova,2025 Cabinet Price List Supplier,227.88,61,,each
NV-W301824,"Nova Refrigerator Cabinet 30""W x 18""H x 24""D",NOVA Refrigerator Cabinet,Cabinets,Nova,2025 Cabinet Price List Supplier,327.04,61,,each
NV-W3021,"Nova Wall Cabinet 30""W x 21""H",NOVA Wall Cabinet,Cabinets,Nova,2025 Cabinet Price List Supplier,279.00,61,,each
NV-W302124,"Nova Refrigerator Cabinet 30""W x 21""H x 24""D",NOVA Refrigerator Cabinet,Cabinets,Nova,2025 Cabinet Price List Supplier,413.00,61,,each
NV-W3024,"Nova Wall Cabinet 30""W x 24""H",NOVA Wall Cabinet,Cabinets,Nova,2025 Cabinet Price List Supplier,320.72,61,,each
NV-W302424,"Nova Refrigerator Cabinet 30""W x 24""H x 24""D",NOVA Refrigerator Cabinet,Cabinets,Nova,2025 Cabinet Price List Supplier,431.47,61,,each
NV-W3030,"Nova Wall Cabinet 30""W x 30""H",NOVA Wall Cabinet,Cabinets,Nova,2025 Cabinet Price List Supplier,381.07,61,,each
NV-W3036,"Nova Wall Cabinet 30""W x 36""H",NOVA Wall Cabinet,Cabinets,Nova,2025 Cabinet Price List Supplier,423.06,61,,each
NV-W3042,"Nova Wall Cabinet 30""W x 42""H",NOVA Wall Cabinet,Cabinets,Nova,2025 Cabinet Price List Supplier,464.93,61,,each
NV-W3312,"Nova Wall Cabinet 33""W x 12""H",NOVA Wall Cabinet,Cabinets,Nova,2025 Cabinet Price List Supplier,219.33,61,,each
NV-W331224,"Nova Refrigerator Cabinet 33""W x 12""H x 24""D",NOVA Refrigerator Cabinet,Cabinets,Nova,2025 Cabinet Price List Supplier,274.74,61,,each
NV-W3315,"Nova WALL CABINET 33""W x 15""H",NOVA WALL CABINET,Cabinets,Nova,2025 Cabinet Price List Supplier,230.85,61,,each
NV-W331524,"Nova Refrigerator Cabinet 33""W x 15""H x 24""D",NOVA Refrigerator Cabinet,Cabinets,Nova,2025 Cabinet Price List Supplier,306.40,61,,each
NV-W3318,"Nova Wall Cabinet 33""W x 18""H",NOVA Wall Cabinet,Cabinets,Nova,2025 Cabinet Price List Supplier,243.39,61,,each
NV-W331824,"Nova Refrigerator Cabinet 33""W x 18""H x 24""D",NOVA Refrigerator Cabinet,Cabinets,Nova,2025 Cabinet Price List Supplier,336.04,61,,each
NV-W332124,"Nova Refrigerator Cabinet 33""W x 21""H x 24""D",NOVA Refrigerator Cabinet,Cabinets,Nova,2025 Cabinet Price List Supplier,435.00,61,,each
NV-W3324,"Nova Wall Cabinet 33""W x 24""H",NOVA Wall Cabinet,Cabinets,Nova,2025 Cabinet Price List Supplier,335.80,61,,each
NV-W332424,"Nova Wall Cabinet 33""W x 24""H x 24""D",NOVA Wall Cabinet,Cabinets,Nova,2025 Cabinet Price List Supplier,440.47,61,,each
NV-W3330,"Nova Wall Cabinet 33""W x 30""H",NOVA Wall Cabinet,Cabinets,Nova,2025 Cabinet Price List Supplier,402.68,61,,each
NV-W3336,"Nova Wall Cabinet 33""W x 36""H",NOVA Wall Cabinet,Cabinets,Nova,2025 Cabinet Price List Supplier,456.00,61,,each
NV-W3342,"Nova Wall Cabinet 33""W x 42""H",NOVA Wall Cabinet,Cabinets,Nova,2025 Cabinet Price List Supplier,523.52,61,,each
NV-W3612,"Nova Wall Cabinet 36""W x 12""H",NOVA Wall Cabinet,Cabinets,Nova,2025 Cabinet Price List Supplier,209.69,61,,each
NV-W361224,"Nova Refrigerator Cabinet 36""W x 12""H x 24""D",NOVA Refrigerator Cabinet,Cabinets,Nova,2025 Cabinet Price List Supplier,283.74,61,,each
NV-W3615,"Nova Wall Cabinet 36""W x 15""H",NOVA Wall Cabinet,Cabinets,Nova,2025 Cabinet Price List Supplier,244.65,61,,each
NV-W361524,"Nova Refrigerator Cabinet 36""W x 15""H x 24""D",NOVA Refrigerator Cabinet,Cabinets,Nova,2025 Cabinet Price List Supplier,315.40,61,,each
NV-W3618,"Nova Wall Cabinet 36""W x 18""H",NOVA Wall Cabinet,Cabinets,Nova,2025 Cabinet Price List Supplier,273.67,61,,each
NV-W361824,"Nova Refrigerator Cabinet 36""W x 18""H x 24""D",NOVA Refrigerator Cabinet,Cabinets,Nova,2025 Cabinet Price List Supplier,345.04,61,,each
NV-W3621,"Nova Wall Cabinet 36""W x 21""H",NOVA Wall Cabinet,Cabinets,Nova,2025 Cabinet Price List Supplier,319.00,61,,each
NV-W3621-24,"Nova Refrigerator Cabinet 36""W x 21""H",NOVA Refrigerator Cabinet,Cabinets,Nova,2025 Cabinet Price List Supplier,451.00,61,,each
NV-W3624,"Nova Wall cabinet 36""W x 24""H",NOVA Wall cabinet,Cabinets,Nova,2025 Cabinet Price List Supplier,352.71,61,,each
NV-W362424,"Nova Refrigerator Cabinet 36""W x 24""H x 24""D",NOVA Refrigerator Cabinet,Cabinets,Nova,2025 Cabinet Price List Supplier,449.47,61,,each
NV-W3630,"Nova Wall Cabinet 36""W x 30""H",NOVA Wall Cabinet,Cabinets,Nova,2025 Cabinet Price List Supplier,431.56,61,,each
NV-W3636,"Nova Wall Cabinet 36""W x 36""H",NOVA Wall Cabinet,Cabinets,Nova,2025 Cabinet Price List Supplier,488.61,61,,each
NV-W3642,"Nova Wall Cabinet 36""W x 42""H",NOVA Wall Cabinet,Cabinets,Nova,2025 Cabinet Price List Supplier,559.29,61,,each
NV-WCD3015,"Nova Plate Rack 30""W x 15""H",NOVA Plate Rack,Cabinets,Nova,2025 Cabinet Price List Supplier,224.96,61,,each
NV-WDC2430,"Nova Wall Diagonal Cabinet 24""W x 30""H",NOVA Wall Diagonal Cabinet,Cabinets,Nova,2025 Cabinet Price List Supplier,396.22,61,,each
NV-WDC2436,"Nova Wall Diagonal Cabinet 24""W x 36""H",NOVA Wall Diagonal Cabinet,Cabinets,Nova,2025 Cabinet Price List Supplier,443.53,61,,each
NV-WDC2442,"Nova Wall Diagonal Cabinet 24""W x 42""H",NOVA Wall Diagonal Cabinet,Cabinets,Nova,2025 Cabinet Price List Supplier,487.23,61,,each
NV-WDC273615,"Nova Wall Diagonal Cabinet 27""W x 36""H x 15""D",NOVA Wall Diagonal Cabinet,Cabinets,Nova,2025 Cabinet Price List Supplier,522.19,61,,each
NV-WDC274215,"Nova Wall Diagonal Cabinet 27""W x 42""H x 15""D",NOVA Wall Diagonal Cabinet,Cabinets,Nova,2025 Cabinet Price List Supplier,568.03,61,,each
NV-WEC1230,"Nova Wall End Angle Cabinet 12""W x 30""H",NOVA Wall End Angle Cabinet,Cabinets,Nova,2025 Cabinet Price List Supplier,222.18,61,,each
NV-WEC1236,"Nova Wall End Angle Cabinet 12""W x 36""H",NOVA Wall End Angle Cabinet,Cabinets,Nova,2025 Cabinet Price List Supplier,250.73,61,,each
NV-WEC1242,"Nova Angled Wall Cabinet 12""W x 42""H",NOVA Angled Wall Cabinet,Cabinets,Nova,2025 Cabinet Price List Supplier,276.19,61,,each
NV-WES0930,"Nova Wall End Shelf Cabinet 9""W x 30""H",NOVA Wall End Shelf Cabinet,Cabinets,Nova,2025 Cabinet Price List Supplier,153.64,61,,each
NV-WES0936,"Nova Wall End Shelf Cabinet 9""W x 36""H",NOVA Wall End Shelf Cabinet,Cabinets,Nova,2025 Cabinet Price List Supplier,182.02,61,,each
NV-WES0942,"Nova Wall End Shelf Cabinet 9""W x 42""H",NOVA Wall End Shelf Cabinet,Cabinets,Nova,2025 Cabinet Price List Supplier,213.75,61,,each
NV-WF1.5X96,"Nova Tall Filler 1.5""W x 96""H",NOVA Tall Filler,Cabinets,Nova,2025 Cabinet Price List Supplier,60.00,61,,each
NV-WF330,"Nova Wall Filler 3""x30""","NOVA Wall Filler 3""x30""",Cabinets,Nova,2025 Cabinet Price List Supplier,23.75,61,,each
NV-WF336,"Nova Wall Filler 3x36""","NOVA Wall Filler 3x36""",Cabinets,Nova,2025 Cabinet Price List Supplier,28.18,61,,each
NV-WF342,"Nova Wall Filler 3""W x 42""H",NOVA Wall Filler,Cabinets,Nova,2025 Cabinet Price List Supplier,32.87,61,,each
NV-WF396,"Nova 3X96 Long Filler 3""W x 96""H",NOVA 3X96 Long Filler,Cabinets,Nova,2025 Cabinet Price List Supplier,67.70,61,,each
NV-WF630,"Nova WALL FILLER 6X30 6""W x 30""H",NOVA WALL FILLER 6X30,Cabinets,Nova,2025 Cabinet Price List Supplier,46.74,61,,each
NV-WF636,"Nova Wall Filler 6""x36""","NOVA Wall Filler 6""x36""",Cabinets,Nova,2025 Cabinet Price List Supplier,53.20,61,,each
NV-WF642,"Nova Wall Filler 6""W x 42""H",NOVA Wall Filler,Cabinets,Nova,2025 Cabinet Price List Supplier,59.79,61,,each
NV-WF696,"Nova Long Filler 6""x96""","NOVA Long Filler 6""x96""",Cabinets,Nova,2025 Cabinet Price List Supplier,131.04,61,,each
NV-WLS2430,"Nova Wall Corner Bi-Fold Door Cabinet 24""W x 30""H",NOVA Wall Corner Bi-Fold Door Cabinet,Cabinets,Nova,2025 Cabinet Price List Supplier,403.00,61,,each
NV-WLS2436,"Nova Wall Corner Bi-Fold Door Cabinet 24""W x 36""H",NOVA Wall Corner Bi-Fold Door Cabinet,Cabinets,Nova,2025 Cabinet Price List Supplier,451.00,61,,each
NV-WLS2442,"Nova Wall Corner Bi-Fold Door Cabinet 24""W x 42""H",NOVA Wall Corner Bi-Fold Door Cabinet,Cabinets,Nova,2025 Cabinet Price List Supplier,496.00,61,,each
NV-WMC3030,"Nova Microwave Cabinet 30""W x 30""H",NOVA Microwave Cabinet,Cabinets,Nova,2025 Cabinet Price List Supplier,440.80,61,,each
NV-WMC3036,"Nova Microwave Cabinet 30""W x 36""H",NOVA Microwave Cabinet,Cabinets,Nova,2025 Cabinet Price List Supplier,458.78,61,,each
NV-WMC3042,"Nova Microwave Cabinet 30""W x 42""H",NOVA Microwave Cabinet,Cabinets,Nova,2025 Cabinet Price List Supplier,484.38,61,,each
NV-WP1884,"Nova Tall Pantry 18""W x 84""H",NOVA Tall Pantry,Cabinets,Nova,2025 Cabinet Price List Supplier,773.68,61,,each
NV-WP1890,"Nova Tall Pantry 18""W x 90""H",NOVA Tall Pantry,Cabinets,Nova,2025 Cabinet Price List Supplier,823.84,61,,each
NV-WP1896,"Nova Tall Pantry 18""W x 96""H",NOVA Tall Pantry,Cabinets,Nova,2025 Cabinet Price List Supplier,874.12,61,,each
NV-WP2484,"Nova Tall Pantry 24""W x 84""H",NOVA Tall Pantry,Cabinets,Nova,2025 Cabinet Price List Supplier,840.37,61,,each
NV-WP2490,"Nova Tall Pantry 24""W x 90""H",NOVA Tall Pantry,Cabinets,Nova,2025 Cabinet Price List Supplier,877.30,61,,each
NV-WP2496,"Nova Tall Pantry 24""W x 96""H",NOVA Tall Pantry,Cabinets,Nova,2025 Cabinet Price List Supplier,939.48,61,,each
NV-WP3084,"Nova Tall Pantry 30""W x 84""H",NOVA Tall Pantry,Cabinets,Nova,2025 Cabinet Price List Supplier,882.00,61,,each
NV-WP3090,"Nova Tall Pantry 30""W x 90""H",NOVA Tall Pantry,Cabinets,Nova,2025 Cabinet Price List Supplier,933.00,61,,each
NV-WP3096,"Nova Tall Pantry 30""W x 96""H",NOVA Tall Pantry,Cabinets,Nova,2025 Cabinet Price List Supplier,983.00,61,,each
PE-30GR,"Perla Glass Rack 30""W",Perla Glass Rack,Cabinets,Perla,2025 Cabinet Price List Supplier,56.19,61,,each
PE-30WR,"Perla Wine Rack 30""W",Perla Wine Rack,Cabinets,Perla,2025 Cabinet Price List Supplier,219.68,61,,each
PE-36GR,"Perla Glass Rack 36""W",Perla Glass Rack,Cabinets,Perla,2025 Cabinet Price List Supplier,76.31,61,,each
PE-36WR,"Perla Wine Rack 36""W",Perla Wine Rack,Cabinets,Perla,2025 Cabinet Price List Supplier,266.43,61,,each
PE-ACM8-2,Perla Crown Molding,Perla Crown Molding,Cabinets,Perla,2025 Cabinet Price List Supplier,149.38,61,,each
PE-B09,"Perla Base Cabinet 9""W",Perla Base Cabinet,Cabinets,Perla,2025 Cabinet Price List Supplier,210.56,61,,each
PE-B12,"Perla Base Cabinet 12""W",Perla Base Cabinet,Cabinets,Perla,2025 Cabinet Price List Supplier,276.45,61,,each
PE-B15,"Perla Base Cabinet 15""W",Perla Base Cabinet,Cabinets,Perla,2025 Cabinet Price List Supplier,329.80,61,,each
PE-B18,"Perla Base Cabinet 18""W",Perla Base Cabinet,Cabinets,Perla,2025 Cabinet Price List Supplier,385.74,61,,each
PE-B21,"Perla Base Cabinet 21""W",Perla Base Cabinet,Cabinets,Perla,2025 Cabinet Price List Supplier,419.69,61,,each
PE-B24,"Perla Base Cabinet 24""W",Perla Base Cabinet,Cabinets,Perla,2025 Cabinet Price List Supplier,463.21,61,,each
PE-B27,"Perla Base Cabinet 27""W",Perla Base Cabinet,Cabinets,Perla,2025 Cabinet Price List Supplier,499.55,61,,each
PE-B30,"Perla Base Cabinet 30""W",Perla Base Cabinet,Cabinets,Perla,2025 Cabinet Price List Supplier,586.98,61,,each
PE-B33,"Perla Base Cabinet 33""W",Perla Base Cabinet,Cabinets,Perla,2025 Cabinet Price List Supplier,624.74,61,,each
PE-B36,"Perla Base Cabinet 36""W",Perla Base Cabinet,Cabinets,Perla,2025 Cabinet Price List Supplier,662.38,61,,each
PE-BBC39,"Perla Base Blind Corner Cabinet 39""W",Perla Base Blind Corner Cabinet,Cabinets,Perla,2025 Cabinet Price List Supplier,502.46,61,,each
PE-BBC42,"Perla Base Blind Corner Cabinet 42""W",Perla Base Blind Corner Cabinet,Cabinets,Perla,2025 Cabinet Price List Supplier,659.54,61,,each
PE-BCB150,Perla Chair Rail Molding,Perla Chair Rail Molding,Cabinets,Perla,2025 Cabinet Price List Supplier,30.26,61,,each
PE-BEC24,"Perla Base End Cabinet 24""W",Perla Base End Cabinet,Cabinets,Perla,2025 Cabinet Price List Supplier,587.43,61,,each
PE-BES09,"Perla Base End Shelf 9""W",Perla Base End Shelf,Cabinets,Perla,2025 Cabinet Price List Supplier,337.17,61,,each
PE-BLS33N,"Perla Lazy Susan cabinet with shelf only. No Trays. 33""W",Perla Lazy Susan cabinet with shelf only. No Trays.,Cabinets,Perla,2025 Cabinet Price List Supplier,745.82,61,,each
PE-BLS36N,"Perla Lazy Susan Cabinet with shelf only. No Trays. 36""W",Perla Lazy Susan Cabinet with shelf only. No Trays.,Cabinets,Perla,2025 Cabinet Price List Supplier,804.74,61,,each
PE-BM8,Perla Base Molding,Perla Base Molding,Cabinets,Perla,2025 Cabinet Price List Supplier,98.87,61,,each
PE-BMC30,"Perla Base Microwave Cabinet 30""W",Perla Base Microwave Cabinet,Cabinets,Perla,2025 Cabinet Price List Supplier,572.00,61,,each
PE-BP3696,"Perla Back Panel 36""x96""x1/4""","Perla Back Panel 36""x96""x1/4""",Cabinets,Perla,2025 Cabinet Price List Supplier,134.32,61,,each
PE-BP4896,"Perla Back Panel 48""x96""x1/4""","Perla Back Panel 48""x96""x1/4""",Cabinets,Perla,2025 Cabinet Price List Supplier,178.20,61,,each
PE-BSR06,"Perla Spice Rack Cabinet 6""W",Perla Spice Rack Cabinet,Cabinets,Perla,2025 Cabinet Price List Supplier,271.60,61,,each
PE-BSR09,"Perla Spice Rack Cabinet 9""W",Perla Spice Rack Cabinet,Cabinets,Perla,2025 Cabinet Price List Supplier,284.53,61,,each
PE-BSR12,"Perla Spice Rack Cabinet 12""W",Perla Spice Rack Cabinet,Cabinets,Perla,2025 Cabinet Price List Supplier,320.00,61,,each
PE-CCM8-1,Perla Crown Molding,Perla Crown Molding,Cabinets,Perla,2025 Cabinet Price List Supplier,98.87,61,,each
PE-CCM8-2,Perla Crown Molding,Perla Crown Molding,Cabinets,Perla,2025 Cabinet Price List Supplier,149.38,61,,each
PE-CORBEL-1,Perla Corbel-1,Perla Corbel-1,Cabinets,Perla,2025 Cabinet Price List Supplier,210.42,61,,each
PE-CSB36,"Perla Corner Sink Base Cabinet 36""W",Perla Corner Sink Base Cabinet,Cabinets,Perla,2025 Cabinet Price List Supplier,779.62,61,,each
PE-D1212W,"Perla Decorative Door for Wall 12""W x 12""H",Perla Decorative Door for Wall,Cabinets,Perla,2025 Cabinet Price List Supplier,92.97,61,,each
PE-D1215W,"Perla Decorative Door for Wall 12""W x 15""H",Perla Decorative Door for Wall,Cabinets,Perla,2025 Cabinet Price List Supplier,99.35,61,,each
PE-D1230W,"Perla Decorative Door for Wall 12""W x 30""H",Perla Decorative Door for Wall,Cabinets,Perla,2025 Cabinet Price List Supplier,87.76,61,,each
PE-D1236W,"Perla Decorative Door for Wall 12""W x 36""H",Perla Decorative Door for Wall,Cabinets,Perla,2025 Cabinet Price List Supplier,105.60,61,,each
PE-D1242W,"Perla Decorative Door for Wall 12""W x 42""H",Perla Decorative Door for Wall,Cabinets,Perla,2025 Cabinet Price List Supplier,123.45,61,,each
PE-D1249W,"Perla Pantry Bottom Door 12""W x 49""H",Perla Pantry Bottom Door,Cabinets,Perla,2025 Cabinet Price List Supplier,168.00,61,,each
PE-D2430B,"Perla Decorative Door for Base 24""W x 30""H",Perla Decorative Door for Base,Cabinets,Perla,2025 Cabinet Price List Supplier,182.17,61,,each
PE-DB12-3,"Perla Drawer Base Cabinet 12""W",Perla Drawer Base Cabinet,Cabinets,Perla,2025 Cabinet Price List Supplier,447.56,61,,each
PE-DB15-3,"Perla Drawer Base Cabinet 15""W",Perla Drawer Base Cabinet,Cabinets,Perla,2025 Cabinet Price List Supplier,501.04,61,,each
PE-DB18-3,"Perla Drawer Base Cabinet 18""W",Perla Drawer Base Cabinet,Cabinets,Perla,2025 Cabinet Price List Supplier,554.45,61,,each
PE-DB21-3,"Perla Drawer Base Cabinet 21""W",Perla Drawer Base Cabinet,Cabinets,Perla,2025 Cabinet Price List Supplier,612.78,61,,each
PE-DB24-3,"Perla Drawer Base Cabinet 24""W",Perla Drawer Base Cabinet,Cabinets,Perla,2025 Cabinet Price List Supplier,667.17,61,,each
PE-DB30-3,"Perla Drawer Base Cabinet 30""W",Perla Drawer Base Cabinet,Cabinets,Perla,2025 Cabinet Price List Supplier,711.92,61,,each
PE-DB36-3,"Perla Drawer Base Cabinet 36""W",Perla Drawer Base Cabinet,Cabinets,Perla,2025 Cabinet Price List Supplier,762.81,61,,each
PE-DMI,Perla Dentil Insert,Perla Dentil Insert,Cabinets,Perla,2025 Cabinet Price List Supplier,14.23,61,,each
PE-DWR-3,Perla Dish Washer Panel,Perla Dish Washer Panel,Cabinets,Perla,2025 Cabinet Price List Supplier,85.82,61,,each
PE-FA2421,"Perla Vanity Sink Cabinet 24""W x 21""H",Perla Vanity Sink Cabinet,Cabinets,Perla,2025 Cabinet Price List Supplier,280.14,61,,each
PE-FA3021,"Perla Vanity Sink Cabinet 30""W x 21""H",Perla Vanity Sink Cabinet,Cabinets,Perla,2025 Cabinet Price List Supplier,324.24,61,,each
PE-FA3021DL,"Perla Vanity Cabinet with Drawers, Drawers on the Left 30""W x 21""H","Perla Vanity Cabinet with Drawers, Drawers on the Left",Cabinets,Perla,2025 Cabinet Price List Supplier,531.10,61,,each
PE-FA3021DR,"Perla Vanity Cabinet with drawers, Drawer on the Right 30""W x 21""H","Perla Vanity Cabinet with drawers, Drawer on the Right",Cabinets,Perla,2025 Cabinet Price List Supplier,531.10,61,,each
PE-FA3621DL,"Perla Vanity Cabinet with Drawers, Drawers on the Left 36""W x 21""H","Perla Vanity Cabinet with Drawers, Drawers on the Left",Cabinets,Perla,2025 Cabinet Price List Supplier,575.40,61,,each
PE-FA3621DR,"Perla Vanity Cabinet with Drawers, Drawer on the Right 36""W x 21""H","Perla Vanity Cabinet with Drawers, Drawer on the Right",Cabinets,Perla,2025 Cabinet Price List Supplier,575.40,61,,each
PE-FB3X3,Perla Rossette,Perla Rossette,Cabinets,Perla,2025 Cabinet Price List Supplier,10.21,61,,each
PE-FD30,"Perla Knee Drawer Cabinet 30""W",Perla Knee Drawer Cabinet,Cabinets,Perla,2025 Cabinet Price List Supplier,127.52,61,,each
PE-FSB36,"Perla Farm Sink Base Cabinet 36""W",Perla Farm Sink Base Cabinet,Cabinets,Perla,2025 Cabinet Price List Supplier,560.00,61,,each
PE-GD1212,"Perla Mullion Door with Clear Glass 12""W x 12""H",Perla Mullion Door with Clear Glass,Cabinets,Perla,2025 Cabinet Price List Supplier,82.82,61,,each
PE-GD1215,"Perla Mullion Door with Clear Glass 12""W x 15""H",Perla Mullion Door with Clear Glass,Cabinets,Perla,2025 Cabinet Price List Supplier,85.16,61,,each
PE-GD1230,"Perla Mullion Door with Frosted Glass 12""W x 30""H",Perla Mullion Door with Frosted Glass,Cabinets,Perla,2025 Cabinet Price List Supplier,102.45,61,,each
PE-GD1236,"Perla Mullion Door with Frosted Glass 12""W x 36""H",Perla Mullion Door with Frosted Glass,Cabinets,Perla,2025 Cabinet Price List Supplier,113.87,61,,each
PE-GD1242,"Perla Mullion Door with Frosted Glass 12""W x 42""H",Perla Mullion Door with Frosted Glass,Cabinets,Perla,2025 Cabinet Price List Supplier,125.30,61,,each
PE-GD1512,"Perla Mullion Door with Clear Glass 15""W x 12""H",Perla Mullion Door with Clear Glass,Cabinets,Perla,2025 Cabinet Price List Supplier,96.23,61,,each
PE-GD1515,"Perla Mullion Door with Clear Glass 15""W x 15""H",Perla Mullion Door with Clear Glass,Cabinets,Perla,2025 Cabinet Price List Supplier,98.65,61,,each
PE-GD1530,"Perla Mullion Door with Frosted Glass 15""W x 30""H",Perla Mullion Door with Frosted Glass,Cabinets,Perla,2025 Cabinet Price List Supplier,119.33,61,,each
PE-GD1536,"Perla Mullion Door with Frosted Glass 15""W x 36""H",Perla Mullion Door with Frosted Glass,Cabinets,Perla,2025 Cabinet Price List Supplier,130.76,61,,each
PE-GD1542,"Perla Mullion Door with Frosted Glass 15""W x 42""H",Perla Mullion Door with Frosted Glass,Cabinets,Perla,2025 Cabinet Price List Supplier,143.18,61,,each
PE-GD1812,"Perla Mullion Door with Clear Glass 18""W x 12""H",Perla Mullion Door with Clear Glass,Cabinets,Perla,2025 Cabinet Price List Supplier,109.65,61,,each
PE-GD1815,"Perla Mullion Door with Clear Glass 18""W x 15""H",Perla Mullion Door with Clear Glass,Cabinets,Perla,2025 Cabinet Price List Supplier,112.13,61,,each
PE-GD1830,"Perla Mullion Door with Frosted Glass 18""W x 30""H",Perla Mullion Door with Frosted Glass,Cabinets,Perla,2025 Cabinet Price List Supplier,137.72,61,,each
PE-GD1836,"Perla Mullion Door with Frosted Glass 18""W x 36""H",Perla Mullion Door with Frosted Glass,Cabinets,Perla,2025 Cabinet Price List Supplier,149.03,61,,each
PE-GD1842,"Perla Mullion Door with Frosted Glass 18""W x 42""H",Perla Mullion Door with Frosted Glass,Cabinets,Perla,2025 Cabinet Price List Supplier,163.38,61,,each
PE-GD2112,"Perla Mullion Door with Clear Glass 21""W x 12""H",Perla Mullion Door with Clear Glass,Cabinets,Perla,2025 Cabinet Price List Supplier,123.06,61,,each
PE-GD2115,"Perla Mullion Door with Clear Glass 21""W x 15""H",Perla Mullion Door with Clear Glass,Cabinets,Perla,2025 Cabinet Price List Supplier,131.29,61,,each
PE-GD2412,"Perla Mullion Door with Clear Glass ***This is 1 Set, 2 Doors*** 24""W x 12""H","Perla Mullion Door with Clear Glass ***This is 1 Set, 2 Doors***",Cabinets,Perla,2025 Cabinet Price List Supplier,136.47,61,,each
PE-GD2415,"Perla Mullion Door with Clear Glass ***This is 1 Set, 2 Doors*** 24""W x 15""H","Perla Mullion Door with Clear Glass ***This is 1 Set, 2 Doors***",Cabinets,Perla,2025 Cabinet Price List Supplier,150.45,61,,each
PE-GD2712,"Perla Mullion Door with Clear Glass ***This is 1 Set, 2 Doors*** 27""W x 12""H","Perla Mullion Door with Clear Glass ***This is 1 Set, 2 Doors***",Cabinets,Perla,2025 Cabinet Price List Supplier,149.88,61,,each
PE-GD2715,"Perla Mullion Door with Clear Glass ***This is 1 Set, 2 Doors*** 27""W x 15""H","Perla Mullion Door with Clear Glass ***This is 1 Set, 2 Doors***",Cabinets,Perla,2025 Cabinet Price List Supplier,160.39,61,,each
PE-GD3012,"Perla Mullion Door with Clear Glass ***This is 1 Set, 2 Doors*** 30""W x 12""H","Perla Mullion Door with Clear Glass ***This is 1 Set, 2 Doors***",Cabinets,Perla,2025 Cabinet Price List Supplier,163.30,61,,each
PE-GD3015,"Perla Mullion Door with Clear Glass ***This is 1 Set, 2 Doors*** 30""W x 15""H","Perla Mullion Door with Clear Glass ***This is 1 Set, 2 Doors***",Cabinets,Perla,2025 Cabinet Price List Supplier,170.32,61,,each
PE-GD3312,"Perla Mullion Door with Clear Glass ***This is 1 Set, 2 Doors*** 33""W x 12""H","Perla Mullion Door with Clear Glass ***This is 1 Set, 2 Doors***",Cabinets,Perla,2025 Cabinet Price List Supplier,176.71,61,,each
PE-GD3315,"Perla Mullion Door with Clear Glass ***This is 1 Set, 2 Doors*** 33""W x 15""H","Perla Mullion Door with Clear Glass ***This is 1 Set, 2 Doors***",Cabinets,Perla,2025 Cabinet Price List Supplier,183.10,61,,each
PE-GD3612,"Perla Mullion Door with Clear Glass ***This is 1 Set, 2 Doors*** 36""W x 12""H","Perla Mullion Door with Clear Glass ***This is 1 Set, 2 Doors***",Cabinets,Perla,2025 Cabinet Price List Supplier,190.12,61,,each
PE-GD3615,"Perla Mullion Door with Clear Glass ***This is 1 Set, 2 Doors*** 36""W x 15""H","Perla Mullion Door with Clear Glass ***This is 1 Set, 2 Doors***",Cabinets,Perla,2025 Cabinet Price List Supplier,180.26,61,,each
PE-GW1212,"Perla Wall Cabinet with finished interior. Glass Doors are sold separately 12""W x 12""H",Perla Wall Cabinet with finished interior. Glass Doors are sold separately,Cabinets,Perla,2025 Cabinet Price List Supplier,145.63,61,,each
PE-GW1215,"Perla Wall Cabinet with finished interior. Glass Doors are sold separately 12""W x 15""H",Perla Wall Cabinet with finished interior. Glass Doors are sold separately,Cabinets,Perla,2025 Cabinet Price List Supplier,160.74,61,,each
PE-GW1512,"Perla Wall Cabinet with finished interior. Glass Doors are sold separately 15""W x 12""H",Perla Wall Cabinet with finished interior. Glass Doors are sold separately,Cabinets,Perla,2025 Cabinet Price List Supplier,159.18,61,,each
PE-GW1515,"Perla Wall Cabinet with finished interior. Glass Doors are sold separately 15""W x 15""H",Perla Wall Cabinet with finished interior. Glass Doors are sold separately,Cabinets,Perla,2025 Cabinet Price List Supplier,174.86,61,,each
PE-GW1812,"Perla Wall Cabinet with finished interior. Glass Doors are sold separately 18""W x 12""H",Perla Wall Cabinet with finished interior. Glass Doors are sold separately,Cabinets,Perla,2025 Cabinet Price List Supplier,172.66,61,,each
PE-GW1815,"Perla Wall Cabinet with finished interior. Glass Doors are sold separately 18""W x 15""H",Perla Wall Cabinet with finished interior. Glass Doors are sold separately,Cabinets,Perla,2025 Cabinet Price List Supplier,189.20,61,,each
PE-GW2112,"Perla Wall Cabinet with finished interior. Glass Doors are sold separately 21""W x 12""H",Perla Wall Cabinet with finished interior. Glass Doors are sold separately,Cabinets,Perla,2025 Cabinet Price List Supplier,186.01,61,,each
PE-GW2115,"Perla Wall Cabinet with finished interior. Glass Doors are sold separately 21""W x 15""H",Perla Wall Cabinet with finished interior. Glass Doors are sold separately,Cabinets,Perla,2025 Cabinet Price List Supplier,203.39,61,,each
PE-GW2412,"Perla Wall Cabinet with finished interior. Glass Doors are sold separately 24""W x 12""H",Perla Wall Cabinet with finished interior. Glass Doors are sold separately,Cabinets,Perla,2025 Cabinet Price List Supplier,198.71,61,,each
PE-GW2415,"Perla Wall Cabinet with finished interior. Glass Doors are sold separately 24""W x 15""H",Perla Wall Cabinet with finished interior. Glass Doors are sold separately,Cabinets,Perla,2025 Cabinet Price List Supplier,217.80,61,,each
PE-GW2712,"Perla Wall Cabinet with finished interior. Glass Doors are sold separately 27""W x 12""H",Perla Wall Cabinet with finished interior. Glass Doors are sold separately,Cabinets,Perla,2025 Cabinet Price List Supplier,213.05,61,,each
PE-GW2715,"Perla Wall Cabinet with finished interior. Glass Doors are sold separately 27""W x 15""H",Perla Wall Cabinet with finished interior. Glass Doors are sold separately,Cabinets,Perla,2025 Cabinet Price List Supplier,231.99,61,,each
PE-GW3012,"Perla Wall Cabinet with finished interior. Glass Doors are sold separately 30""W x 12""H",Perla Wall Cabinet with finished interior. Glass Doors are sold separately,Cabinets,Perla,2025 Cabinet Price List Supplier,228.73,61,,each
PE-GW3015,"Perla Wall Cabinet with finished interior. Glass Doors are sold separately 30""W x 15""H",Perla Wall Cabinet with finished interior. Glass Doors are sold separately,Cabinets,Perla,2025 Cabinet Price List Supplier,248.67,61,,each
PE-GW3312,"Perla Wall Cabinet with finished interior. Glass Doors are sold separately 33""W x 12""H",Perla Wall Cabinet with finished interior. Glass Doors are sold separately,Cabinets,Perla,2025 Cabinet Price List Supplier,243.21,61,,each
PE-GW3315,"Perla Wall Cabinet with finished interior. Glass Doors are sold separately 33""W x 15""H",Perla Wall Cabinet with finished interior. Glass Doors are sold separately,Cabinets,Perla,2025 Cabinet Price List Supplier,264.21,61,,each
PE-GW3612,"Perla Wall Cabinet with finished interior. Glass Doors are sold separately 36""W x 12""H",Perla Wall Cabinet with finished interior. Glass Doors are sold separately,Cabinets,Perla,2025 Cabinet Price List Supplier,257.61,61,,each
PE-GW3615,"Perla Wall Cabinet with finished interior. Glass Doors are sold separately 36""W x 15""H",Perla Wall Cabinet with finished interior. Glass Doors are sold separately,Cabinets,Perla,2025 Cabinet Price List Supplier,279.61,61,,each
PE-GWDC2412,"Perla Diagonal Corner Wall Cabinet with finished interior. Glass Doors are sold separately 24""W x 12""H",Perla Diagonal Corner Wall Cabinet with finished interior. Glass Doors are sold separately,Cabinets,Perla,2025 Cabinet Price List Supplier,321.63,61,,each
PE-GWDC2415,"Perla Diagonal Corner Wall Cabinet with finished interior. Glass Doors are sold separately 24""W x 15""H",Perla Diagonal Corner Wall Cabinet with finished interior. Glass Doors are sold separately,Cabinets,Perla,2025 Cabinet Price List Supplier,337.81,61,,each
PE-HC30,"Perla Hood Cover 30""W",Perla Hood Cover,Cabinets,Perla,2025 Cabinet Price List Supplier,688.00,61,,each
PE-HC36,"Perla Hood Cover 36""W",Perla Hood Cover,Cabinets,Perla,2025 Cabinet Price List Supplier,732.00,61,,each
PE-LACQUEL ENAMEL (SPRAY PAINT,Perla PE-M105-5089,PE-M105-5089,Cabinets,Perla,2025 Cabinet Price List Supplier,35.00,61,,each
PE-OC3384,"Perla Oven Cabinet 33""W x 84""H",Perla Oven Cabinet,Cabinets,Perla,2025 Cabinet Price List Supplier,1093.97,61,,each
PE-OC3390,"Perla Oven Cabinet 33""W x 90""H",Perla Oven Cabinet,Cabinets,Perla,2025 Cabinet Price List Supplier,1105.34,61,,each
PE-OC3396,"Perla Oven Cabinet 33""W x 96""H",Perla Oven Cabinet,Cabinets,Perla,2025 Cabinet Price List Supplier,1244.12,61,,each
PE-OCM8,Perla Outside Corner Molding,Perla Outside Corner Molding,Cabinets,Perla,2025 Cabinet Price List Supplier,21.34,61,,each
PE-OGM8,Perla Ogee Molding,Perla Ogee Molding,Cabinets,Perla,2025 Cabinet Price List Supplier,76.17,61,,each
PE-PCVFF396,"Perla Fluted Tall Filler 39""W",Perla Fluted Tall Filler,Cabinets,Perla,2025 Cabinet Price List Supplier,75.53,61,,each
PE-QR8,Perla Quarter Round,Perla Quarter Round,Cabinets,Perla,2025 Cabinet Price List Supplier,30.26,61,,each
PE-RMI,Perla Rope Insert,Perla Rope Insert,Cabinets,Perla,2025 Cabinet Price List Supplier,14.23,61,,each
PE-RRP9624,"Perla Refrigerator Panel 96""x24""x3"" return","Perla Refrigerator Panel 96""x24""x3"" return",Cabinets,Perla,2025 Cabinet Price List Supplier,181.39,61,,each
PE-SB24,"Perla Sink Base Cabinet 24""W",Perla Sink Base Cabinet,Cabinets,Perla,2025 Cabinet Price List Supplier,327.54,61,,each
PE-SB27,"Perla Sink Base Cabinet 27""W",Perla Sink Base Cabinet,Cabinets,Perla,2025 Cabinet Price List Supplier,365.56,61,,each
PE-SB30,"Perla Sink Base Cabinet 30""W",Perla Sink Base Cabinet,Cabinets,Perla,2025 Cabinet Price List Supplier,409.21,61,,each
PE-SB33,"Perla Sink Base Cabinet 33""W",Perla Sink Base Cabinet,Cabinets,Perla,2025 Cabinet Price List Supplier,485.32,61,,each
PE-SB36,"Perla Sink Base Cabinet 36""W",Perla Sink Base Cabinet,Cabinets,Perla,2025 Cabinet Price List Supplier,518.69,61,,each
PE-SD,Perla Sample Door,Perla Sample Door,Cabinets,Perla,2025 Cabinet Price List Supplier,40.00,61,,each
PE-SM8,Perla Scribe Molding,Perla Scribe Molding,Cabinets,Perla,2025 Cabinet Price List Supplier,14.23,61,,each
PE-SPOOL-1,"Perla Full Post 3""x3""","Perla Full Post 3""x3""",Cabinets,Perla,2025 Cabinet Price List Supplier,182.04,61,,each
PE-SS-30,Perla Split Spool,Perla Split Spool,Cabinets,Perla,2025 Cabinet Price List Supplier,91.02,61,,each
PE-SVA12D,"Perla Vanity Drawer Base 12""W",Perla Vanity Drawer Base,Cabinets,Perla,2025 Cabinet Price List Supplier,413.54,61,,each
PE-SVA15D,"Perla Vanity Drawer Base 15""W",Perla Vanity Drawer Base,Cabinets,Perla,2025 Cabinet Price List Supplier,458.68,61,,each
PE-SVA18D,"Perla Vanity Drawer Base 18""W",Perla Vanity Drawer Base,Cabinets,Perla,2025 Cabinet Price List Supplier,504.53,61,,each
PE-SVAM2430,"Perla Mirror 24""W x 30""H",Perla Mirror,Cabinets,Perla,2025 Cabinet Price List Supplier,154.00,61,,each
PE-TK8,Perla Toe Kick,Perla Toe Kick,Cabinets,Perla,2025 Cabinet Price List Supplier,17.46,61,,each
PE-TLR-1,Perla Light Rail Molding,Perla Light Rail Molding,Cabinets,Perla,2025 Cabinet Price List Supplier,69.19,61,,each
PE-TOUCH UP KIT,Perla Touch Up Kit,Perla Touch Up Kit,Cabinets,Perla,2025 Cabinet Price List Supplier,39.56,61,,each
PE-UREP,"Perla Universal Panel 30""x96""x3/4""","Perla Universal Panel 30""x96""x3/4""",Cabinets,Perla,2025 Cabinet Price List Supplier,277.42,61,,each
PE-V36,"Perla Valance 36""W",Perla Valance,Cabinets,Perla,2025 Cabinet Price List Supplier,37.05,61,,each
PE-V42,"Perla Valance 42""W",Perla Valance,Cabinets,Perla,2025 Cabinet Price List Supplier,43.78,61,,each
PE-V48,"Perla Valance 48""W",Perla Valance,Cabinets,Perla,2025 Cabinet Price List Supplier,50.57,61,,each
PE-V60,"Perla Valance 60""W",Perla Valance,Cabinets,Perla,2025 Cabinet Price List Supplier,65.31,61,,each
PE-VAL3612,"Perla Big Valance 36""W x 12""H",Perla Big Valance,Cabinets,Perla,2025 Cabinet Price List Supplier,132.00,61,,each
PE-VAL4212,"Perla Big Valance 42""W x 12""H",Perla Big Valance,Cabinets,Perla,2025 Cabinet Price List Supplier,143.00,61,,each
PE-VAL4812,"Perla Big Valance 48""W x 12""H",Perla Big Valance,Cabinets,Perla,2025 Cabinet Price List Supplier,198.00,61,,each
PE-W0930,"Perla Wall Cabinet 9""W x 30""H",Perla Wall Cabinet,Cabinets,Perla,2025 Cabinet Price List Supplier,165.03,61,,each
PE-W0936,"Perla Wall Cabinet 9""W x 36""H",Perla Wall Cabinet,Cabinets,Perla,2025 Cabinet Price List Supplier,189.34,61,,each
PE-W0942,"Perla Wall Cabinet 9""W x 42""H",Perla Wall Cabinet,Cabinets,Perla,2025 Cabinet Price List Supplier,213.66,61,,each
PE-W1230,"Perla Wall Cabinet 12""W x 30""H",Perla Wall Cabinet,Cabinets,Perla,2025 Cabinet Price List Supplier,191.93,61,,each
PE-W1236,"Perla Wall Cabinet 12""W x 36""H",Perla Wall Cabinet,Cabinets,Perla,2025 Cabinet Price List Supplier,218.76,61,,each
PE-W1242,"Perla Wall Cabinet 12""W x 42""H",Perla Wall Cabinet,Cabinets,Perla,2025 Cabinet Price List Supplier,247.54,61,,each
PE-W1530,"Perla Wall Cabinet 15""W x 30""H",Perla Wall Cabinet,Cabinets,Perla,2025 Cabinet Price List Supplier,223.23,61,,each
PE-W1536,"Perla Wall Cabinet 15""W x 36""H",Perla Wall Cabinet,Cabinets,Perla,2025 Cabinet Price List Supplier,253.24,61,,each
PE-W1542,"Perla Wall Cabinet 15""W x 42""H",Perla Wall Cabinet,Cabinets,Perla,2025 Cabinet Price List Supplier,283.11,61,,each
PE-W1830,"Perla Wall Cabinet 18""W x 30""H",Perla Wall Cabinet,Cabinets,Perla,2025 Cabinet Price List Supplier,256.59,61,,each
PE-W1836,"Perla Wall Cabinet 18""W x 36""H",Perla Wall Cabinet,Cabinets,Perla,2025 Cabinet Price List Supplier,286.61,61,,each
PE-W1842,"Perla Wall Cabinet 18""W x 42""H",Perla Wall Cabinet,Cabinets,Perla,2025 Cabinet Price List Supplier,316.73,61,,each
PE-W2130,"Perla Wall Cabinet 21""W x 30""H",Perla Wall Cabinet,Cabinets,Perla,2025 Cabinet Price List Supplier,287.38,61,,each
PE-W2136,"Perla Wall Cabinet 21""W x 36""H",Perla Wall Cabinet,Cabinets,Perla,2025 Cabinet Price List Supplier,320.29,61,,each
PE-W2142,"Perla Wall Cabinet 21""W x 42""H",Perla Wall Cabinet,Cabinets,Perla,2025 Cabinet Price List Supplier,353.21,61,,each
PE-W2412,"Perla Wall Cabinet 24""W x 12""H",Perla Wall Cabinet,Cabinets,Perla,2025 Cabinet Price List Supplier,201.00,61,,each
PE-W2415,"Perla Wall Cabinet 24""W x 15""H",Perla Wall Cabinet,Cabinets,Perla,2025 Cabinet Price List Supplier,220.00,61,,each
PE-W2418,"Perla Wall Cabinet 24""W x 18""H",Perla Wall Cabinet,Cabinets,Perla,2025 Cabinet Price List Supplier,239.00,61,,each
PE-W2421,"Perla Wall Cabinet 24""W x 21""H",Perla Wall Cabinet,Cabinets,Perla,2025 Cabinet Price List Supplier,295.00,61,,each
PE-W2424,"Perla Wall Cabinet 24""W x 24""H",Perla Wall Cabinet,Cabinets,Perla,2025 Cabinet Price List Supplier,307.41,61,,each
PE-W2430,"Perla Wall Cabinet 24""W x 30""H",Perla Wall Cabinet,Cabinets,Perla,2025 Cabinet Price List Supplier,328.25,61,,each
PE-W2436,"Perla Wall Cabinet 24""W x 36""H",Perla Wall Cabinet,Cabinets,Perla,2025 Cabinet Price List Supplier,365.23,61,,each
PE-W2442,"Perla Wall Cabinet 24""W x 42""H",Perla Wall Cabinet,Cabinets,Perla,2025 Cabinet Price List Supplier,394.60,61,,each
PE-W2730,"Perla Wall Cabinet 27""W x 30""H",Perla Wall Cabinet,Cabinets,Perla,2025 Cabinet Price List Supplier,358.77,61,,each
PE-W2736,"Perla Wall Cabinet 27""W x 36""H",Perla Wall Cabinet,Cabinets,Perla,2025 Cabinet Price List Supplier,377.07,61,,each
PE-W2742,"Perla Wall Cabinet 27""W x 42""H",Perla Wall Cabinet,Cabinets,Perla,2025 Cabinet Price List Supplier,395.25,61,,each
PE-W3012,"Perla Wall Cabinet 30""W x 12""H",Perla Wall Cabinet,Cabinets,Perla,2025 Cabinet Price List Supplier,196.33,61,,each
PE-W301224,"Perla Refrigerator Cabinet 30""W x 12""H x 24""D",Perla Refrigerator Cabinet,Cabinets,Perla,2025 Cabinet Price List Supplier,271.71,61,,each
PE-W3015,"Perla Wall Cabinet 30""W x 15""H",Perla Wall Cabinet,Cabinets,Perla,2025 Cabinet Price List Supplier,217.21,61,,each
PE-W301524,"Perla Refrigerator Cabinet 30""W x 15""H x 24""D",Perla Refrigerator Cabinet,Cabinets,Perla,2025 Cabinet Price List Supplier,264.53,61,,each
PE-W3018,"Perla Wall Cabinet 30""W x 18""H",Perla Wall Cabinet,Cabinets,Perla,2025 Cabinet Price List Supplier,232.67,61,,each
PE-W301824,"Perla Refrigerator Cabinet 30""W x 18""H x 24""D",Perla Refrigerator Cabinet,Cabinets,Perla,2025 Cabinet Price List Supplier,305.80,61,,each
PE-W3021,"Perla Wall Cabinet 30""W x 21""H",Perla Wall Cabinet,Cabinets,Perla,2025 Cabinet Price List Supplier,282.00,61,,each
PE-W302124,"Perla Refrigerator Cabinet 30""W x 21""H x 24""D",Perla Refrigerator Cabinet,Cabinets,Perla,2025 Cabinet Price List Supplier,417.00,61,,each
PE-W3024,"Perla Wall Cabinet 30""W x 24""H",Perla Wall Cabinet,Cabinets,Perla,2025 Cabinet Price List Supplier,327.47,61,,each
PE-W302424,"Perla Refrigerator Cabinet 30""W x 24""H x 24""D",Perla Refrigerator Cabinet,Cabinets,Perla,2025 Cabinet Price List Supplier,399.00,61,,each
PE-W3030,"Perla Wall Cabinet 30""W x 30""H",Perla Wall Cabinet,Cabinets,Perla,2025 Cabinet Price List Supplier,389.10,61,,each
PE-W3036,"Perla Wall Cabinet 30""W x 36""H",Perla Wall Cabinet,Cabinets,Perla,2025 Cabinet Price List Supplier,431.97,61,,each
PE-W3042,"Perla Wall Cabinet 30""W x 42""H",Perla Wall Cabinet,Cabinets,Perla,2025 Cabinet Price List Supplier,474.72,61,,each
PE-W3312,"Perla Wall Cabinet 33""W x 12""H",Perla Wall Cabinet,Cabinets,Perla,2025 Cabinet Price List Supplier,223.94,61,,each
PE-W331224,"Perla Refrigerator Cabinet 33""W x 12""H x 24""D",Perla Refrigerator Cabinet,Cabinets,Perla,2025 Cabinet Price List Supplier,280.71,61,,each
PE-W3315,"Perla Wall Cabinet 33""W x 15""H",Perla Wall Cabinet,Cabinets,Perla,2025 Cabinet Price List Supplier,235.71,61,,each
PE-W331524,"Perla Refrigerator Cabinet 33""W x 15""H x 24""D",Perla Refrigerator Cabinet,Cabinets,Perla,2025 Cabinet Price List Supplier,313.07,61,,each
PE-W3318,"Perla Wall Cabinet 33""W x 18""H",Perla Wall Cabinet,Cabinets,Perla,2025 Cabinet Price List Supplier,248.51,61,,each
PE-W331824,"Perla Refrigerator Cabinet 33""W x 18""H x 24""D",Perla Refrigerator Cabinet,Cabinets,Perla,2025 Cabinet Price List Supplier,321.60,61,,each
PE-W3321,"Perla Wall Cabinet 33""W x 21""H",Perla Wall Cabinet,Cabinets,Perla,2025 Cabinet Price List Supplier,276.00,61,,each
PE-W332124,"Perla Refrigerator Cabinet 33""W x 21""H x 24""D",Perla Refrigerator Cabinet,Cabinets,Perla,2025 Cabinet Price List Supplier,433.00,61,,each
PE-W3324,"Perla Wall Cabinet 33""W x 24""H",Perla Wall Cabinet,Cabinets,Perla,2025 Cabinet Price List Supplier,342.87,61,,each
PE-W332424,"Perla Refrigerator Cabinet 33""W x 24""H x 24""D",Perla Refrigerator Cabinet,Cabinets,Perla,2025 Cabinet Price List Supplier,400.00,61,,each
PE-W3330,"Perla Wall Cabinet 33""W x 30""H",Perla Wall Cabinet,Cabinets,Perla,2025 Cabinet Price List Supplier,411.15,61,,each
PE-W3336,"Perla Wall Cabinet 33""W x 36""H",Perla Wall Cabinet,Cabinets,Perla,2025 Cabinet Price List Supplier,465.60,61,,each
PE-W3342,"Perla Wall Cabinet 33""W x 42""H",Perla Wall Cabinet,Cabinets,Perla,2025 Cabinet Price List Supplier,534.54,61,,each
PE-W3612,"Perla Wall Cabinet 36""W x 12""H",Perla Wall Cabinet,Cabinets,Perla,2025 Cabinet Price List Supplier,214.11,61,,each
PE-W361224,"Perla Refrigerator Cabinet 36""W x 12""H x 24""D",Perla Refrigerator Cabinet,Cabinets,Perla,2025 Cabinet Price List Supplier,289.71,61,,each
PE-W3615,"Perla Wall Cabinet 36""W x 15""H",Perla Wall Cabinet,Cabinets,Perla,2025 Cabinet Price List Supplier,249.80,61,,each
PE-W361524,"Perla Refrigerator Cabinet 36""W x 15""H x 24""D",Perla Refrigerator Cabinet,Cabinets,Perla,2025 Cabinet Price List Supplier,322.04,61,,each
PE-W3618,"Perla Wall Cabinet 36""W x 18""H",Perla Wall Cabinet,Cabinets,Perla,2025 Cabinet Price List Supplier,279.43,61,,each
PE-W361824,"Perla Refrigerator Cabinet 36""W x 18""H x 24""D",Perla Refrigerator Cabinet,Cabinets,Perla,2025 Cabinet Price List Supplier,352.30,61,,each
PE-W3621,"Perla Wall Cabinet 36""W x 21""H",Perla Wall Cabinet,Cabinets,Perla,2025 Cabinet Price List Supplier,322.00,61,,each
PE-W3621-24,"Perla Refrigerator Cabinet 36""W x 21""H",Perla Refrigerator Cabinet,Cabinets,Perla,2025 Cabinet Price List Supplier,455.00,61,,each
PE-W3624,"Perla Wall Cabinet 36""W x 24""H",Perla Wall Cabinet,Cabinets,Perla,2025 Cabinet Price List Supplier,360.13,61,,each
PE-W362424,"Perla Refrigerator Cabinet 36""W x 24""H x 24""D",Perla Refrigerator Cabinet,Cabinets,Perla,2025 Cabinet Price List Supplier,458.94,61,,each
PE-W3630,"Perla Wall Cabinet 36""W x 30""H",Perla Wall Cabinet,Cabinets,Perla,2025 Cabinet Price List Supplier,440.64,61,,each
PE-W3636,"Perla Wall Cabinet 36""W x 36""H",Perla Wall Cabinet,Cabinets,Perla,2025 Cabinet Price List Supplier,498.90,61,,each
PE-W3642,"Perla Wall Cabinet 36""W x 42""H",Perla Wall Cabinet,Cabinets,Perla,2025 Cabinet Price List Supplier,571.07,61,,each
PE-WCD3015,"Perla Plate Rack 30""W x 15""H",Perla Plate Rack,Cabinets,Perla,2025 Cabinet Price List Supplier,229.70,61,,each
PE-WDC2430,"Perla Wall Diagonal Cabinet 24""W x 30""H",Perla Wall Diagonal Cabinet,Cabinets,Perla,2025 Cabinet Price List Supplier,404.56,61,,each
PE-WDC2436,"Perla Wall Diagonal Cabinet 24""W x 36""H",Perla Wall Diagonal Cabinet,Cabinets,Perla,2025 Cabinet Price List Supplier,452.86,61,,each
PE-WDC2442,"Perla Wall Diagonal Cabinet 24""W x 42""H",Perla Wall Diagonal Cabinet,Cabinets,Perla,2025 Cabinet Price List Supplier,497.48,61,,each
PE-WDC273615,"Perla Wall Diagonal Cabinet 27""W x 36""H x 15""D",Perla Wall Diagonal Cabinet,Cabinets,Perla,2025 Cabinet Price List Supplier,533.18,61,,each
PE-WDC274215,"Perla Wall Diagonal Cabinet 27""W x 42""H x 15""D",Perla Wall Diagonal Cabinet,Cabinets,Perla,2025 Cabinet Price List Supplier,579.99,61,,each
PE-WEC1230,"Perla Wall Angled Cabinet 12""W x 30""H",Perla Wall Angled Cabinet,Cabinets,Perla,2025 Cabinet Price List Supplier,226.85,61,,each
PE-WEC1236,"Perla Wall Angled Cabinet 12""W x 36""H",Perla Wall Angled Cabinet,Cabinets,Perla,2025 Cabinet Price List Supplier,256.01,61,,each
PE-WEC1242,"Perla Wall Angled Cabinet 12""W x 42""H",Perla Wall Angled Cabinet,Cabinets,Perla,2025 Cabinet Price List Supplier,282.01,61,,each
PE-WES0930,"Perla Wall End Shelf 9""W x 30""H",Perla Wall End Shelf,Cabinets,Perla,2025 Cabinet Price List Supplier,156.88,61,,each
PE-WES0936,"Perla Wall End Shelf 9""W x 36""H",Perla Wall End Shelf,Cabinets,Perla,2025 Cabinet Price List Supplier,185.85,61,,each
PE-WES0942,"Perla Wall End Shelf 9""W x 42""H",Perla Wall End Shelf,Cabinets,Perla,2025 Cabinet Price List Supplier,218.25,61,,each
PE-WF1.5X96,"Perla Tall Filler 1.5""W x 96""H",Perla Tall Filler,Cabinets,Perla,2025 Cabinet Price List Supplier,61.00,61,,each
PE-WF330,"Perla Wall Filler 3""W x 30""H",Perla Wall Filler,Cabinets,Perla,2025 Cabinet Price List Supplier,24.25,61,,each
PE-WF336,"Perla Wall Filler 3""W x 36""H",Perla Wall Filler,Cabinets,Perla,2025 Cabinet Price List Supplier,28.78,61,,each
PE-WF342,"Perla Wall Filler 3""W x 42""H",Perla Wall Filler,Cabinets,Perla,2025 Cabinet Price List Supplier,33.56,61,,each
PE-WF396,"Perla Long Filler 3""W x 96""H",Perla Long Filler,Cabinets,Perla,2025 Cabinet Price List Supplier,69.13,61,,each
PE-WF630,"Perla Wall Filler 6""W x 30""H",Perla Wall Filler,Cabinets,Perla,2025 Cabinet Price List Supplier,47.72,61,,each
PE-WF636,"Perla Wall Filler 6""W x 36""H",Perla Wall Filler,Cabinets,Perla,2025 Cabinet Price List Supplier,54.32,61,,each
PE-WF642,"Perla Wall Filler 6""W x 42""H",Perla Wall Filler,Cabinets,Perla,2025 Cabinet Price List Supplier,61.05,61,,each
PE-WF696,"Perla Long Filler 6""W x 96""H",Perla Long Filler,Cabinets,Perla,2025 Cabinet Price List Supplier,133.80,61,,each
PE-WLS2430,"Perla Wall Corner Bi-Fold Door Cabinet 24""W x 30""H",Perla Wall Corner Bi-Fold Door Cabinet,Cabinets,Perla,2025 Cabinet Price List Supplier,407.00,61,,each
PE-WLS2436,"Perla Wall Corner Bi-Fold Door Cabinet 24""W x 36""H",Perla Wall Corner Bi-Fold Door Cabinet,Cabinets,Perla,2025 Cabinet Price List Supplier,456.00,61,,each
PE-WLS2442,"Perla Wall Corner Bi-Fold Door Cabinet 24""W x 42""H",Perla Wall Corner Bi-Fold Door Cabinet,Cabinets,Perla,2025 Cabinet Price List Supplier,500.00,61,,each
PE-WMC3030,"Perla Microwave Cabinet 30""W x 30""H",Perla Microwave Cabinet,Cabinets,Perla,2025 Cabinet Price List Supplier,450.08,61,,each
PE-WMC3036,"Perla Microwave Cabinet 30""W x 36""H",Perla Microwave Cabinet,Cabinets,Perla,2025 Cabinet Price List Supplier,468.44,61,,each
PE-WMC3042,"Perla Microwave Cabinet 30""W x 42""H",Perla Microwave Cabinet,Cabinets,Perla,2025 Cabinet Price List Supplier,494.57,61,,each
PE-WP1884,"Perla Wall Pantry 18""W x 84""H",Perla Wall Pantry,Cabinets,Perla,2025 Cabinet Price List Supplier,789.97,61,,each
PE-WP1890,"Perla Wall Pantry 18""W x 90""H",Perla Wall Pantry,Cabinets,Perla,2025 Cabinet Price List Supplier,841.18,61,,each
PE-WP1896,"Perla Wall Pantry 18""W x 96""H",Perla Wall Pantry,Cabinets,Perla,2025 Cabinet Price List Supplier,892.53,61,,each
PE-WP2484,"Perla Wall Pantry 24""W x 84""H",Perla Wall Pantry,Cabinets,Perla,2025 Cabinet Price List Supplier,858.06,61,,each
PE-WP2490,"Perla Wall Pantry 24""W x 90""H",Perla Wall Pantry,Cabinets,Perla,2025 Cabinet Price List Supplier,895.77,61,,each
PE-WP2496,"Perla Wall Pantry 24""W x 96""H",Perla Wall Pantry,Cabinets,Perla,2025 Cabinet Price List Supplier,959.26,61,,each
PE-WP3084,"Perla Wall Pantry 30""W x 84""H",Perla Wall Pantry,Cabinets,Perla,2025 Cabinet Price List Supplier,890.00,61,,each
PE-WP3090,"Perla Wall Pantry 30""W x 90""H",Perla Wall Pantry,Cabinets,Perla,2025 Cabinet Price List Supplier,943.00,61,,each
PE-WP3096,"Perla Wall Pantry 30""W x 96""H",Perla Wall Pantry,Cabinets,Perla,2025 Cabinet Price List Supplier,992.00,61,,each
Q001-24-1,Quartz vanity top Calacatta Delphi,"25""x22 3/4"",18mm thickness quartz with sink, 1 Faucet Hole, including 1 backsplash and 1 side splash.",Countertops,,2025 Cabinet Price List Supplier,,61,,each
Q001-24-3,Quartz vanity top Calacatta Delphi,"25""x22 3/4"",18mm thickness quartz with sink, 3Faucet Holes, including 1 backsplash and 1 side splash.",Countertops,,2025 Cabinet Price List Supplier,,61,,each
Q001-30-1,Quartz vanity top Calacatta Delphi,"31""x22 3/4"",18mm thickness quartz with sink, 1 Faucet Hole, including 1 backsplash and 1 side splash.",Countertops,,2025 Cabinet Price List Supplier,,61,,each
Q001-30-3,Quartz vanity top Calacatta Delphi,"31""x22 3/4"",18mm thickness quartz with sink, 3Faucet Holes, including 1 backsplash and 1 side splash.",Countertops,,2025 Cabinet Price List Supplier,,61,,each
Q001-36-1,Quartz vanity top Calacatta Delphi,"37""x22 3/4"",18mm thickness quartz with sink, 1 Faucet Hole, including 1 backsplash and 1 side splash.",Countertops,,2025 Cabinet Price List Supplier,,61,,each
Q001-36-3,Quartz vanity top Calacatta Delphi,"37""x22 3/4"",18mm thickness quartz with sink, 3Faucet Holes, including 1 backsplash and 1 side splash.",Countertops,,2025 Cabinet Price List Supplier,,61,,each
Q001-42-1,Quartz vanity top Calacatta Delphi,"43""x22 3/4"",18mm thickness quartz with sink, 1 Faucet Hole, including 1 backsplash and 1 side splash.",Countertops,,2025 Cabinet Price List Supplier,,61,,each
Q001-42-3,Quartz vanity top Calacatta Delphi,"43""x22 3/4"",18mm thickness quartz with sink, 3Faucet Holes, including 1 backsplash and 1 side splash.",Countertops,,2025 Cabinet Price List Supplier,,61,,each
Q001-48-1,Quartz vanity top Calacatta Delphi,"49""x22 3/4"",18mm thickness quartz with sink, 1 Faucet Hole, including 1 backsplash and 1 side splash.",Countertops,,2025 Cabinet Price List Supplier,,61,,each
Q001-48-3,Quartz vanity top Calacatta Delphi,"49""x22 3/4"",18mm thickness quartz with sink, 3Faucet Holes, including 1 backsplash and 1 side splash.",Countertops,,2025 Cabinet Price List Supplier,,61,,each
Q001-60D-1,Quartz vanity top Calacatta Delphi,"61""x22 3/4"",18mm thickness quartz with double sinks, 1 Faucet Hole, including 1 backsplash and 1 side splash.",Countertops,,2025 Cabinet Price List Supplier,,61,,each
Q001-60D-3,Quartz vanity top Calacatta Delphi,"61""x22 3/4"",18mm thickness quartz with double sinks, 3Faucet Holes, including 1 backsplash and 1 side splash.",Countertops,,2025 Cabinet Price List Supplier,,61,,each
Q001-60S-1,Quartz vanity top Calacatta Delphi,"61""x22 3/4"",18mm thickness quartz with single sink, 1 Faucet Hole, including 1 backsplash and 1 side splash.",Countertops,,2025 Cabinet Price List Supplier,,61,,each
Q001-60S-3,Quartz vanity top Calacatta Delphi,"61""x22 3/4"",18mm thickness quartz with single sink, 3Faucet Holes, including 1 backsplash and 1 side splash.",Countertops,,2025 Cabinet Price List Supplier,,61,,each
Q002-24-1,Quartz vanity top White Quartz,"25""x22 3/4"",18mm thickness quartz with sink, 1 Faucet Hole, including 1 backsplash and 1 side splash.",Countertops,,2025 Cabinet Price List Supplier,,61,,each
Q002-24-3,Quartz vanity top White Quartz,"25""x22 3/4"",18mm thickness quartz with sink, 3Faucet Holes, including 1 backsplash and 1 side splash.",Countertops,,2025 Cabinet Price List Supplier,,61,,each
Q002-30-1,Quartz vanity top White Quartz,"31""x22 3/4"",18mm thickness quartz with sink, 1 Faucet Hole, including 1 backsplash and 1 side splash.",Countertops,,2025 Cabinet Price List Supplier,,61,,each
Q002-30-3,Quartz vanity top White Quartz,"31""x22 3/4"",18mm thickness quartz with sink, 3Faucet Holes, including 1 backsplash and 1 side splash.",Countertops,,2025 Cabinet Price List Supplier,,61,,each
Q002-36-1,Quartz vanity top White Quartz,"37""x22 3/4"",18mm thickness quartz with sink, 1 Faucet Hole, including 1 backsplash and 1 side splash.",Countertops,,2025 Cabinet Price List Supplier,,61,,each
Q002-36-3,Quartz vanity top White Quartz,"37""x22 3/4"",18mm thickness quartz with sink, 3Faucet Holes, including 1 backsplash and 1 side splash.",Countertops,,2025 Cabinet Price List Supplier,,61,,each
Q002-42-1,Quartz vanity top White Quartz,"43""x22 3/4"",18mm thickness quartz with sink, 1 Faucet Hole, including 1 backsplash and 1 side splash.",Countertops,,2025 Cabinet Price List Supplier,,61,,each
Q002-42-3,Quartz vanity top White Quartz,"43""x22 3/4"",18mm thickness quartz with sink, 3Faucet Holes, including 1 backsplash and 1 side splash.",Countertops,,2025 Cabinet Price List Supplier,,61,,each
Q002-48-1,Quartz vanity top White Quartz,"49""x22 3/4"",18mm thickness quartz with sink, 1 Faucet Hole, including 1 backsplash and 1 side splash.",Countertops,,2025 Cabinet Price List Supplier,,61,,each
Q002-48-3,Quartz vanity top White Quartz,"49""x22 3/4"",18mm thickness quartz with sink, 3Faucet Holes, including 1 backsplash and 1 side splash.",Countertops,,2025 Cabinet Price List Supplier,,61,,each
Q002-60D-1,Quartz vanity top White Quartz,"61""x22 3/4"",18mm thickness quartz with double sinks, 1 Faucet Hole, including 1 backsplash and 1 side splash.",Countertops,,2025 Cabinet Price List Supplier,,61,,each
Q002-60D-3,Quartz vanity top White Quartz,"61""x22 3/4"",18mm thickness quartz with double sinks, 3Faucet Holes, including 1 backsplash and 1 side splash.",Countertops,,2025 Cabinet Price List Supplier,,61,,each
Q002-60S-1,Quartz vanity top White Quartz,"61""x22 3/4"",18mm thickness quartz with single sink, 1 Faucet Hole, including 1 backsplash and 1 side splash.",Countertops,,2025 Cabinet Price List Supplier,,61,,each
Q002-60S-3,Quartz vanity top White Quartz,"61""x22 3/4"",18mm thickness quartz with single sink, 3Faucet Holes, including 1 backsplash and 1 side splash.",Countertops,,2025 Cabinet Price List Supplier,,61,,each
Q006-24-1,Quartz vanity top Calacatta Gold,"25""x22 3/4"",18mm thickness quartz with sink, 1 Faucet Hole, including 1 backsplash and 1 side splash.",Countertops,,2025 Cabinet Price List Supplier,,61,,each
Q006-24-3,Quartz vanity top Calacatta Gold,"25""x22 3/4"",18mm thickness quartz with sink, 3Faucet Holes, including 1 backsplash and 1 side splash.",Countertops,,2025 Cabinet Price List Supplier,,61,,each
Q006-30-1,Quartz vanity top Calacatta Gold,"31""x22 3/4"",18mm thickness quartz with sink, 1 Faucet Hole, including 1 backsplash and 1 side splash.",Countertops,,2025 Cabinet Price List Supplier,,61,,each
Q006-30-3,Quartz vanity top Calacatta Gold,"31""x22 3/4"",18mm thickness quartz with sink, 3Faucet Holes, including 1 backsplash and 1 side splash.",Countertops,,2025 Cabinet Price List Supplier,,61,,each
Q006-36-1,Quartz vanity top Calacatta Gold,"37""x22 3/4"",18mm thickness quartz with sink, 1 Faucet Hole, including 1 backsplash and 1 side splash.",Countertops,,2025 Cabinet Price List Supplier,,61,,each
Q006-36-3,Quartz vanity top Calacatta Gold,"37""x22 3/4"",18mm thickness quartz with sink, 3Faucet Holes, including 1 backsplash and 1 side splash.",Countertops,,2025 Cabinet Price List Supplier,,61,,each
Q006-42-1,Quartz vanity top Calacatta Gold,"43""x22 3/4"",18mm thickness quartz with sink, 1 Faucet Hole, including 1 backsplash and 1 side splash.",Countertops,,2025 Cabinet Price List Supplier,,61,,each
Q006-42-3,Quartz vanity top Calacatta Gold,"43""x22 3/4"",18mm thickness quartz with sink, 3Faucet Holes, including 1 backsplash and 1 side splash.",Countertops,,2025 Cabinet Price List Supplier,,61,,each
Q006-48-1,Quartz vanity top Calacatta Gold,"49""x22 3/4"",18mm thickness quartz with sink, 1 Faucet Hole, including 1 backsplash and 1 side splash.",Countertops,,2025 Cabinet Price List Supplier,,61,,each
Q006-48-3,Quartz vanity top Calacatta Gold,"49""x22 3/4"",18mm thickness quartz with sink, 3Faucet Holes, including 1 backsplash and 1 side splash.",Countertops,,2025 Cabinet Price List Supplier,,61,,each
Q006-60D-1,Quartz vanity top Calacatta Gold,"61""x22 3/4"",18mm thickness quartz with double sinks, 1 Faucet Hole, including 1 backsplash and 1 side splash.",Countertops,,2025 Cabinet Price List Supplier,,61,,each
Q006-60D-3,Quartz vanity top Calacatta Gold,"61""x22 3/4"",18mm thickness quartz with double sinks, 3Faucet Holes, including 1 backsplash and 1 side splash.",Countertops,,2025 Cabinet Price List Supplier,,61,,each
Q006-60S-1,Quartz vanity top Calacatta Gold,"61""x22 3/4"",18mm thickness quartz with single sink, 1 Faucet Hole, including 1 backsplash and 1 side splash.",Countertops,,2025 Cabinet Price List Supplier,,61,,each
Q006-60S-3,Quartz vanity top Calacatta Gold,"61""x22 3/4"",18mm thickness quartz with single sink, 3Faucet Holes, including 1 backsplash and 1 side splash.",Countertops,,2025 Cabinet Price List Supplier,,61,,each
Q007-24-1,Quartz vanity top Misty Carrara,"25""x22 3/4"",18mm thickness quartz with sink, 1 Faucet Hole, including 1 backsplash and 1 side splash.",Countertops,,2025 Cabinet Price List Supplier,,61,,each
Q007-24-3,Quartz vanity top Misty Carrara,"25""x22 3/4"",18mm thickness quartz with sink, 3Faucet Holes, including 1 backsplash and 1 side splash.",Countertops,,2025 Cabinet Price List Supplier,,61,,each
Q007-30-1,Quartz vanity top Misty Carrara,"31""x22 3/4"",18mm thickness quartz with sink, 1 Faucet Hole, including 1 backsplash and 1 side splash.",Countertops,,2025 Cabinet Price List Supplier,,61,,each
Q007-30-3,Quartz vanity top Misty Carrara,"31""x22 3/4"",18mm thickness quartz with sink, 3Faucet Holes, including 1 backsplash and 1 side splash.",Countertops,,2025 Cabinet Price List Supplier,,61,,each
Q007-36-1,Quartz vanity top Misty Carrara,"37""x22 3/4"",18mm thickness quartz with sink, 1 Faucet Hole, including 1 backsplash and 1 side splash.",Countertops,,2025 Cabinet Price List Supplier,,61,,each
Q007-36-3,Quartz vanity top Misty Carrara,"37""x22 3/4"",18mm thickness quartz with sink, 3Faucet Holes, including 1 backsplash and 1 side splash.",Countertops,,2025 Cabinet Price List Supplier,,61,,each
Q007-42-1,Quartz vanity top Misty Carrara,"43""x22 3/4"",18mm thickness quartz with sink, 1 Faucet Hole, including 1 backsplash and 1 side splash.",Countertops,,2025 Cabinet Price List Supplier,,61,,each
Q007-42-3,Quartz vanity top Misty Carrara,"43""x22 3/4"",18mm thickness quartz with sink, 3Faucet Holes, including 1 backsplash and 1 side splash.",Countertops,,2025 Cabinet Price List Supplier,,61,,each
Q007-48-1,Quartz vanity top Misty Carrara,"49""x22 3/4"",18mm thickness quartz with sink, 1 Faucet Hole, including 1 backsplash and 1 side splash.",Countertops,,2025 Cabinet Price List Supplier,,61,,each
Q007-48-3,Quartz vanity top Misty Carrara,"49""x22 3/4"",18mm thickness quartz with sink, 3Faucet Holes, including 1 backsplash and 1 side splash.",Countertops,,2025 Cabinet Price List Supplier,,61,,each
Q007-60D-1,Quartz vanity top Misty Carrara,"61""x22 3/4"",18mm thickness quartz with double sinks, 1 Faucet Hole, including 1 backsplash and 1 side splash.",Countertops,,2025 Cabinet Price List Supplier,,61,,each
Q007-60D-3,Quartz vanity top Misty Carrara,"61""x22 3/4"",18mm thickness quartz with double sinks, 3Faucet Holes, including 1 backsplash and 1 side splash.",Countertops,,2025 Cabinet Price List Supplier,,61,,each
Q007-60S-1,Quartz vanity top Misty Carrara,"61""x22 3/4"",18mm thickness quartz with single sink, 1 Faucet Hole, including 1 backsplash and 1 side splash.",Countertops,,2025 Cabinet Price List Supplier,,61,,each
Q007-60S-3,Quartz vanity top Misty Carrara,"61""x22 3/4"",18mm thickness quartz with single sink, 3Faucet Holes, including 1 backsplash and 1 side splash.",Countertops,,2025 Cabinet Price List Supplier,,61,,each
Q014-24-1,Quartz vanity top Grey Quartz,"25""x22 3/4"",18mm thickness quartz with sink, 1 Faucet Hole, including 1 backsplash and 1 side splash.",Countertops,,2025 Cabinet Price List Supplier,,61,,each
Q014-24-3,Quartz vanity top Grey Quartz,"25""x22 3/4"",18mm thickness quartz with sink, 3Faucet Holes, including 1 backsplash and 1 side splash.",Countertops,,2025 Cabinet Price List Supplier,,61,,each
Q014-30-1,Quartz vanity top Grey Quartz,"31""x22 3/4"",18mm thickness quartz with sink, 1 Faucet Hole, including 1 backsplash and 1 side splash.",Countertops,,2025 Cabinet Price List Supplier,,61,,each
Q014-30-3,Quartz vanity top Grey Quartz,"31""x22 3/4"",18mm thickness quartz with sink, 3Faucet Holes, including 1 backsplash and 1 side splash.",Countertops,,2025 Cabinet Price List Supplier,,61,,each
Q014-36-1,Quartz vanity top Grey Quartz,"37""x22 3/4"",18mm thickness quartz with sink, 1 Faucet Hole, including 1 backsplash and 1 side splash.",Countertops,,2025 Cabinet Price List Supplier,,61,,each
Q014-36-3,Quartz vanity top Grey Quartz,"37""x22 3/4"",18mm thickness quartz with sink, 3Faucet Holes, including 1 backsplash and 1 side splash.",Countertops,,2025 Cabinet Price List Supplier,,61,,each
Q014-42-1,Quartz vanity top Grey Quartz,"43""x22 3/4"",18mm thickness quartz with sink, 1 Faucet Hole, including 1 backsplash and 1 side splash.",Countertops,,2025 Cabinet Price List Supplier,,61,,each
Q014-42-3,Quartz vanity top Grey Quartz,"43""x22 3/4"",18mm thickness quartz with sink, 3Faucet Holes, including 1 backsplash and 1 side splash.",Countertops,,2025 Cabinet Price List Supplier,,61,,each
Q014-48-1,Quartz vanity top Grey Quartz,"49""x22 3/4"",18mm thickness quartz with sink, 1 Faucet Hole, including 1 backsplash and 1 side splash.",Countertops,,2025 Cabinet Price List Supplier,,61,,each
Q014-48-3,Quartz vanity top Grey Quartz,"49""x22 3/4"",18mm thickness quartz with sink, 3Faucet Holes, including 1 backsplash and 1 side splash.",Countertops,,2025 Cabinet Price List Supplier,,61,,each
Q014-60D-1,Quartz vanity top Grey Quartz,"61""x22 3/4"",18mm thickness quartz with double sinks, 1 Faucet Hole, including 1 backsplash and 1 side splash.",Countertops,,2025 Cabinet Price List Supplier,,61,,each
Q014-60D-3,Quartz vanity top Grey Quartz,"61""x22 3/4"",18mm thickness quartz with double sinks, 3Faucet Holes, including 1 backsplash and 1 side splash.",Countertops,,2025 Cabinet Price List Supplier,,61,,each
Q014-60S-1,Quartz vanity top Grey Quartz,"61""x22 3/4"",18mm thickness quartz with single sink, 1 Faucet Hole, including 1 backsplash and 1 side splash.",Countertops,,2025 Cabinet Price List Supplier,,61,,each
Q014-60S-3,Quartz vanity top Grey Quartz,"61""x22 3/4"",18mm thickness quartz with single sink, 3Faucet Holes, including 1 backsplash and 1 side splash.",Countertops,,2025 Cabinet Price List Supplier,,61,,each
RD15,Roll Out Tray for B15,Roll Out Tray for B15,Cabinets,,2025 Cabinet Price List Supplier,89.53,61,,each
RD18,Roll Out Tray for B18,Roll Out Tray for B18,Cabinets,,2025 Cabinet Price List Supplier,94.07,61,,each
RD21,Roll Out Tray for B21,Roll Out Tray for B21,Cabinets,,2025 Cabinet Price List Supplier,99.87,61,,each
RD24,Roll Out Tray for B24,Roll Out Tray for B24,Cabinets,,2025 Cabinet Price List Supplier,106.93,61,,each
RD27,Roll Out Tray for B27,Roll Out Tray for B27,Cabinets,,2025 Cabinet Price List Supplier,112.33,61,,each
RD30,Roll Out Tray for B30,Roll Out Tray for B30,Cabinets,,2025 Cabinet Price List Supplier,117.73,61,,each
RD33,Roll Out Tray for B33,Roll Out Tray for B33,Cabinets,,2025 Cabinet Price List Supplier,121.20,61,,each
RD36,Roll Out Tray for B36,Roll Out Tray for B36,Cabinets,,2025 Cabinet Price List Supplier,128.27,61,,each
SE-30GR,"Sedona Glass Holder 30""W",Sedona Glass Holder,Cabinets,Sedona,2025 Cabinet Price List Supplier,57.93,61,,each
SE-30WR,"Sedona Wall Wine Rack Cabinet 30""W",Sedona Wall Wine Rack Cabinet,Cabinets,Sedona,2025 Cabinet Price List Supplier,226.47,61,,each
SE-36GR,"Sedona Glass Holder 36""W",Sedona Glass Holder,Cabinets,Sedona,2025 Cabinet Price List Supplier,78.67,61,,each
SE-36WR,"Sedona Wall Wine Rack Cabinet 36""W",Sedona Wall Wine Rack Cabinet,Cabinets,Sedona,2025 Cabinet Price List Supplier,274.67,61,,each
SE-ACM8-2,Sedona Crown Molding,Sedona Crown Molding,Cabinets,Sedona,2025 Cabinet Price List Supplier,154.00,61,,each
SE-B09,"Sedona Base Cabinet 9""W",Sedona Base Cabinet,Cabinets,Sedona,2025 Cabinet Price List Supplier,217.07,61,,each
SE-B12,"Sedona Base Cabinet 12""W",Sedona Base Cabinet,Cabinets,Sedona,2025 Cabinet Price List Supplier,285.00,61,,each
SE-B15,"Sedona Base Cabinet 15""W",Sedona Base Cabinet,Cabinets,Sedona,2025 Cabinet Price List Supplier,340.00,61,,each
SE-B18,"Sedona Base Cabinet 18""W",Sedona Base Cabinet,Cabinets,Sedona,2025 Cabinet Price List Supplier,397.67,61,,each
SE-B21,"Sedona Base Cabinet 21""W",Sedona Base Cabinet,Cabinets,Sedona,2025 Cabinet Price List Supplier,432.67,61,,each
SE-B24,"Sedona Base Cabinet 24""W",Sedona Base Cabinet,Cabinets,Sedona,2025 Cabinet Price List Supplier,477.53,61,,each
SE-B27,"Sedona Base Cabinet 27""W",Sedona Base Cabinet,Cabinets,Sedona,2025 Cabinet Price List Supplier,515.00,61,,each
SE-B30,"Sedona Base Cabinet 30""W",Sedona Base Cabinet,Cabinets,Sedona,2025 Cabinet Price List Supplier,605.13,61,,each
SE-B33,"Sedona Base Cabinet 33""W",Sedona Base Cabinet,Cabinets,Sedona,2025 Cabinet Price List Supplier,644.07,61,,each
SE-B36,"Sedona Base Cabinet 36""W",Sedona Base Cabinet,Cabinets,Sedona,2025 Cabinet Price List Supplier,682.87,61,,each
SE-BBC39,"Sedona Blind Corner Cabinet 39""W",Sedona Blind Corner Cabinet,Cabinets,Sedona,2025 Cabinet Price List Supplier,518.00,61,,each
SE-BBC42,"Sedona Blind Corner Cabinet 42""W",Sedona Blind Corner Cabinet,Cabinets,Sedona,2025 Cabinet Price List Supplier,679.93,61,,each
SE-BCB150,Sedona Chair Rail Molding,Sedona Chair Rail Molding,Cabinets,Sedona,2025 Cabinet Price List Supplier,31.20,61,,each
SE-BEC24,"Sedona Base End Angle 24""W",Sedona Base End Angle,Cabinets,Sedona,2025 Cabinet Price List Supplier,605.60,61,,each
SE-BES09,"Sedona Base End Shelf 9""W",Sedona Base End Shelf,Cabinets,Sedona,2025 Cabinet Price List Supplier,347.60,61,,each
SE-BLS33N,"Sedona Lazy Susan Cabinet with shelf only. No Trays. 33""W",Sedona Lazy Susan Cabinet with shelf only. No Trays.,Cabinets,Sedona,2025 Cabinet Price List Supplier,773.07,61,,each
SE-BLS36N,"Sedona Lazy Susan cabinet with shelf only. No Trays. 36""W",Sedona Lazy Susan cabinet with shelf only. No Trays.,Cabinets,Sedona,2025 Cabinet Price List Supplier,833.80,61,,each
SE-BM8,"Sedona Base Board Molding 4.5""","Sedona Base Board Molding 4.5""",Cabinets,Sedona,2025 Cabinet Price List Supplier,101.93,61,,each
SE-BMC30,"Sedona Base Microwave Cabinet 30""W",Sedona Base Microwave Cabinet,Cabinets,Sedona,2025 Cabinet Price List Supplier,580.00,61,,each
SE-BP3696,"Sedona Back Panel 36""x96""x1/4""","Sedona Back Panel 36""x96""x1/4""",Cabinets,Sedona,2025 Cabinet Price List Supplier,138.47,61,,each
SE-BP4896,"Sedona Back Panel 48""x96""x1/4""","Sedona Back Panel 48""x96""x1/4""",Cabinets,Sedona,2025 Cabinet Price List Supplier,183.00,61,,each
SE-BSR06,"Sedona Spice Rack Cabinet 6""W",Sedona Spice Rack Cabinet,Cabinets,Sedona,2025 Cabinet Price List Supplier,280.00,61,,each
SE-BSR09,"Sedona Spice Rack Cabinet 9""W",Sedona Spice Rack Cabinet,Cabinets,Sedona,2025 Cabinet Price List Supplier,293.33,61,,each
SE-BSR12,"Sedona Spice Rack Cabinet 12""W",Sedona Spice Rack Cabinet,Cabinets,Sedona,2025 Cabinet Price List Supplier,330.00,61,,each
SE-CCM8-1,Sedona Big Crown Molding,Sedona Big Crown Molding,Cabinets,Sedona,2025 Cabinet Price List Supplier,101.93,61,,each
SE-CCM8-2,Sedona Big Crown Molding,Sedona Big Crown Molding,Cabinets,Sedona,2025 Cabinet Price List Supplier,154.00,61,,each
SE-CORBEL-1,Sedona Corbel-1,Sedona Corbel-1,Cabinets,Sedona,2025 Cabinet Price List Supplier,216.93,61,,each
SE-CSB36,"Sedona Diagonal Corner Sink Base 36""W",Sedona Diagonal Corner Sink Base,Cabinets,Sedona,2025 Cabinet Price List Supplier,803.73,61,,each
SE-D1230W,"Sedona Wall Decorative Door 12""W x 30""H",Sedona Wall Decorative Door,Cabinets,Sedona,2025 Cabinet Price List Supplier,90.47,61,,each
SE-D1236W,"Sedona Wall Decorative Door 12""W x 36""H",Sedona Wall Decorative Door,Cabinets,Sedona,2025 Cabinet Price List Supplier,108.87,61,,each
SE-D1242W,"Sedona Wall Decorative Door 12""W x 42""H",Sedona Wall Decorative Door,Cabinets,Sedona,2025 Cabinet Price List Supplier,127.27,61,,each
SE-D1249W,"Sedona Wall Decorative Door for side of Pantry 12""W x 49""H",Sedona Wall Decorative Door for side of Pantry,Cabinets,Sedona,2025 Cabinet Price List Supplier,168.00,61,,each
SE-D2430B,"Sedona Base Decorative Door 24""W x 30""H",Sedona Base Decorative Door,Cabinets,Sedona,2025 Cabinet Price List Supplier,187.80,61,,each
SE-DB12-3,"Sedona Drawer Base Cabinet 3 drawers 12""W",Sedona Drawer Base Cabinet 3 drawers,Cabinets,Sedona,2025 Cabinet Price List Supplier,461.40,61,,each
SE-DB15-3,"Sedona Drawer Base Cabinet 3 drawers 15""W",Sedona Drawer Base Cabinet 3 drawers,Cabinets,Sedona,2025 Cabinet Price List Supplier,516.53,61,,each
SE-DB18-3,"Sedona Drawer Base Cabinet 3 drawers 18""W",Sedona Drawer Base Cabinet 3 drawers,Cabinets,Sedona,2025 Cabinet Price List Supplier,571.60,61,,each
SE-DB21-3,"Sedona Drawer Base Cabinet 3 drawers 21""W",Sedona Drawer Base Cabinet 3 drawers,Cabinets,Sedona,2025 Cabinet Price List Supplier,631.73,61,,each
SE-DB24-3,"Sedona Drawer Base Cabinet 3 drawers 24""W",Sedona Drawer Base Cabinet 3 drawers,Cabinets,Sedona,2025 Cabinet Price List Supplier,687.80,61,,each
SE-DB30-3,"Sedona Drawer Base Cabinet 3 drawers 30""W",Sedona Drawer Base Cabinet 3 drawers,Cabinets,Sedona,2025 Cabinet Price List Supplier,733.93,61,,each
SE-DB36-3,"Sedona Drawer Base Cabinet 3 drawers 36""W",Sedona Drawer Base Cabinet 3 drawers,Cabinets,Sedona,2025 Cabinet Price List Supplier,786.40,61,,each
SE-DMI,Sedona Dentil Insert,Sedona Dentil Insert,Cabinets,Sedona,2025 Cabinet Price List Supplier,14.67,61,,each
SE-DWR-3,Sedona Dish Washer Panel,Sedona Dish Washer Panel,Cabinets,Sedona,2025 Cabinet Price List Supplier,88.47,61,,each
SE-FA2421,"Sedona Vanity Sink Cabinet 24""W x 21""H",Sedona Vanity Sink Cabinet,Cabinets,Sedona,2025 Cabinet Price List Supplier,288.80,61,,each
SE-FA3021,"Sedona Vanity Sink Cabinet 30""W x 21""H",Sedona Vanity Sink Cabinet,Cabinets,Sedona,2025 Cabinet Price List Supplier,334.27,61,,each
SE-FA3021DL,"Sedona Vanity with Drawer on the Left 30""W x 21""H",Sedona Vanity with Drawer on the Left,Cabinets,Sedona,2025 Cabinet Price List Supplier,547.53,61,,each
SE-FA3021DR,"Sedona Vanity with Drawers on the right 30""W x 21""H",Sedona Vanity with Drawers on the right,Cabinets,Sedona,2025 Cabinet Price List Supplier,547.53,61,,each
SE-FA3621DL,"Sedona Vanity with Drawer on the left 36""W x 21""H",Sedona Vanity with Drawer on the left,Cabinets,Sedona,2025 Cabinet Price List Supplier,593.20,61,,each
SE-FA3621DR,"Sedona Vanity with drawer on the right 36""W x 21""H",Sedona Vanity with drawer on the right,Cabinets,Sedona,2025 Cabinet Price List Supplier,593.20,61,,each
SE-FB3X3,Sedona Rosette,Sedona Rosette,Cabinets,Sedona,2025 Cabinet Price List Supplier,10.53,61,,each
SE-FD30,"Sedona Knee Drawer 30""W",Sedona Knee Drawer,Cabinets,Sedona,2025 Cabinet Price List Supplier,131.47,61,,each
SE-FSB36,"Sedona Farm Sink Base Cabinet 36""W",Sedona Farm Sink Base Cabinet,Cabinets,Sedona,2025 Cabinet Price List Supplier,594.00,61,,each
SE-GD1230,"Sedona Mullion Door with Clear Glass 12""W x 30""H",Sedona Mullion Door with Clear Glass,Cabinets,Sedona,2025 Cabinet Price List Supplier,105.61,61,,each
SE-GD1236,"Sedona Mullion Door with Clear Glass 12""W x 36""H",Sedona Mullion Door with Clear Glass,Cabinets,Sedona,2025 Cabinet Price List Supplier,117.39,61,,each
SE-GD1242,"Sedona Mullion Door with Clear Glass 12""W x 42""H",Sedona Mullion Door with Clear Glass,Cabinets,Sedona,2025 Cabinet Price List Supplier,129.17,61,,each
SE-GD1530,"Sedona Mullion Door with Clear Glass 15""W x 30""H",Sedona Mullion Door with Clear Glass,Cabinets,Sedona,2025 Cabinet Price List Supplier,123.02,61,,each
SE-GD1536,"Sedona Mullion Door with Clear Glass 15""W x 36""H",Sedona Mullion Door with Clear Glass,Cabinets,Sedona,2025 Cabinet Price List Supplier,134.80,61,,each
SE-GD1542,"Sedona Mullion Door with Clear Glass 15""W x 42""H",Sedona Mullion Door with Clear Glass,Cabinets,Sedona,2025 Cabinet Price List Supplier,147.62,61,,each
SE-GD1830,"Sedona Mullion Door with Clear Glass 18""W x 30""H",Sedona Mullion Door with Clear Glass,Cabinets,Sedona,2025 Cabinet Price List Supplier,141.98,61,,each
SE-GD1836,"Sedona Mullion Door with Clear Glass 18""W x 36""H",Sedona Mullion Door with Clear Glass,Cabinets,Sedona,2025 Cabinet Price List Supplier,153.64,61,,each
SE-GD1842,"Sedona Mullion Door with Clear Glass 18""W x 42""H",Sedona Mullion Door with Clear Glass,Cabinets,Sedona,2025 Cabinet Price List Supplier,168.43,61,,each
SE-HC30,"Sedona Wood Hood Cover 30""W",Sedona Wood Hood Cover,Cabinets,Sedona,2025 Cabinet Price List Supplier,688.00,61,,each
SE-HC36,"Sedona Wood Hood Cover 36""W",Sedona Wood Hood Cover,Cabinets,Sedona,2025 Cabinet Price List Supplier,732.00,61,,each
SE-OC3384,"Sedona Wall Oven Cabinet 33""W x 84""H",Sedona Wall Oven Cabinet,Cabinets,Sedona,2025 Cabinet Price List Supplier,1127.80,61,,each
SE-OC3390,"Sedona Wall Oven Cabinet 33""W x 90""H",Sedona Wall Oven Cabinet,Cabinets,Sedona,2025 Cabinet Price List Supplier,1139.53,61,,each
SE-OC3396,"Sedona Wall Oven Cabinet 33""W x 96""H",Sedona Wall Oven Cabinet,Cabinets,Sedona,2025 Cabinet Price List Supplier,1282.60,61,,each
SE-OCM8,Sedona Outside Corner Molding,Sedona Outside Corner Molding,Cabinets,Sedona,2025 Cabinet Price List Supplier,22.00,61,,each
SE-OGM8,Sedona Ogee Molding 8',Sedona Ogee Molding 8',Cabinets,Sedona,2025 Cabinet Price List Supplier,78.53,61,,each
SE-PCVFF396,"Sedona Fluted Filler 8' 39""W",Sedona Fluted Filler 8',Cabinets,Sedona,2025 Cabinet Price List Supplier,77.87,61,,each
SE-QR8,Sedona Quarter Round 8',Sedona Quarter Round 8',Cabinets,Sedona,2025 Cabinet Price List Supplier,31.20,61,,each
SE-RMI,Sedona Rope Molding Insert,Sedona Rope Molding Insert,Cabinets,Sedona,2025 Cabinet Price List Supplier,14.67,61,,each
SE-RRP9624,"Sedona Refrigerator Panel 96x24x3"" return","Sedona Refrigerator Panel 96x24x3"" return",Cabinets,Sedona,2025 Cabinet Price List Supplier,187.00,61,,each
SE-SB24,"Sedona Sink Base Cabinet24""","Sedona Sink Base Cabinet24""",Cabinets,Sedona,2025 Cabinet Price List Supplier,337.67,61,,each
SE-SB27,"Sedona Sink Base 27""W",Sedona Sink Base,Cabinets,Sedona,2025 Cabinet Price List Supplier,376.87,61,,each
SE-SB30,"Sedona Sink Base 30""W",Sedona Sink Base,Cabinets,Sedona,2025 Cabinet Price List Supplier,421.87,61,,each
SE-SB33,"Sedona Sink Base 33""W",Sedona Sink Base,Cabinets,Sedona,2025 Cabinet Price List Supplier,500.33,61,,each
SE-SB36,"Sedona Sink Base 36""W",Sedona Sink Base,Cabinets,Sedona,2025 Cabinet Price List Supplier,534.73,61,,each
SE-SD,Sedona Sample Door,Sedona Sample Door,Cabinets,Sedona,2025 Cabinet Price List Supplier,40.00,61,,each
SE-SM8,Sedona Scribe Molding,Sedona Scribe Molding,Cabinets,Sedona,2025 Cabinet Price List Supplier,14.67,61,,each
SE-SPOOL-1,"Sedona Full Post 3""x3""","Sedona Full Post 3""x3""",Cabinets,Sedona,2025 Cabinet Price List Supplier,187.67,61,,each
SE-SS-30,Sedona Split Spool,Split Spool,Cabinets,Sedona,2025 Cabinet Price List Supplier,93.84,61,,each
SE-SVA12D-3,"Sedona Vanity Drawer Cabinet 12""W",Sedona Vanity Drawer Cabinet,Cabinets,Sedona,2025 Cabinet Price List Supplier,426.33,61,,each
SE-SVA15D-3,"Sedona Vanity Drawer Cabinet 15""W",Sedona Vanity Drawer Cabinet,Cabinets,Sedona,2025 Cabinet Price List Supplier,472.87,61,,each
SE-SVA18D-3,"Sedona Vanity Drawer Cabinet 18""W",Sedona Vanity Drawer Cabinet,Cabinets,Sedona,2025 Cabinet Price List Supplier,520.13,61,,each
SE-SVAM2430,"Sedona Mirror 24x30 24""W x 30""H",Sedona Mirror 24x30,Cabinets,Sedona,2025 Cabinet Price List Supplier,154.00,61,,each
SE-TK8,Sedona Toe kick 8',Sedona Toe kick 8',Cabinets,Sedona,2025 Cabinet Price List Supplier,18.00,61,,each
SE-TLR8-1,Sedona Light Rail Molding 8',Sedona Light Rail Molding 8',Cabinets,Sedona,2025 Cabinet Price List Supplier,71.33,61,,each
SE-TOUCH UP KIT,Sedona Touch Up Kit,Sedona Touch Up Kit,Cabinets,Sedona,2025 Cabinet Price List Supplier,39.56,61,,each
SE-UREP,"Sedona Universal Refrigerator Panel 30""x96""x3/4""","Sedona Universal Refrigerator Panel 30""x96""x3/4""",Cabinets,Sedona,2025 Cabinet Price List Supplier,286.00,61,,each
SE-V36,"Sedona Valance 36""W",Sedona Valance,Cabinets,Sedona,2025 Cabinet Price List Supplier,38.20,61,,each
SE-V42,"Sedona Valance 42""W",Sedona Valance,Cabinets,Sedona,2025 Cabinet Price List Supplier,45.13,61,,each
SE-V48,"Sedona Valance 48""W",Sedona Valance,Cabinets,Sedona,2025 Cabinet Price List Supplier,52.13,61,,each
SE-V60,"Sedona Valance 60""W",Sedona Valance,Cabinets,Sedona,2025 Cabinet Price List Supplier,67.33,61,,each
SE-VAL3612,"Sedona BIG VALANCE 36""W x 12""H",Sedona BIG VALANCE,Cabinets,Sedona,2025 Cabinet Price List Supplier,132.00,61,,each
SE-VAL4212,"Sedona BIG  VALANCE 42""W x 12""H",Sedona BIG VALANCE,Cabinets,Sedona,2025 Cabinet Price List Supplier,143.00,61,,each
SE-VAL4812,"Sedona BIG VALANCE 48""W x 12""H",Sedona BIG VALANCE,Cabinets,Sedona,2025 Cabinet Price List Supplier,198.00,61,,each
SE-W0930,"Sedona Wall Cabinet 9""W x 30""H",Sedona Wall Cabinet,Cabinets,Sedona,2025 Cabinet Price List Supplier,170.13,61,,each
SE-W0936,"Sedona Wall Cabinet 9""W x 36""H",Sedona Wall Cabinet,Cabinets,Sedona,2025 Cabinet Price List Supplier,195.20,61,,each
SE-W0942,"Sedona Wall Cabinet 9""W x 42""H",Sedona Wall Cabinet,Cabinets,Sedona,2025 Cabinet Price List Supplier,220.27,61,,each
SE-W1230,"Sedona Wall Cabinet 12""W x 30""H",Sedona Wall Cabinet,Cabinets,Sedona,2025 Cabinet Price List Supplier,197.87,61,,each
SE-W1236,"Sedona Wall Cabinet 12""W x 36""H",Sedona Wall Cabinet,Cabinets,Sedona,2025 Cabinet Price List Supplier,225.53,61,,each
SE-W1242,"Sedona Wall Cabinet 12""W x 42""H",Sedona Wall Cabinet,Cabinets,Sedona,2025 Cabinet Price List Supplier,255.20,61,,each
SE-W1530,"Sedona Wall Cabinet 15""W x 30""H",Sedona Wall Cabinet,Cabinets,Sedona,2025 Cabinet Price List Supplier,230.13,61,,each
SE-W1536,"Sedona Wall Cabinet 15""W x 36""H",Sedona Wall Cabinet,Cabinets,Sedona,2025 Cabinet Price List Supplier,261.07,61,,each
SE-W1542,"Sedona Wall Cabinet 15""W x 42""H",Sedona Wall Cabinet,Cabinets,Sedona,2025 Cabinet Price List Supplier,291.87,61,,each
SE-W1830,"Sedona Wall Cabinet 18""W x 30""H",Sedona Wall Cabinet,Cabinets,Sedona,2025 Cabinet Price List Supplier,264.53,61,,each
SE-W1836,"Sedona Wall Cabinet 18""W x 36""H",Sedona Wall Cabinet,Cabinets,Sedona,2025 Cabinet Price List Supplier,295.47,61,,each
SE-W1842,"Sedona Wall Cabinet 18""W x 42""H",Sedona Wall Cabinet,Cabinets,Sedona,2025 Cabinet Price List Supplier,326.53,61,,each
SE-W2130,"Sedona Wall Cabinet 21""W x 30""H",Sedona Wall Cabinet,Cabinets,Sedona,2025 Cabinet Price List Supplier,296.27,61,,each
SE-W2136,"Sedona Wall Cabinet 21""W x 36""H",Sedona Wall Cabinet,Cabinets,Sedona,2025 Cabinet Price List Supplier,330.20,61,,each
SE-W2142,"Sedona Wall Cabinet 21""W x 42""H",Sedona Wall Cabinet,Cabinets,Sedona,2025 Cabinet Price List Supplier,364.13,61,,each
SE-W2412,"Sedona Wall Cabinet 24""W x 12""H",Sedona Wall Cabinet,Cabinets,Sedona,2025 Cabinet Price List Supplier,205.00,61,,each
SE-W2415,"Sedona Wall Cabinet 24""W x 15""H",Sedona Wall Cabinet,Cabinets,Sedona,2025 Cabinet Price List Supplier,224.00,61,,each
SE-W2418,"Sedona Wall Cabinet 24""W x 18""H",Sedona Wall Cabinet,Cabinets,Sedona,2025 Cabinet Price List Supplier,243.00,61,,each
SE-W2424,"Sedona Wall Cabinet 24""W x 24""H",Sedona Wall Cabinet,Cabinets,Sedona,2025 Cabinet Price List Supplier,313.50,61,,each
SE-W2430,"Sedona Wall Cabinet 24""W x 30""H",Sedona Wall Cabinet,Cabinets,Sedona,2025 Cabinet Price List Supplier,338.40,61,,each
SE-W2436,"Sedona Wall Cabinet 24""W x 36""H",Sedona Wall Cabinet,Cabinets,Sedona,2025 Cabinet Price List Supplier,376.53,61,,each
SE-W2442,"Sedona Wall Cabinet 24""W x 42""H",Sedona Wall Cabinet,Cabinets,Sedona,2025 Cabinet Price List Supplier,406.80,61,,each
SE-W2730,"Sedona Wall Cabinet 27""W x 30""H",Sedona Wall Cabinet,Cabinets,Sedona,2025 Cabinet Price List Supplier,369.87,61,,each
SE-W2736,"Sedona Wall Cabinet 27""W x 36""H",Sedona Wall Cabinet,Cabinets,Sedona,2025 Cabinet Price List Supplier,388.73,61,,each
SE-W2742,"Sedona Wall Cabinet 27""W x 42""H",Sedona Wall Cabinet,Cabinets,Sedona,2025 Cabinet Price List Supplier,407.47,61,,each
SE-W3012,"Sedona Wall Cabinet 30""W x 12""H",Sedona Wall Cabinet,Cabinets,Sedona,2025 Cabinet Price List Supplier,202.40,61,,each
SE-W301224,"Sedona Refrigerator Cabinet 30""W x 12""H x 24""D",Sedona Refrigerator Cabinet,Cabinets,Sedona,2025 Cabinet Price List Supplier,280.67,61,,each
SE-W3015,"Sedona Wall Cabinet 30""W x 15""H",Sedona Wall Cabinet,Cabinets,Sedona,2025 Cabinet Price List Supplier,223.93,61,,each
SE-W301524,"Sedona Refrigerator Cabinet 30""W x 15""H x 24""D",Sedona Refrigerator Cabinet,Cabinets,Sedona,2025 Cabinet Price List Supplier,314.00,61,,each
SE-W3018,"Sedona Wall Cabinet 30""W x 18""H",Sedona Wall Cabinet,Cabinets,Sedona,2025 Cabinet Price List Supplier,239.87,61,,each
SE-W301824,"Sedona Refrigerator Cabinet 30""W x 18""H x 24""D",Sedona Refrigerator Cabinet,Cabinets,Sedona,2025 Cabinet Price List Supplier,345.20,61,,each
SE-W3021,"Sedona Wall Cabinet 30""W x 21""H",Sedona Wall Cabinet,Cabinets,Sedona,2025 Cabinet Price List Supplier,288.00,61,,each
SE-W302124,"Sedona Refrigerator Cabinet 30""W x 21""H x 24""D",Sedona Refrigerator Cabinet,Cabinets,Sedona,2025 Cabinet Price List Supplier,425.00,61,,each
SE-W3024,"Sedona Wall Cabinet 30""W x 24""H",Sedona Wall Cabinet,Cabinets,Sedona,2025 Cabinet Price List Supplier,337.60,61,,each
SE-W302424,"Sedona Refrigerator Cabinet 30""W x 24""H x 24""D",Sedona Refrigerator Cabinet,Cabinets,Sedona,2025 Cabinet Price List Supplier,455.13,61,,each
SE-W3030,"Sedona Wall Cabinet 30""W x 30""H",Sedona Wall Cabinet,Cabinets,Sedona,2025 Cabinet Price List Supplier,401.13,61,,each
SE-W3036,"Sedona Wall Cabinet 30""W x 36""H",Sedona Wall Cabinet,Cabinets,Sedona,2025 Cabinet Price List Supplier,445.33,61,,each
SE-W3042,"Sedona Wall Cabinet 30""W x 42""H",Sedona Wall Cabinet,Cabinets,Sedona,2025 Cabinet Price List Supplier,489.40,61,,each
SE-W3312,"Sedona Wall Cabinet 33""W x 12""H",Sedona Wall Cabinet,Cabinets,Sedona,2025 Cabinet Price List Supplier,230.87,61,,each
SE-W331224,"Sedona Refrigerator Cabinet 33""W x 12""H x 24""D",Sedona Refrigerator Cabinet,Cabinets,Sedona,2025 Cabinet Price List Supplier,289.67,61,,each
SE-W3315,"Sedona Wall Cabinet 33""W x 15""H",Sedona Wall Cabinet,Cabinets,Sedona,2025 Cabinet Price List Supplier,243.00,61,,each
SE-W331524,"Sedona Refrigerator Cabinet 33""W x 15""H x 24""D",Sedona Refrigerator Cabinet,Cabinets,Sedona,2025 Cabinet Price List Supplier,323.00,61,,each
SE-W3318,"Sedona Wall Cabinet 33""W x 18""H",Sedona Wall Cabinet,Cabinets,Sedona,2025 Cabinet Price List Supplier,256.20,61,,each
SE-W331824,"Sedona Refrigerator Cabinet 33""W x 18""H x 24""D",Sedona Refrigerator Cabinet,Cabinets,Sedona,2025 Cabinet Price List Supplier,354.20,61,,each
SE-W332124,"Sedona Refrigerator Cabinet 33""W x 21""H x 24""D",Sedona Refrigerator Cabinet,Cabinets,Sedona,2025 Cabinet Price List Supplier,450.00,61,,each
SE-W3324,"Sedona Wall Cabinet 33""W x 24""H",Sedona Wall Cabinet,Cabinets,Sedona,2025 Cabinet Price List Supplier,353.47,61,,each
SE-W332424,"Sedona Refrigerator Cabinet 33""W x 24""H x 24""D",Sedona Refrigerator Cabinet,Cabinets,Sedona,2025 Cabinet Price List Supplier,464.13,61,,each
SE-W3330,"Sedona Wall Cabinet 33""W x 30""H",Sedona Wall Cabinet,Cabinets,Sedona,2025 Cabinet Price List Supplier,423.87,61,,each
SE-W3336,"Sedona Wall Cabinet 33""W x 36""H",Sedona Wall Cabinet,Cabinets,Sedona,2025 Cabinet Price List Supplier,480.00,61,,each
SE-W3342,"Sedona Wall Cabinet 33""W x 42""H",Sedona Wall Cabinet,Cabinets,Sedona,2025 Cabinet Price List Supplier,551.07,61,,each
SE-W3612,"Sedona Wall Cabinet 36""W x 12""H",Sedona Wall Cabinet,Cabinets,Sedona,2025 Cabinet Price List Supplier,220.73,61,,each
SE-W361224,"Sedona Refrigerator Cabinet 36""W x 12""H x 24""D",Sedona Refrigerator Cabinet,Cabinets,Sedona,2025 Cabinet Price List Supplier,298.67,61,,each
SE-W3615,"Sedona Wall Cabinet 36""W x 15""H",Sedona Wall Cabinet,Cabinets,Sedona,2025 Cabinet Price List Supplier,257.53,61,,each
SE-W361524,"Sedona Refrigerator Cabinet 36""W x 15""H x 24""D",Sedona Refrigerator Cabinet,Cabinets,Sedona,2025 Cabinet Price List Supplier,332.00,61,,each
SE-W3618,"Sedona Wall Cabinet 36""W x 18""H",Sedona Wall Cabinet,Cabinets,Sedona,2025 Cabinet Price List Supplier,288.07,61,,each
SE-W361824,"Sedona Refrigerator Cabinet 36""W x 18""H x 24""D",Sedona Refrigerator Cabinet,Cabinets,Sedona,2025 Cabinet Price List Supplier,363.20,61,,each
SE-W3621,"Sedona Wall Cabinet 36""W x 21""H",Sedona Wall Cabinet,Cabinets,Sedona,2025 Cabinet Price List Supplier,328.00,61,,each
SE-W3621-24,"Sedona Refrigerator Cabinet 36""W x 21""H",Sedona Refrigerator Cabinet,Cabinets,Sedona,2025 Cabinet Price List Supplier,464.00,61,,each
SE-W3624,"Sedona Wall cabinet 36""W x 24""H",Sedona Wall cabinet,Cabinets,Sedona,2025 Cabinet Price List Supplier,371.27,61,,each
SE-W362424,"Sedona Refrigerator Cabinet 36""W x 24""H x 24""D",Sedona Refrigerator Cabinet,Cabinets,Sedona,2025 Cabinet Price List Supplier,473.13,61,,each
SE-W3630,"Sedona Wall Cabinet 36""W x 30""H",Sedona Wall Cabinet,Cabinets,Sedona,2025 Cabinet Price List Supplier,454.27,61,,each
SE-W3636,"Sedona Wall Cabinet 36""W x 36""H",Sedona Wall Cabinet,Cabinets,Sedona,2025 Cabinet Price List Supplier,514.33,61,,each
SE-W3642,"Sedona Wall Cabinet 36""W x 42""H",Sedona Wall Cabinet,Cabinets,Sedona,2025 Cabinet Price List Supplier,588.73,61,,each
SE-WCD3015,"Sedona Plate Rack Cabinet 30""W x 15""H",Sedona Plate Rack Cabinet,Cabinets,Sedona,2025 Cabinet Price List Supplier,236.80,61,,each
SE-WDC2430,"Sedona Wall Diagonal Cabinet 24""W x 30""H",Sedona Wall Diagonal Cabinet,Cabinets,Sedona,2025 Cabinet Price List Supplier,417.07,61,,each
SE-WDC2436,"Sedona Wall Diagonal Cabinet 24""W x 36""H",Sedona Wall Diagonal Cabinet,Cabinets,Sedona,2025 Cabinet Price List Supplier,466.87,61,,each
SE-WDC2442,"Sedona Wall Diagonal Cabinet 24""W x 42""H",Sedona Wall Diagonal Cabinet,Cabinets,Sedona,2025 Cabinet Price List Supplier,512.87,61,,each
SE-WDC273615,"Sedona Wall Diagonal Cabinet 27""W x 36""H x 15""D",Sedona Wall Diagonal Cabinet,Cabinets,Sedona,2025 Cabinet Price List Supplier,549.67,61,,each
SE-WDC274215,"Sedona Wall Diagonal Cabinet 27""W x 42""H x 15""D",Sedona Wall Diagonal Cabinet,Cabinets,Sedona,2025 Cabinet Price List Supplier,597.93,61,,each
SE-WEC1230,"Sedona Wall End Angle Cabinet 12""W x 30""H",Sedona Wall End Angle Cabinet,Cabinets,Sedona,2025 Cabinet Price List Supplier,233.87,61,,each
SE-WEC1236,"Sedona Wall End Angle Cabinet 12""W x 36""H",Sedona Wall End Angle Cabinet,Cabinets,Sedona,2025 Cabinet Price List Supplier,263.93,61,,each
SE-WEC1242,"Sedona Angled Wall Cabinet 12""W x 42""H",Sedona Angled Wall Cabinet,Cabinets,Sedona,2025 Cabinet Price List Supplier,290.73,61,,each
SE-WES0930,"Sedona Wall End Shelf Cabinet 9""W x 30""H",Sedona Wall End Shelf Cabinet,Cabinets,Sedona,2025 Cabinet Price List Supplier,161.73,61,,each
SE-WES0936,"Sedona Wall End Shelf Cabinet 9""W x 36""H",Sedona Wall End Shelf Cabinet,Cabinets,Sedona,2025 Cabinet Price List Supplier,191.60,61,,each
SE-WES0942,"Sedona Wall End Shelf Cabinet 9""W x 42""H",Sedona Wall End Shelf Cabinet,Cabinets,Sedona,2025 Cabinet Price List Supplier,225.00,61,,each
SE-WF1.5X96,"Sedona Wall Filler 1.5"" x96""","Sedona Wall Filler 1.5"" x96""",Cabinets,Sedona,2025 Cabinet Price List Supplier,64.00,61,,each
SE-WF330,"Sedona Wall Filler 3""x30""","Sedona Wall Filler 3""x30""",Cabinets,Sedona,2025 Cabinet Price List Supplier,25.00,61,,each
SE-WF336,"Sedona Wall Filler 3x36""","Sedona Wall Filler 3x36""",Cabinets,Sedona,2025 Cabinet Price List Supplier,29.67,61,,each
SE-WF342,"Sedona Wall Filler 3""W x 42""H",Sedona Wall Filler,Cabinets,Sedona,2025 Cabinet Price List Supplier,34.60,61,,each
SE-WF396,"Sedona 3X96 Long Filler 3""W x 96""H",Sedona 3X96 Long Filler,Cabinets,Sedona,2025 Cabinet Price List Supplier,71.27,61,,each
SE-WF630,"Sedona Wall Filler 6""W x 30""H",Sedona Wall Filler,Cabinets,Sedona,2025 Cabinet Price List Supplier,49.20,61,,each
SE-WF636,"Sedona Wall Filler 6""x36""","Sedona Wall Filler 6""x36""",Cabinets,Sedona,2025 Cabinet Price List Supplier,56.00,61,,each
SE-WF642,"Sedona Wall Filler 6""W x 42""H",Sedona Wall Filler,Cabinets,Sedona,2025 Cabinet Price List Supplier,62.93,61,,each
SE-WF696,"Sedona Long Filler 6""x96""","Sedona Long Filler 6""x96""",Cabinets,Sedona,2025 Cabinet Price List Supplier,137.93,61,,each
SE-WLS2430,"Sedona Wall Corner Bi-Fold Door Cabinet 24""W x 30""H",Sedona Wall Corner Bi-Fold Door Cabinet,Cabinets,Sedona,2025 Cabinet Price List Supplier,415.00,61,,each
SE-WLS2436,"Sedona Wall Corner Bi-Fold Door Cabinet 24""W x 36""H",Sedona Wall Corner Bi-Fold Door Cabinet,Cabinets,Sedona,2025 Cabinet Price List Supplier,465.00,61,,each
SE-WLS2442,"Sedona Wall Corner Bi-Fold Door Cabinet 24""W x 42""H",Sedona Wall Corner Bi-Fold Door Cabinet,Cabinets,Sedona,2025 Cabinet Price List Supplier,510.00,61,,each
SE-WMC3030,"Sedona Microwave Cabinet 30""W x 30""H",Sedona Microwave Cabinet,Cabinets,Sedona,2025 Cabinet Price List Supplier,464.00,61,,each
SE-WMC3036,"Sedona Microwave Cabinet 30""W x 36""H",Sedona Microwave Cabinet,Cabinets,Sedona,2025 Cabinet Price List Supplier,482.93,61,,each
SE-WMC3042,"Sedona Microwave Cabinet 30""W x 42""H",Sedona Microwave Cabinet,Cabinets,Sedona,2025 Cabinet Price List Supplier,509.87,61,,each
SE-WP1884,"Sedona Tall Pantry 18""W x 84""H",Sedona Tall Pantry,Cabinets,Sedona,2025 Cabinet Price List Supplier,814.40,61,,each
SE-WP1890,"Sedona Tall Pantry 18""W x 90""H",Sedona Tall Pantry,Cabinets,Sedona,2025 Cabinet Price List Supplier,867.20,61,,each
SE-WP1896,"Sedona Tall Pantry 18""W x 96""H",Sedona Tall Pantry,Cabinets,Sedona,2025 Cabinet Price List Supplier,920.13,61,,each
SE-WP2484,"Sedona Tall Pantry 24""W x 84""H",Sedona Tall Pantry,Cabinets,Sedona,2025 Cabinet Price List Supplier,884.60,61,,each
SE-WP2490,"Sedona Tall Pantry 24""W x 90""H",Sedona Tall Pantry,Cabinets,Sedona,2025 Cabinet Price List Supplier,923.47,61,,each
SE-WP2496,"Sedona Tall Pantry 24""W x 96""H",Sedona Tall Pantry,Cabinets,Sedona,2025 Cabinet Price List Supplier,988.93,61,,each
SE-WP3084,"Sedona Tall Pantry 30""W x 84""H",Sedona Tall Pantry,Cabinets,Sedona,2025 Cabinet Price List Supplier,908.00,61,,each
SE-WP3090,"Sedona Tall Pantry 30""W x 90""H",Sedona Tall Pantry,Cabinets,Sedona,2025 Cabinet Price List Supplier,961.00,61,,each
SE-WP3096,"Sedona Tall Pantry 30""W x 96""H",Sedona Tall Pantry,Cabinets,Sedona,2025 Cabinet Price List Supplier,1012.00,61,,each
SG-30GR,"Sterling Glass Holder 30""W",Sterling Glass Holder,Cabinets,Sterling,2025 Cabinet Price List Supplier,55.03,61,,each
SG-30WR,"Sterling Wall Wine Rack Cabinet 30""W",Sterling Wall Wine Rack Cabinet,Cabinets,Sterling,2025 Cabinet Price List Supplier,215.15,61,,each
SG-36GR,"Sterling Glass Holder 36""W",Sterling Glass Holder,Cabinets,Sterling,2025 Cabinet Price List Supplier,74.74,61,,each
SG-36WR,"Sterling Wall Wine Rack Cabinet 36""W",Sterling Wall Wine Rack Cabinet,Cabinets,Sterling,2025 Cabinet Price List Supplier,260.94,61,,each
SG-ACM8-C,"Sterling Crown Molding 3"" Curved Staggered","Sterling Crown Molding 3"" Curved Staggered",Cabinets,Sterling,2025 Cabinet Price List Supplier,149.40,61,,each
SG-ACM8-S,"Sterling Crown Molding 3"" Straight Staggered","Sterling Crown Molding 3"" Straight Staggered",Cabinets,Sterling,2025 Cabinet Price List Supplier,149.40,61,,each
SG-B09,"Sterling Base Cabinet 9""W",Sterling Base Cabinet,Cabinets,Sterling,2025 Cabinet Price List Supplier,206.22,61,,each
SG-B12,"Sterling Base Cabinet 12""W",Sterling Base Cabinet,Cabinets,Sterling,2025 Cabinet Price List Supplier,270.75,61,,each
SG-B15,"Sterling Base Cabinet 15""W",Sterling Base Cabinet,Cabinets,Sterling,2025 Cabinet Price List Supplier,323.00,61,,each
SG-B18,"Sterling Base Cabinet 18""W",Sterling Base Cabinet,Cabinets,Sterling,2025 Cabinet Price List Supplier,377.78,61,,each
SG-B21,"Sterling Base Cabinet 21""W",Sterling Base Cabinet,Cabinets,Sterling,2025 Cabinet Price List Supplier,411.03,61,,each
SG-B24,"Sterling Base Cabinet 24""W",Sterling Base Cabinet,Cabinets,Sterling,2025 Cabinet Price List Supplier,453.66,61,,each
SG-B27,"Sterling Base Cabinet 27""W",Sterling Base Cabinet,Cabinets,Sterling,2025 Cabinet Price List Supplier,489.25,61,,each
SG-B30,"Sterling Base Cabinet 30""W",Sterling Base Cabinet,Cabinets,Sterling,2025 Cabinet Price List Supplier,574.88,61,,each
SG-B33,"Sterling Base Cabinet 33""W",Sterling Base Cabinet,Cabinets,Sterling,2025 Cabinet Price List Supplier,611.86,61,,each
SG-B36,"Sterling Base Cabinet 36""W",Sterling Base Cabinet,Cabinets,Sterling,2025 Cabinet Price List Supplier,648.72,61,,each
SG-BBC39,"Sterling Blind Corner Cabinet 39""W",Sterling Blind Corner Cabinet,Cabinets,Sterling,2025 Cabinet Price List Supplier,492.10,61,,each
SG-BBC42,"Sterling Blind Corner Cabinet 42""W",Sterling Blind Corner Cabinet,Cabinets,Sterling,2025 Cabinet Price List Supplier,645.94,61,,each
SG-BCB150,Sterling Chair Rail Molding,Sterling Chair Rail Molding,Cabinets,Sterling,2025 Cabinet Price List Supplier,30.27,61,,each
SG-BEC24,"Sterling Base End Angle 24""W",Sterling Base End Angle,Cabinets,Sterling,2025 Cabinet Price List Supplier,575.32,61,,each
SG-BES09,"Sterling Base End Curved 9""W",Sterling Base End Curved,Cabinets,Sterling,2025 Cabinet Price List Supplier,330.22,61,,each
SG-BFH09,"Sterling BASE FULL HEIGHT DOOR CABINET 9""W",STERLING BASE FULL HEIGHT DOOR CABINET,Cabinets,Sterling,2025 Cabinet Price List Supplier,180.00,61,,each
SG-BLS33N,"Sterling Lazy Susan cabinet with shelf only. No Trays. 33""W",Sterling Lazy Susan cabinet with shelf only. No Trays.,Cabinets,Sterling,2025 Cabinet Price List Supplier,727.66,61,,each
SG-BLS36N,"Sterling Lazy Susan cabinet with shelf only. No Trays. 36""W",Sterling Lazy Susan cabinet with shelf only. No Trays.,Cabinets,Sterling,2025 Cabinet Price List Supplier,785.36,61,,each
SG-BM8,"Sterling Base Molding 96""","Sterling Base Molding 96""",Cabinets,Sterling,2025 Cabinet Price List Supplier,96.84,61,,each
SG-BMC30,"Sterling Base Microwave Cabinet 30""W",Sterling Base Microwave Cabinet,Cabinets,Sterling,2025 Cabinet Price List Supplier,535.00,61,,each
SG-BP3696,"Sterling Back Panel 36""x96""x1/4""","Sterling Back Panel 36""x96""x1/4""",Cabinets,Sterling,2025 Cabinet Price List Supplier,131.55,61,,each
SG-BP4896,"Sterling Back Panel 48""x96""x1/4""","Sterling Back Panel 48""x96""x1/4""",Cabinets,Sterling,2025 Cabinet Price List Supplier,178.00,61,,each
SG-BSR06,"Sterling Spice Rack Cabinet 6""W",Sterling Spice Rack Cabinet,Cabinets,Sterling,2025 Cabinet Price List Supplier,266.00,61,,each
SG-BSR09,"Sterling Spice Rack Cabinet 9""W",Sterling Spice Rack Cabinet,Cabinets,Sterling,2025 Cabinet Price List Supplier,278.67,61,,each
SG-BSR12,"Sterling Spice Rack Cabinet 12""W",Sterling Spice Rack Cabinet,Cabinets,Sterling,2025 Cabinet Price List Supplier,300.00,61,,each
SG-CM8-C,Sterling Curved  Crown Molding,Sterling Curved Crown Molding,Cabinets,Sterling,2025 Cabinet Price List Supplier,96.20,61,,each
SG-CORBEL-2,Sterling Corbel-2,Sterling Corbel-2,Cabinets,Sterling,2025 Cabinet Price List Supplier,216.93,61,,each
SG-CSB36,"Sterling Diagonal Corner Sink Base 36""W",Sterling Diagonal Corner Sink Base,Cabinets,Sterling,2025 Cabinet Price List Supplier,763.55,61,,each
SG-D1212W,"Sterling Wall Decorative Door 12""W x 12""H",Sterling Wall Decorative Door,Cabinets,Sterling,2025 Cabinet Price List Supplier,92.97,61,,each
SG-D1215W,"Sterling Wall Decorative Door 12""W x 15""H",Sterling Wall Decorative Door,Cabinets,Sterling,2025 Cabinet Price List Supplier,99.35,61,,each
SG-D1230W,"Sterling Wall Decorative Door 12""W x 30""H",Sterling Wall Decorative Door,Cabinets,Sterling,2025 Cabinet Price List Supplier,85.95,61,,each
SG-D1236W,"Sterling Wall Decorative Door 12""W x 36""H",Sterling Wall Decorative Door,Cabinets,Sterling,2025 Cabinet Price List Supplier,103.43,61,,each
SG-D1242W,"Sterling Wall Decorative Door 12""W x 42""H",Sterling Wall Decorative Door,Cabinets,Sterling,2025 Cabinet Price List Supplier,120.91,61,,each
SG-D1249W,"Sterling Wall Decorative Door 12""W x 49""H",Sterling Wall Decorative Door,Cabinets,Sterling,2025 Cabinet Price List Supplier,168.00,61,,each
SG-D2430B,"Sterling Base Decorative Door 24""W x 30""H",Sterling Base Decorative Door,Cabinets,Sterling,2025 Cabinet Price List Supplier,178.41,61,,each
SG-DB12-3,"Sterling Drawer Base Cabinet 12""W",Sterling Drawer Base Cabinet,Cabinets,Sterling,2025 Cabinet Price List Supplier,438.33,61,,each
SG-DB15-3,"Sterling Drawer Base Cabinet 15""W",Sterling Drawer Base Cabinet,Cabinets,Sterling,2025 Cabinet Price List Supplier,490.71,61,,each
SG-DB18-3,"Sterling Drawer Base Cabinet 18""W",Sterling Drawer Base Cabinet,Cabinets,Sterling,2025 Cabinet Price List Supplier,543.02,61,,each
SG-DB21-3,"Sterling Drawer Base Cabinet 21""W",Sterling Drawer Base Cabinet,Cabinets,Sterling,2025 Cabinet Price List Supplier,600.15,61,,each
SG-DB24-3,"Sterling Drawer Base Cabinet 24""W",Sterling Drawer Base Cabinet,Cabinets,Sterling,2025 Cabinet Price List Supplier,653.41,61,,each
SG-DB30-3,"Sterling Drawer Base Cabinet 30""W",Sterling Drawer Base Cabinet,Cabinets,Sterling,2025 Cabinet Price List Supplier,697.24,61,,each
SG-DB36-3,"Sterling Drawer Base Cabinet 36""W",Sterling Drawer Base Cabinet,Cabinets,Sterling,2025 Cabinet Price List Supplier,747.08,61,,each
SG-DWR-3,Sterling Dish Washer Panel,Sterling Dish Washer Panel,Cabinets,Sterling,2025 Cabinet Price List Supplier,84.05,61,,each
SG-FA2421,"Sterling Vanity Sink Cabinet 24""W x 21""H",Sterling Vanity Sink Cabinet,Cabinets,Sterling,2025 Cabinet Price List Supplier,274.36,61,,each
SG-FA3021,"Sterling Vanity Sink Cabinet 30""W x 21""H",Sterling Vanity Sink Cabinet,Cabinets,Sterling,2025 Cabinet Price List Supplier,317.56,61,,each
SG-FA3021DL,"Sterling Vanity with 2 drawers, Drawers on the Left 30""W x 21""H","Sterling Vanity with 2 drawers, Drawers on the Left",Cabinets,Sterling,2025 Cabinet Price List Supplier,520.15,61,,each
SG-FA3021DR,"Sterling Vanity with 2 drawers, Drawers on the right 30""W x 21""H","Sterling Vanity with 2 drawers, Drawers on the right",Cabinets,Sterling,2025 Cabinet Price List Supplier,520.15,61,,each
SG-FA3621DL,"Sterling Vanity with 2 drawers, Drawers on the left 36""W x 21""H","Sterling Vanity with 2 drawers, Drawers on the left",Cabinets,Sterling,2025 Cabinet Price List Supplier,563.54,61,,each
SG-FA3621DR,"Sterling Vanity with 2 drawers, drawers on the right 36""W x 21""H","Sterling Vanity with 2 drawers, drawers on the right",Cabinets,Sterling,2025 Cabinet Price List Supplier,563.54,61,,each
SG-FB3X3,Sterling Rossette,Sterling Rossette,Cabinets,Sterling,2025 Cabinet Price List Supplier,10.00,61,,each
SG-FD30,"Sterling Knee Drawr Cabinet 30""W",Sterling Knee Drawr Cabinet,Cabinets,Sterling,2025 Cabinet Price List Supplier,124.89,61,,each
SG-FSB30,"Sterling FARM SINK BASE 30""W",STERLING FARM SINK BASE,Cabinets,Sterling,2025 Cabinet Price List Supplier,520.00,61,,each
SG-FSB36,"Sterling Farm Sink Base Cabinet 36""W",Sterling Farm Sink Base Cabinet,Cabinets,Sterling,2025 Cabinet Price List Supplier,550.00,61,,each
SG-GD1212,"Sterling Clear Glass and Frame 12""W x 12""H",Sterling Clear Glass and Frame,Cabinets,Sterling,2025 Cabinet Price List Supplier,82.82,61,,each
SG-GD1215,"Sterling Clear Glass and Frame 12""W x 15""H",Sterling Clear Glass and Frame,Cabinets,Sterling,2025 Cabinet Price List Supplier,85.16,61,,each
SG-GD1230,"Sterling Frosted Glass and Frame 12""W x 30""H",Sterling Frosted Glass and Frame,Cabinets,Sterling,2025 Cabinet Price List Supplier,100.33,61,,each
SG-GD1236,"Sterling Frosted Glass and Frame 12""W x 36""H",Sterling Frosted Glass and Frame,Cabinets,Sterling,2025 Cabinet Price List Supplier,111.52,61,,each
SG-GD1242,"Sterling Frosted Glass and Frame 12""W x 42""H",Sterling Frosted Glass and Frame,Cabinets,Sterling,2025 Cabinet Price List Supplier,122.71,61,,each
SG-GD1512,"Sterling Clear Glass and Frame 15""W x 12""H",Sterling Clear Glass and Frame,Cabinets,Sterling,2025 Cabinet Price List Supplier,96.23,61,,each
SG-GD1515,"Sterling Clear Glass and Frame 15""W x 15""H",Sterling Clear Glass and Frame,Cabinets,Sterling,2025 Cabinet Price List Supplier,98.65,61,,each
SG-GD1530,"Sterling Frosted Glass and Frame 15""W x 30""H",Sterling Frosted Glass and Frame,Cabinets,Sterling,2025 Cabinet Price List Supplier,116.88,61,,each
SG-GD1536,"Sterling Frosted Glass and Frame 15""W x 36""H",Sterling Frosted Glass and Frame,Cabinets,Sterling,2025 Cabinet Price List Supplier,128.07,61,,each
SG-GD1542,"Sterling Frosted Glass and Frame 15""W x 42""H",Sterling Frosted Glass and Frame,Cabinets,Sterling,2025 Cabinet Price List Supplier,140.24,61,,each
SG-GD1812,"Sterling Clear Glass and Frame 18""W x 12""H",Sterling Clear Glass and Frame,Cabinets,Sterling,2025 Cabinet Price List Supplier,109.65,61,,each
SG-GD1815,"Sterling Clear Glass and Frame 18""W x 15""H",Sterling Clear Glass and Frame,Cabinets,Sterling,2025 Cabinet Price List Supplier,112.13,61,,each
SG-GD1830,"Sterling Frosted Glass and Frame 18""W x 30""H",Sterling Frosted Glass and Frame,Cabinets,Sterling,2025 Cabinet Price List Supplier,134.88,61,,each
SG-GD1836,"Sterling Frosted Glass and Frame 18""W x 36""H",Sterling Frosted Glass and Frame,Cabinets,Sterling,2025 Cabinet Price List Supplier,145.97,61,,each
SG-GD1842,"Sterling Frosted Glass and Frame 18""W x 42""H",Sterling Frosted Glass and Frame,Cabinets,Sterling,2025 Cabinet Price List Supplier,160.00,61,,each
SG-GD2112,"Sterling Clear Glass and Frame 21""W x 12""H",Sterling Clear Glass and Frame,Cabinets,Sterling,2025 Cabinet Price List Supplier,123.06,61,,each
SG-GD2115,"Sterling Clear Glass and Frame 21""W x 15""H",Sterling Clear Glass and Frame,Cabinets,Sterling,2025 Cabinet Price List Supplier,131.29,61,,each
SG-GD2412,"Sterling Clear Glass and Frame ***This is 1 Set, 2 Doors*** 24""W x 12""H","Sterling Clear Glass and Frame ***This is 1 Set, 2 Doors***",Cabinets,Sterling,2025 Cabinet Price List Supplier,136.47,61,,each
SG-GD2415,"Sterling Clear Glass and Frame ***This is 1 Set, 2 Doors*** 24""W x 15""H","Sterling Clear Glass and Frame ***This is 1 Set, 2 Doors***",Cabinets,Sterling,2025 Cabinet Price List Supplier,150.45,61,,each
SG-GD2712,"Sterling Clear Glass and Frame ***This is 1 Set, 2 Doors*** 27""W x 12""H","Sterling Clear Glass and Frame ***This is 1 Set, 2 Doors***",Cabinets,Sterling,2025 Cabinet Price List Supplier,149.88,61,,each
SG-GD2715,"Sterling Clear Glass and Frame ***This is 1 Set, 2 Doors*** 27""W x 15""H","Sterling Clear Glass and Frame ***This is 1 Set, 2 Doors***",Cabinets,Sterling,2025 Cabinet Price List Supplier,160.39,61,,each
SG-GD3012,"Sterling Clear Glass and Frame ***This is 1 Set, 2 Doors*** 30""W x 12""H","Sterling Clear Glass and Frame ***This is 1 Set, 2 Doors***",Cabinets,Sterling,2025 Cabinet Price List Supplier,163.30,61,,each
SG-GD3015,"Sterling Clear Glass and Frame ***This is 1 Set, 2 Doors*** 30""W x 15""H","Sterling Clear Glass and Frame ***This is 1 Set, 2 Doors***",Cabinets,Sterling,2025 Cabinet Price List Supplier,170.32,61,,each
SG-GD3312,"Sterling Clear Glass and Frame ***This is 1 Set, 2 Doors*** 33""W x 12""H","Sterling Clear Glass and Frame ***This is 1 Set, 2 Doors***",Cabinets,Sterling,2025 Cabinet Price List Supplier,176.71,61,,each
SG-GD3315,"Sterling Clear Glass and Frame ***This is 1 Set, 2 Doors*** 33""W x 15""H","Sterling Clear Glass and Frame ***This is 1 Set, 2 Doors***",Cabinets,Sterling,2025 Cabinet Price List Supplier,183.10,61,,each
SG-GD3612,"Sterling Clear Glass and Frame ***This is 1 Set, 2 Doors*** 36""W x 12""H","Sterling Clear Glass and Frame ***This is 1 Set, 2 Doors***",Cabinets,Sterling,2025 Cabinet Price List Supplier,190.12,61,,each
SG-GD3615,"Sterling Clear Glass and Frame ***This is 1 Set, 2 Doors*** 36""W x 15""H","Sterling Clear Glass and Frame ***This is 1 Set, 2 Doors***",Cabinets,Sterling,2025 Cabinet Price List Supplier,180.26,61,,each
SG-GW1212,"Sterling Wall Cabinet with finished interior. Glass Doors are sold separately 12""W x 12""H",Sterling Wall Cabinet with finished interior. Glass Doors are sold separately,Cabinets,Sterling,2025 Cabinet Price List Supplier,145.63,61,,each
SG-GW1215,"Sterling Wall Cabinet with finished interior. Glass Doors are sold separately 12""W x 15""H",Sterling Wall Cabinet with finished interior. Glass Doors are sold separately,Cabinets,Sterling,2025 Cabinet Price List Supplier,160.74,61,,each
SG-GW1512,"Sterling Wall Cabinet with finished interior. Glass Doors are sold separately 15""W x 12""H",Sterling Wall Cabinet with finished interior. Glass Doors are sold separately,Cabinets,Sterling,2025 Cabinet Price List Supplier,160.74,61,,each
SG-GW1515,"Sterling Wall Cabinet with finished interior. Glass Doors are sold separately 15""W x 15""H",Sterling Wall Cabinet with finished interior. Glass Doors are sold separately,Cabinets,Sterling,2025 Cabinet Price List Supplier,174.86,61,,each
SG-GW1812,"Sterling Wall Cabinet with finished interior. Glass Doors are sold separately 18""W x 12""H",Sterling Wall Cabinet with finished interior. Glass Doors are sold separately,Cabinets,Sterling,2025 Cabinet Price List Supplier,172.66,61,,each
SG-GW1815,"Sterling Wall Cabinet with finished interior. Glass Doors are sold separately 18""W x 15""H",Sterling Wall Cabinet with finished interior. Glass Doors are sold separately,Cabinets,Sterling,2025 Cabinet Price List Supplier,189.20,61,,each
SG-GW2112,"Sterling Wall Cabinet with finished interior. Glass Doors are sold separately 21""W x 12""H",Sterling Wall Cabinet with finished interior. Glass Doors are sold separately,Cabinets,Sterling,2025 Cabinet Price List Supplier,186.01,61,,each
SG-GW2115,"Sterling Wall Cabinet with finished interior. Glass Doors are sold separately 21""W x 15""H",Sterling Wall Cabinet with finished interior. Glass Doors are sold separately,Cabinets,Sterling,2025 Cabinet Price List Supplier,203.39,61,,each
SG-GW2412,"Sterling Wall Cabinet with finished interior. Glass Doors are sold separately 24""W x 12""H",Sterling Wall Cabinet with finished interior. Glass Doors are sold separately,Cabinets,Sterling,2025 Cabinet Price List Supplier,198.71,61,,each
SG-GW2415,"Sterling Wall Cabinet with finished interior. Glass Doors are sold separately 24""W x 15""H",Sterling Wall Cabinet with finished interior. Glass Doors are sold separately,Cabinets,Sterling,2025 Cabinet Price List Supplier,217.80,61,,each
SG-GW2712,"Sterling Wall Cabinet with finished interior. Glass Doors are sold separately 27""W x 12""H",Sterling Wall Cabinet with finished interior. Glass Doors are sold separately,Cabinets,Sterling,2025 Cabinet Price List Supplier,213.05,61,,each
SG-GW2715,"Sterling Wall Cabinet with finished interior. Glass Doors are sold separately 27""W x 15""H",Sterling Wall Cabinet with finished interior. Glass Doors are sold separately,Cabinets,Sterling,2025 Cabinet Price List Supplier,231.99,61,,each
SG-GW3012,"Sterling Wall Cabinet with finished interior. Glass Doors are sold separately 30""W x 12""H",Sterling Wall Cabinet with finished interior. Glass Doors are sold separately,Cabinets,Sterling,2025 Cabinet Price List Supplier,228.73,61,,each
SG-GW3015,"Sterling Wall Cabinet with finished interior. Glass Doors are sold separately 30""W x 15""H",Sterling Wall Cabinet with finished interior. Glass Doors are sold separately,Cabinets,Sterling,2025 Cabinet Price List Supplier,248.67,61,,each
SG-GW3312,"Sterling Wall Cabinet with finished interior. Glass Doors are sold separately 33""W x 12""H",Sterling Wall Cabinet with finished interior. Glass Doors are sold separately,Cabinets,Sterling,2025 Cabinet Price List Supplier,243.21,61,,each
SG-GW3315,"Sterling Wall Cabinet with finished interior. Glass Doors are sold separately 33""W x 15""H",Sterling Wall Cabinet with finished interior. Glass Doors are sold separately,Cabinets,Sterling,2025 Cabinet Price List Supplier,264.21,61,,each
SG-GW3612,"Sterling Wall Cabinet with finished interior. Glass Doors are sold separately 36""W x 12""H",Sterling Wall Cabinet with finished interior. Glass Doors are sold separately,Cabinets,Sterling,2025 Cabinet Price List Supplier,257.61,61,,each
SG-GW3615,"Sterling Wall Cabinet with finished interior. Glass Doors are sold separately 36""W x 15""H",Sterling Wall Cabinet with finished interior. Glass Doors are sold separately,Cabinets,Sterling,2025 Cabinet Price List Supplier,279.61,61,,each
SG-GWDC2412,"Sterling Diagonal Corner Wall Cabinet with finished interior. Glass Doors are sold separately 24""W x 12""H",Sterling Diagonal Corner Wall Cabinet with finished interior. Glass Doors are sold separately,Cabinets,Sterling,2025 Cabinet Price List Supplier,329.86,61,,each
SG-GWDC2415,"Sterling Diagonal Corner Wall Cabinet with finished interior. Glass Doors are sold separately 24""W x 15""H",Sterling Diagonal Corner Wall Cabinet with finished interior. Glass Doors are sold separately,Cabinets,Sterling,2025 Cabinet Price List Supplier,337.81,61,,each
SG-HC30,"Sterling Hood Cover 30""W",Sterling Hood Cover,Cabinets,Sterling,2025 Cabinet Price List Supplier,688.00,61,,each
SG-HC36,"Sterling HOOD COVER 36""W",Sterling HOOD COVER,Cabinets,Sterling,2025 Cabinet Price List Supplier,732.00,61,,each
SG-LACQUER ENAMEL (SPRAY PAINT,Sterling SG-M105-4893,SG-M105-4893,Cabinets,Sterling,2025 Cabinet Price List Supplier,35.00,61,,each
SG-OC3384,"Sterling Wall Oven Cabinet 33""W x 84""H",Sterling Wall Oven Cabinet,Cabinets,Sterling,2025 Cabinet Price List Supplier,1071.41,61,,each
SG-OC3390,"Sterling Wall Oven Cabinet 33""W x 90""H",Sterling Wall Oven Cabinet,Cabinets,Sterling,2025 Cabinet Price List Supplier,1082.55,61,,each
SG-OC3396,"Sterling Wall Oven Cabinet 33""W x 96""H",Sterling Wall Oven Cabinet,Cabinets,Sterling,2025 Cabinet Price List Supplier,1218.47,61,,each
SG-OCM8,Sterling Outside Corner Molding,Sterling Outside Corner Molding,Cabinets,Sterling,2025 Cabinet Price List Supplier,20.90,61,,each
SG-OGM8,Sterling Ogee Molding 8',Sterling Ogee Molding 8',Cabinets,Sterling,2025 Cabinet Price List Supplier,74.60,61,,each
SG-PCVFF396,"Sterling Fluted Filler 8' 39""W",Sterling Fluted Filler 8',Cabinets,Sterling,2025 Cabinet Price List Supplier,73.98,61,,each
SG-PD18-2,"Sterling POT DRAWER CABINET-2 Drawers 18""W",STERLING POT DRAWER CABINET-2 Drawers,Cabinets,Sterling,2025 Cabinet Price List Supplier,540.00,61,,each
SG-PD30-2,"Sterling POT DRAWER CABINET-2 Drawers 30""W",STERLING POT DRAWER CABINET-2 Drawers,Cabinets,Sterling,2025 Cabinet Price List Supplier,685.00,61,,each
SG-PD36-2,"Sterling POT DRAWER CABINET-2 Drawers 36""W",STERLING POT DRAWER CABINET-2 Drawers,Cabinets,Sterling,2025 Cabinet Price List Supplier,735.00,61,,each
SG-QR8,Sterling Quarter Round 8',Sterling Quarter Round 8',Cabinets,Sterling,2025 Cabinet Price List Supplier,29.64,61,,each
SG-RRP9624,"Sterling Refrigerator Panel 96""x24""x3"" return","Sterling Refrigerator Panel 96""x24""x3"" return",Cabinets,Sterling,2025 Cabinet Price List Supplier,177.65,61,,each
SG-SB24,"Sterling Sink Base Cabinet 24""W",Sterling Sink Base Cabinet,Cabinets,Sterling,2025 Cabinet Price List Supplier,320.78,61,,each
SG-SB27,"Sterling Sink Base 27""W",Sterling Sink Base,Cabinets,Sterling,2025 Cabinet Price List Supplier,358.02,61,,each
SG-SB30,"Sterling Sink Base 30""W",Sterling Sink Base,Cabinets,Sterling,2025 Cabinet Price List Supplier,400.77,61,,each
SG-SB33,"Sterling Sink Base 33""W",Sterling Sink Base,Cabinets,Sterling,2025 Cabinet Price List Supplier,475.32,61,,each
SG-SB36,"Sterling Sink Base 36""W",Sterling Sink Base,Cabinets,Sterling,2025 Cabinet Price List Supplier,508.00,61,,each
SG-SD,Sterling Sample Doors,Sterling Sample Doors,Cabinets,Sterling,2025 Cabinet Price List Supplier,40.00,61,,each
SG-SM8,Sterling Scribe Molding,Sterling Scribe Molding,Cabinets,Sterling,2025 Cabinet Price List Supplier,13.94,61,,each
SG-SPOOL-2,"Sterling Full Post 3""x3""","Sterling Full Post 3""x3""",Cabinets,Sterling,2025 Cabinet Price List Supplier,178.29,61,,each
SG-SS-30,Sterling Split Spool,Sterling Split Spool,Cabinets,Sterling,2025 Cabinet Price List Supplier,89.15,61,,each
SG-SVA12D-3,"Sterling Vanity 3 Drawers Cabinet 12""W",Sterling Vanity 3 Drawers Cabinet,Cabinets,Sterling,2025 Cabinet Price List Supplier,405.01,61,,each
SG-SVA15D-3,"Sterling Vanity 3 Drawer Cabinet 15""W",Sterling Vanity 3 Drawer Cabinet,Cabinets,Sterling,2025 Cabinet Price List Supplier,449.23,61,,each
SG-SVA18D-3,"Sterling Vanity 3 Drawers Cabinet 18""W",Sterling Vanity 3 Drawers Cabinet,Cabinets,Sterling,2025 Cabinet Price List Supplier,494.12,61,,each
SG-SVAM2430,"Sterling Mirror 24""W x 30""H",Sterling Mirror,Cabinets,Sterling,2025 Cabinet Price List Supplier,154.00,61,,each
SG-TK8,Sterling Toe kick 8',Sterling Toe kick 8',Cabinets,Sterling,2025 Cabinet Price List Supplier,17.10,61,,each
SG-TLR8-2,Sterling Light Rail Molding 8',Sterling Light Rail Molding 8',Cabinets,Sterling,2025 Cabinet Price List Supplier,67.76,61,,each
SG-TOUCH UP KIT,Sterling Touch Up Kit,Sterling Touch Up Kit,Cabinets,Sterling,2025 Cabinet Price List Supplier,39.56,61,,each
SG-UREP,"Sterling Universal Refrigerator Panel 30""x96""x3/4""","Sterling Universal Refrigerator Panel 30""x96""x3/4""",Cabinets,Sterling,2025 Cabinet Price List Supplier,271.70,61,,each
SG-V36,"Sterling Valance 36""W",Sterling Valance,Cabinets,Sterling,2025 Cabinet Price List Supplier,36.29,61,,each
SG-V42,"Sterling Valance 42""W",Sterling Valance,Cabinets,Sterling,2025 Cabinet Price List Supplier,42.87,61,,each
SG-V48,"Sterling Valance 48""W",Sterling Valance,Cabinets,Sterling,2025 Cabinet Price List Supplier,49.52,61,,each
SG-V60,"Sterling Valance 60""W",Sterling Valance,Cabinets,Sterling,2025 Cabinet Price List Supplier,63.96,61,,each
SG-VAL3612,"Sterling BIG VALANCE 36""W x 12""H",Sterling BIG VALANCE,Cabinets,Sterling,2025 Cabinet Price List Supplier,132.00,61,,each
SG-VAL4212,"Sterling BIG  VALANCE 42""W x 12""H",Sterling BIG VALANCE,Cabinets,Sterling,2025 Cabinet Price List Supplier,143.00,61,,each
SG-VAL4812,"Sterling BIG VALANCE 48""W x 12""H",Sterling BIG VALANCE,Cabinets,Sterling,2025 Cabinet Price List Supplier,198.00,61,,each
SG-W0930,"Sterling Wall Cabinet 9""W x 30""H",Sterling Wall Cabinet,Cabinets,Sterling,2025 Cabinet Price List Supplier,161.63,61,,each
SG-W0936,"Sterling Wall Cabinet 9""W x 36""H",Sterling Wall Cabinet,Cabinets,Sterling,2025 Cabinet Price List Supplier,185.44,61,,each
SG-W0942,"Sterling Wall Cabinet 9""W x 42""H",Sterling Wall Cabinet,Cabinets,Sterling,2025 Cabinet Price List Supplier,209.26,61,,each
SG-W1230,"Sterling Wall Cabinet 12""W x 30""H",Sterling Wall Cabinet,Cabinets,Sterling,2025 Cabinet Price List Supplier,187.98,61,,each
SG-W1236,"Sterling Wall Cabinet 12""W x 36""H",Sterling Wall Cabinet,Cabinets,Sterling,2025 Cabinet Price List Supplier,214.25,61,,each
SG-W1242,"Sterling Wall Cabinet 12""W x 42""H",Sterling Wall Cabinet,Cabinets,Sterling,2025 Cabinet Price List Supplier,242.44,61,,each
SG-W1530,"Sterling Wall Cabinet 15""W x 30""H",Sterling Wall Cabinet,Cabinets,Sterling,2025 Cabinet Price List Supplier,218.62,61,,each
SG-W1536,"Sterling Wall Cabinet 15""W x 36""H",Sterling Wall Cabinet,Cabinets,Sterling,2025 Cabinet Price List Supplier,248.02,61,,each
SG-W1542,"Sterling Wall Cabinet 15""W x 42""H",Sterling Wall Cabinet,Cabinets,Sterling,2025 Cabinet Price List Supplier,277.28,61,,each
SG-W1830,"Sterling Wall Cabinet 18""W x 30""H",Sterling Wall Cabinet,Cabinets,Sterling,2025 Cabinet Price List Supplier,251.30,61,,each
SG-W1836,"Sterling Wall Cabinet 18""W x 36""H",Sterling Wall Cabinet,Cabinets,Sterling,2025 Cabinet Price List Supplier,280.70,61,,each
SG-W1842,"Sterling Wall Cabinet 18""W x 42""H",Sterling Wall Cabinet,Cabinets,Sterling,2025 Cabinet Price List Supplier,310.20,61,,each
SG-W2130,"Sterling Wall Cabinet 21""W x 30""H",Sterling Wall Cabinet,Cabinets,Sterling,2025 Cabinet Price List Supplier,281.46,61,,each
SG-W2136,"Sterling Wall Cabinet 21""W x 36""H",Sterling Wall Cabinet,Cabinets,Sterling,2025 Cabinet Price List Supplier,313.69,61,,each
SG-W2142,"Sterling Wall Cabinet 21""W x 42""H",Sterling Wall Cabinet,Cabinets,Sterling,2025 Cabinet Price List Supplier,345.92,61,,each
SG-W2412,"Sterling Wall Cabinet 24""W x 12""H",Sterling Wall Cabinet,Cabinets,Sterling,2025 Cabinet Price List Supplier,199.00,61,,each
SG-W2415,"Sterling Wall Cabinet 24""W x 15""H",Sterling Wall Cabinet,Cabinets,Sterling,2025 Cabinet Price List Supplier,218.00,61,,each
SG-W2418,"Sterling Wall Cabinet 24""W x 18""H",Sterling Wall Cabinet,Cabinets,Sterling,2025 Cabinet Price List Supplier,236.00,61,,each
SG-W2424,"Sterling Wall Cabinet 24""W x 24""H",Sterling Wall Cabinet,Cabinets,Sterling,2025 Cabinet Price List Supplier,299.95,61,,each
SG-W2430,"Sterling Wall Cabinet 24""W x 30""H",Sterling Wall Cabinet,Cabinets,Sterling,2025 Cabinet Price List Supplier,321.48,61,,each
SG-W2436,"Sterling Wall Cabinet 24""W x 36""H",Sterling Wall Cabinet,Cabinets,Sterling,2025 Cabinet Price List Supplier,357.70,61,,each
SG-W2442,"Sterling Wall Cabinet 24""W x 42""H",Sterling Wall Cabinet,Cabinets,Sterling,2025 Cabinet Price List Supplier,386.46,61,,each
SG-W2730,"Sterling Wall Cabinet 27""W x 30""H",Sterling Wall Cabinet,Cabinets,Sterling,2025 Cabinet Price List Supplier,351.38,61,,each
SG-W2736,"Sterling Wall Cabinet 27""W x 36""H",Sterling Wall Cabinet,Cabinets,Sterling,2025 Cabinet Price List Supplier,369.29,61,,each
SG-W2742,"Sterling Wall Cabinet 27""W x 42""H",Sterling Wall Cabinet,Cabinets,Sterling,2025 Cabinet Price List Supplier,387.10,61,,each
SG-W3012,"Sterling Wall Cabinet 30""W x 12""H",Sterling Wall Cabinet,Cabinets,Sterling,2025 Cabinet Price List Supplier,192.28,61,,each
SG-W301224,"Sterling Refrigerator Cabinet 30""W x 12""H x 24""D",Sterling Refrigerator Cabinet,Cabinets,Sterling,2025 Cabinet Price List Supplier,265.74,61,,each
SG-W3015,"Sterling Wall Cabinet 30""W x 15""H",Sterling Wall Cabinet,Cabinets,Sterling,2025 Cabinet Price List Supplier,212.73,61,,each
SG-W301524,"Sterling Refrigerator Cabinet 30""W x 15""H x 24""D",Sterling Refrigerator Cabinet,Cabinets,Sterling,2025 Cabinet Price List Supplier,297.40,61,,each
SG-W3018,"Sterling Wall Cabinet 30""W x 18""H",Sterling Wall Cabinet,Cabinets,Sterling,2025 Cabinet Price List Supplier,227.88,61,,each
SG-W301824,"Sterling Refrigerator Cabinet 30""W x 18""H x 24""D",Sterling Refrigerator Cabinet,Cabinets,Sterling,2025 Cabinet Price List Supplier,327.04,61,,each
SG-W3021,"Sterling Wall Cabinet 30""W x 21""H",Sterling Wall Cabinet,Cabinets,Sterling,2025 Cabinet Price List Supplier,279.00,61,,each
SG-W302124,"Sterling Refrigerator Cabinet 30""W x 21""H x 24""D",Sterling Refrigerator Cabinet,Cabinets,Sterling,2025 Cabinet Price List Supplier,413.00,61,,each
SG-W3024,"Sterling Wall Cabinet 30""W x 24""H",Sterling Wall Cabinet,Cabinets,Sterling,2025 Cabinet Price List Supplier,320.72,61,,each
SG-W302424,"Sterling Refrigerator Cabinet 30""W x 24""H x 24""D",Sterling Refrigerator Cabinet,Cabinets,Sterling,2025 Cabinet Price List Supplier,431.47,61,,each
SG-W3030,"Sterling Wall Cabinet 30""W x 30""H",Sterling Wall Cabinet,Cabinets,Sterling,2025 Cabinet Price List Supplier,381.07,61,,each
SG-W3036,"Sterling Wall Cabinet 30""W x 36""H",Sterling Wall Cabinet,Cabinets,Sterling,2025 Cabinet Price List Supplier,423.06,61,,each
SG-W3042,"Sterling Wall Cabinet 30""W x 42""H",Sterling Wall Cabinet,Cabinets,Sterling,2025 Cabinet Price List Supplier,464.93,61,,each
SG-W3312,"Sterling Wall Cabinet 33""W x 12""H",Sterling Wall Cabinet,Cabinets,Sterling,2025 Cabinet Price List Supplier,219.33,61,,each
SG-W331224,"Sterling Refrigerator Cabinet 33""W x 12""H x 24""D",Sterling Refrigerator Cabinet,Cabinets,Sterling,2025 Cabinet Price List Supplier,274.74,61,,each
SG-W3315,"Sterling WALL CABINET 33""W x 15""H",Sterling WALL CABINET,Cabinets,Sterling,2025 Cabinet Price List Supplier,230.85,61,,each
SG-W331524,"Sterling Refrigerator Cabinet 33""W x 15""H x 24""D",Sterling Refrigerator Cabinet,Cabinets,Sterling,2025 Cabinet Price List Supplier,306.40,61,,each
SG-W3318,"Sterling Wall Cabinet 33""W x 18""H",Sterling Wall Cabinet,Cabinets,Sterling,2025 Cabinet Price List Supplier,243.39,61,,each
SG-W331824,"Sterling Refrigerator Cabinet 33""W x 18""H x 24""D",Sterling Refrigerator Cabinet,Cabinets,Sterling,2025 Cabinet Price List Supplier,336.04,61,,each
SG-W3321,"Sterling Wall Cabinet 33""W x 21""H",Sterling Wall Cabinet,Cabinets,Sterling,2025 Cabinet Price List Supplier,272.00,61,,each
SG-W332124,"Sterling Refrigerator Cabinet 33""W x 21""H x 24""D",Sterling Refrigerator Cabinet,Cabinets,Sterling,2025 Cabinet Price List Supplier,439.00,61,,each
SG-W3324,"Sterling Wall Cabinet 33""W x 24""H",Sterling Wall Cabinet,Cabinets,Sterling,2025 Cabinet Price List Supplier,335.80,61,,each
SG-W332424,"Sterling Wall Cabinet 33""W x 24""H x 24""D",Sterling Wall Cabinet,Cabinets,Sterling,2025 Cabinet Price List Supplier,440.47,61,,each
SG-W3330,"Sterling Wall Cabinet 33""W x 30""H",Sterling Wall Cabinet,Cabinets,Sterling,2025 Cabinet Price List Supplier,402.68,61,,each
SG-W3336,"Sterling Wall Cabinet 33""W x 36""H",Sterling Wall Cabinet,Cabinets,Sterling,2025 Cabinet Price List Supplier,456.00,61,,each
SG-W3342,"Sterling Wall Cabinet 33""W x 42""H",Sterling Wall Cabinet,Cabinets,Sterling,2025 Cabinet Price List Supplier,523.52,61,,each
SG-W3612,"Sterling Wall Cabinet 36""W x 12""H",Sterling Wall Cabinet,Cabinets,Sterling,2025 Cabinet Price List Supplier,209.69,61,,each
SG-W361224,"Sterling Refrigerator Cabinet 36""W x 12""H x 24""D",Sterling Refrigerator Cabinet,Cabinets,Sterling,2025 Cabinet Price List Supplier,283.74,61,,each
SG-W3615,"Sterling Wall Cabinet 36""W x 15""H",Sterling Wall Cabinet,Cabinets,Sterling,2025 Cabinet Price List Supplier,244.65,61,,each
SG-W361524,"Sterling Refrigerator Cabinet 36""W x 15""H x 24""D",Sterling Refrigerator Cabinet,Cabinets,Sterling,2025 Cabinet Price List Supplier,315.40,61,,each
SG-W3618,"Sterling Wall Cabinet 36""W x 18""H",Sterling Wall Cabinet,Cabinets,Sterling,2025 Cabinet Price List Supplier,273.67,61,,each
SG-W361824,"Sterling Refrigerator Cabinet 36""W x 18""H x 24""D",Sterling Refrigerator Cabinet,Cabinets,Sterling,2025 Cabinet Price List Supplier,345.04,61,,each
SG-W3621,"Sterling Wall Cabinet 36""W x 21""H",Sterling Wall Cabinet,Cabinets,Sterling,2025 Cabinet Price List Supplier,319.00,61,,each
SG-W3621-24,"Sterling Refrigerator Cabinet 36""W x 21""H",Sterling Refrigerator Cabinet,Cabinets,Sterling,2025 Cabinet Price List Supplier,451.00,61,,each
SG-W3624,"Sterling Wall cabinet 36""W x 24""H",Sterling Wall cabinet,Cabinets,Sterling,2025 Cabinet Price List Supplier,352.71,61,,each
SG-W362424,"Sterling Refrigerator Cabinet 36""W x 24""H x 24""D",Sterling Refrigerator Cabinet,Cabinets,Sterling,2025 Cabinet Price List Supplier,449.47,61,,each
SG-W3630,"Sterling Wall Cabinet 36""W x 30""H",Sterling Wall Cabinet,Cabinets,Sterling,2025 Cabinet Price List Supplier,431.56,61,,each
SG-W3636,"Sterling Wall Cabinet 36""W x 36""H",Sterling Wall Cabinet,Cabinets,Sterling,2025 Cabinet Price List Supplier,488.61,61,,each
SG-W3642,"Sterling Wall Cabinet 36""W x 42""H",Sterling Wall Cabinet,Cabinets,Sterling,2025 Cabinet Price List Supplier,559.29,61,,each
SG-WCD3015,"Sterling Plate Rack 30""W x 15""H",Sterling Plate Rack,Cabinets,Sterling,2025 Cabinet Price List Supplier,224.96,61,,each
SG-WDC2430,"Sterling Wall Diagonal Cabinet 24""W x 30""H",Sterling Wall Diagonal Cabinet,Cabinets,Sterling,2025 Cabinet Price List Supplier,396.22,61,,each
SG-WDC2436,"Sterling Wall Diagonal Cabinet 24""W x 36""H",Sterling Wall Diagonal Cabinet,Cabinets,Sterling,2025 Cabinet Price List Supplier,443.53,61,,each
SG-WDC2442,"Sterling Wall Diagonal Cabinet 24""W x 42""H",Sterling Wall Diagonal Cabinet,Cabinets,Sterling,2025 Cabinet Price List Supplier,487.23,61,,each
SG-WDC273615,"Sterling Wall Diagonal Cabinet 27""W x 36""H x 15""D",Sterling Wall Diagonal Cabinet,Cabinets,Sterling,2025 Cabinet Price List Supplier,522.19,61,,each
SG-WDC274215,"Sterling Wall Diagonal Cabinet 27""W x 42""H x 15""D",Sterling Wall Diagonal Cabinet,Cabinets,Sterling,2025 Cabinet Price List Supplier,568.03,61,,each
SG-WEC1230,"Sterling Wall End Angle Cabinet 12""W x 30""H",Sterling Wall End Angle Cabinet,Cabinets,Sterling,2025 Cabinet Price List Supplier,222.18,61,,each
SG-WEC1236,"Sterling Wall End Angle Cabinet 12""W x 36""H",Sterling Wall End Angle Cabinet,Cabinets,Sterling,2025 Cabinet Price List Supplier,250.73,61,,each
SG-WEC1242,"Sterling Angled Wall Cabinet 12""W x 42""H",Sterling Angled Wall Cabinet,Cabinets,Sterling,2025 Cabinet Price List Supplier,276.19,61,,each
SG-WES0930,"Sterling Wall End Shelf Cabinet 9""W x 30""H",Sterling Wall End Shelf Cabinet,Cabinets,Sterling,2025 Cabinet Price List Supplier,153.64,61,,each
SG-WES0936,"Sterling Wall End Shelf Cabinet 9""W x 36""H",Sterling Wall End Shelf Cabinet,Cabinets,Sterling,2025 Cabinet Price List Supplier,182.02,61,,each
SG-WES0942,"Sterling WALL END SHELF 9""W x 42""H",Sterling WALL END SHELF,Cabinets,Sterling,2025 Cabinet Price List Supplier,213.75,61,,each
SG-WF1.5X96,"Sterling Tall Filler 1.5""W x 96""H",Sterling Tall Filler,Cabinets,Sterling,2025 Cabinet Price List Supplier,60.00,61,,each
SG-WF330,"Sterling Wall Filler 3""x30""","Sterling Wall Filler 3""x30""",Cabinets,Sterling,2025 Cabinet Price List Supplier,23.75,61,,each
SG-WF336,"Sterling Wall Filler 3x36""","Sterling Wall Filler 3x36""",Cabinets,Sterling,2025 Cabinet Price List Supplier,28.18,61,,each
SG-WF342,"Sterling Wall Filler 3""W x 42""H",Sterling Wall Filler,Cabinets,Sterling,2025 Cabinet Price List Supplier,32.87,61,,each
SG-WF396,"Sterling 3X96 Long Filler 3""W x 96""H",Sterling 3X96 Long Filler,Cabinets,Sterling,2025 Cabinet Price List Supplier,67.70,61,,each
SG-WF630,"Sterling WALL FILLER 6X30 6""W x 30""H",Sterling WALL FILLER 6X30,Cabinets,Sterling,2025 Cabinet Price List Supplier,46.74,61,,each
SG-WF636,"Sterling Wall Filler 6""x36""","Sterling Wall Filler 6""x36""",Cabinets,Sterling,2025 Cabinet Price List Supplier,53.20,61,,each
SG-WF642,"Sterling Wall Filler 6""W x 42""H",Sterling Wall Filler,Cabinets,Sterling,2025 Cabinet Price List Supplier,59.79,61,,each
SG-WF696,"Sterling Long Filler 6""x96""","Sterling Long Filler 6""x96""",Cabinets,Sterling,2025 Cabinet Price List Supplier,131.04,61,,each
SG-WLS2430,"Sterling Wall Corner Bi-Fold Door Cabinet 24""W x 30""H",Sterling Wall Corner Bi-Fold Door Cabinet,Cabinets,Sterling,2025 Cabinet Price List Supplier,403.00,61,,each
SG-WLS2436,"Sterling Wall Corner Bi-Fold Door Cabinet 24""W x 36""H",Sterling Wall Corner Bi-Fold Door Cabinet,Cabinets,Sterling,2025 Cabinet Price List Supplier,451.00,61,,each
SG-WLS2442,"Sterling Wall Corner Bi-Fold Door Cabinet 24""W x 42""H",Sterling Wall Corner Bi-Fold Door Cabinet,Cabinets,Sterling,2025 Cabinet Price List Supplier,496.00,61,,each
SG-WMC3030,"Sterling Microwave Cabinet 30""W x 30""H",Sterling Microwave Cabinet,Cabinets,Sterling,2025 Cabinet Price List Supplier,440.80,61,,each
SG-WMC3036,"Sterling Microwave Cabinet 30""W x 36""H",Sterling Microwave Cabinet,Cabinets,Sterling,2025 Cabinet Price List Supplier,458.78,61,,each
SG-WMC3042,"Sterling Microwave Cabinet 30""W x 42""H",Sterling Microwave Cabinet,Cabinets,Sterling,2025 Cabinet Price List Supplier,484.38,61,,each
SG-WP1884,"Sterling Tall Pantry 18""W x 84""H",Sterling Tall Pantry,Cabinets,Sterling,2025 Cabinet Price List Supplier,773.68,61,,each
SG-WP1890,"Sterling Tall Pantry 18""W x 90""H",Sterling Tall Pantry,Cabinets,Sterling,2025 Cabinet Price List Supplier,823.84,61,,each
SG-WP1896,"Sterling Tall Pantry 18""W x 96""H",Sterling Tall Pantry,Cabinets,Sterling,2025 Cabinet Price List Supplier,874.12,61,,each
SG-WP2484,"Sterling Tall Pantry 24""W x 84""H",Sterling Tall Pantry,Cabinets,Sterling,2025 Cabinet Price List Supplier,840.37,61,,each
SG-WP2490,"Sterling Tall Pantry 24""W x 90""H",Sterling Tall Pantry,Cabinets,Sterling,2025 Cabinet Price List Supplier,877.30,61,,each
SG-WP2496,"Sterling Tall Pantry 24""W x 96""H",Sterling Tall Pantry,Cabinets,Sterling,2025 Cabinet Price List Supplier,939.48,61,,each
SG-WP3084,"Sterling Tall Pantry 30""W x 84""H",Sterling Tall Pantry,Cabinets,Sterling,2025 Cabinet Price List Supplier,882.00,61,,each
SG-WP3090,"Sterling Tall Pantry 30""W x 90""H",Sterling Tall Pantry,Cabinets,Sterling,2025 Cabinet Price List Supplier,933.00,61,,each
SG-WP3096,"Sterling Tall Pantry 30""W x 96""H",Sterling Tall Pantry,Cabinets,Sterling,2025 Cabinet Price List Supplier,983.00,61,,each
SO 15-21,Silverware Organizer for B15 B18 B21,Silverware Organizer for B15 B18 B21,Cabinets,,2025 Cabinet Price List Supplier,150.00,61,,each
SO 24-30,Silverware Organizer for B24 B27 B30,Silverware Organizer for B24 B27 B30,Cabinets,,2025 Cabinet Price List Supplier,190.00,61,,each
SR30,Seasoning Rack,Seasoning Rack,Cabinets,,2025 Cabinet Price List Supplier,200.00,61,,each
TILT OUT TRAYS,Tilt Out Trays for Sink Base,Tilt Out Trays for Sink Base,Cabinets,,2025 Cabinet Price List Supplier,106.52,61,,each
UTC12,Utensil Tray With Bucket,Utensil Tray With Bucket,Cabinets,,2025 Cabinet Price List Supplier,220.00,61,,each
VA-30GR,"Vista Glass Holder 30""W",VISTA Shaker Glass Holder,Cabinets,Vista,2025 Cabinet Price List Supplier,55.03,61,,each
VA-30WR,"Vista Wall Wine Rack Cabinet 30""W",VISTA Shaker Wall Wine Rack Cabinet,Cabinets,Vista,2025 Cabinet Price List Supplier,215.15,61,,each
VA-36GR,"Vista Glass Holder 36""W",VISTA Shaker Glass Holder,Cabinets,Vista,2025 Cabinet Price List Supplier,74.74,61,,each
VA-36WR,"Vista Wall Wine Rack Cabinet 36""W",VISTA Shaker Wall Wine Rack Cabinet,Cabinets,Vista,2025 Cabinet Price List Supplier,260.94,61,,each
VA-ACM8-C,"Vista Crown Molding 3"" Curved Staggered","VISTA Shaker Crown Molding 3"" Curved Staggered",Cabinets,Vista,2025 Cabinet Price List Supplier,149.40,61,,each
VA-ACM8-S,"Vista Crown Molding 3"" Straight Staggered","VISTA Shaker Crown Molding 3"" Straight Staggered",Cabinets,Vista,2025 Cabinet Price List Supplier,149.40,61,,each
VA-B09,"Vista Base Cabinet 9""W",VISTA Base Cabinet,Cabinets,Vista,2025 Cabinet Price List Supplier,164.98,61,,each
VA-B12,"Vista Base Cabinet 12""W",VISTA Base Cabinet,Cabinets,Vista,2025 Cabinet Price List Supplier,216.60,61,,each
VA-B15,"Vista Base Cabinet 15""W",VISTA Base Cabinet,Cabinets,Vista,2025 Cabinet Price List Supplier,258.40,61,,each
VA-B18,"Vista Base Cabinet 18""W",VISTA Base Cabinet,Cabinets,Vista,2025 Cabinet Price List Supplier,302.22,61,,each
VA-B21,"Vista Base Cabinet 21""W",VISTA Base Cabinet,Cabinets,Vista,2025 Cabinet Price List Supplier,328.82,61,,each
VA-B24,"Vista Base Cabinet 24""W",VISTA Base Cabinet,Cabinets,Vista,2025 Cabinet Price List Supplier,362.93,61,,each
VA-B27,"Vista Base Cabinet 27""W",VISTA Base Cabinet,Cabinets,Vista,2025 Cabinet Price List Supplier,391.40,61,,each
VA-B30,"Vista Base Cabinet 30""W",VISTA Base Cabinet,Cabinets,Vista,2025 Cabinet Price List Supplier,459.90,61,,each
VA-B33,"Vista Base Cabinet 33""W",VISTA Base Cabinet,Cabinets,Vista,2025 Cabinet Price List Supplier,489.49,61,,each
VA-B36,"Vista Base Cabinet 36""W",VISTA Base Cabinet,Cabinets,Vista,2025 Cabinet Price List Supplier,518.98,61,,each
VA-BBC39,"Vista Blind Corner Cabinet 39""W",VISTA Blind Corner Cabinet,Cabinets,Vista,2025 Cabinet Price List Supplier,393.68,61,,each
VA-BBC42,"Vista Blind Corner Cabinet 42""W",VISTA Blind Corner Cabinet,Cabinets,Vista,2025 Cabinet Price List Supplier,516.75,61,,each
VA-BCB150,Vista Chair Rail Molding,VISTA Shaker Chair Rail Molding,Cabinets,Vista,2025 Cabinet Price List Supplier,30.26,61,,each
VA-BEC24,"Vista Base End Angle 24""W",VISTA Base End Angle,Cabinets,Vista,2025 Cabinet Price List Supplier,460.26,61,,each
VA-BES09,"Vista Base End Shelf 9""W",VISTA Shaker Base End Shelf,Cabinets,Vista,2025 Cabinet Price List Supplier,330.22,61,,each
VA-BLS33N,"Vista Lazy Susan cabinet with shelf only. No Trays. 33""W",VISTA Lazy Susan cabinet with shelf only. No Trays.,Cabinets,Vista,2025 Cabinet Price List Supplier,582.13,61,,each
VA-BLS36N,"Vista Lazy Susan cabinet with shelf only. No Trays. 36""W",VISTA Lazy Susan cabinet with shelf only. No Trays.,Cabinets,Vista,2025 Cabinet Price List Supplier,628.29,61,,each
VA-BM8,"Vista Base Molding 96""","VISTA Shaker Base Molding 96""",Cabinets,Vista,2025 Cabinet Price List Supplier,96.84,61,,each
VA-BMC30,"Vista Base Microwave Cabinet 30""","VISTA Base Microwave Cabinet 30""",Cabinets,Vista,2025 Cabinet Price List Supplier,428.00,61,,each
VA-BP3696,"Vista Back Panel 36""x96""x1/4""","VISTA Shaker Back Panel 36""x96""x1/4""",Cabinets,Vista,2025 Cabinet Price List Supplier,131.55,61,,each
VA-BP4896,"Vista Back Panel 48""x96""x1/4""","VISTA Shaker Back Panel 48""x96""x1/4""",Cabinets,Vista,2025 Cabinet Price List Supplier,178.00,61,,each
VA-BSR06,"Vista Spice Rack Cabinet 6""W",VISTA Spice Rack Cabinet,Cabinets,Vista,2025 Cabinet Price List Supplier,212.80,61,,each
VA-BSR09,"Vista Spice Rack Cabinet 9""W",VISTA Spice Rack Cabinet,Cabinets,Vista,2025 Cabinet Price List Supplier,222.94,61,,each
VA-BSR12,"Vista Spice Rack Cabinet 12""","VISTA Spice Rack Cabinet 12""",Cabinets,Vista,2025 Cabinet Price List Supplier,240.00,61,,each
VA-CCM8-1,Vista Crown Molding,VISTA Shaker Crown Molding,Cabinets,Vista,2025 Cabinet Price List Supplier,98.87,61,,each
VA-CCM8-2,Vista Crown Molding,VISTA Shaker Crown Molding,Cabinets,Vista,2025 Cabinet Price List Supplier,149.38,61,,each
VA-CM8-C,Vista Curved  Crown Molding,VISTA Shaker Curved Crown Molding,Cabinets,Vista,2025 Cabinet Price List Supplier,96.20,61,,each
VA-CORBEL-2,Vista Corbel,VISTA Shaker Corbel,Cabinets,Vista,2025 Cabinet Price List Supplier,216.93,61,,each
VA-CSB36,"Vista Diagonal Corner Sink Base 36""W",VISTA Diagonal Corner Sink Base,Cabinets,Vista,2025 Cabinet Price List Supplier,610.84,61,,each
VA-D1230W,"Vista Wall Decorative Door 12""W x 30""H",VISTA Wall Decorative Door,Cabinets,Vista,2025 Cabinet Price List Supplier,68.76,61,,each
VA-D1236W,"Vista Wall Decorative Door 12""W x 36""H",VISTA Wall Decorative Door,Cabinets,Vista,2025 Cabinet Price List Supplier,82.74,61,,each
VA-D1242W,"Vista Wall Decorative Door 12""W x 42""H",VISTA Wall Decorative Door,Cabinets,Vista,2025 Cabinet Price List Supplier,96.73,61,,each
VA-D1249W,"Vista Wall Decorative Door 12""W x 49""H",VISTA Wall Decorative Door,Cabinets,Vista,2025 Cabinet Price List Supplier,134.40,61,,each
VA-D2430B,"Vista Base Decorative Door 24""W x 30""H",VISTA Base Decorative Door,Cabinets,Vista,2025 Cabinet Price List Supplier,142.73,61,,each
VA-DB12-3,"Vista Drawer Base Cabinet 12""W",VISTA Drawer Base Cabinet,Cabinets,Vista,2025 Cabinet Price List Supplier,350.66,61,,each
VA-DB15-3,"Vista Drawer Base Cabinet 15""W",VISTA Drawer Base Cabinet,Cabinets,Vista,2025 Cabinet Price List Supplier,392.57,61,,each
VA-DB18-3,"Vista Drawer Base Cabinet 18""W",VISTA Drawer Base Cabinet,Cabinets,Vista,2025 Cabinet Price List Supplier,434.42,61,,each
VA-DB21-3,"Vista Drawer Base Cabinet 21""W",VISTA Drawer Base Cabinet,Cabinets,Vista,2025 Cabinet Price List Supplier,480.12,61,,each
VA-DB24-3,"Vista Drawer Base Cabinet 24""W",VISTA Drawer Base Cabinet,Cabinets,Vista,2025 Cabinet Price List Supplier,522.73,61,,each
VA-DB30-3,"Vista Drawer Base Cabinet 30""W",VISTA Drawer Base Cabinet,Cabinets,Vista,2025 Cabinet Price List Supplier,557.79,61,,each
VA-DB36-3,"Vista Drawer Base Cabinet 36""W",VISTA Drawer Base Cabinet,Cabinets,Vista,2025 Cabinet Price List Supplier,597.66,61,,each
VA-DWR-3,Vista Dish Washer Panel,VISTA Shaker Dish Washer Panel,Cabinets,Vista,2025 Cabinet Price List Supplier,84.05,61,,each
VA-FA2421,"Vista Sink Vanity Cabinet 24""W x 21""H",VISTA Sink Vanity Cabinet,Cabinets,Vista,2025 Cabinet Price List Supplier,219.49,61,,each
VA-FA3021,"Vista Sink Vanity Cabinet 30""W x 21""H",VISTA Sink Vanity Cabinet,Cabinets,Vista,2025 Cabinet Price List Supplier,254.05,61,,each
VA-FA3021DL,"Vista Vanity with 2 drawers, Drawers on the Left 30""W x 21""H","VISTA Vanity with 2 drawers, Drawers on the Left",Cabinets,Vista,2025 Cabinet Price List Supplier,416.12,61,,each
VA-FA3021DR,"Vista Vanity with 2 drawer, Drawers on the right 30""W x 21""H","VISTA Vanity with 2 drawer, Drawers on the right",Cabinets,Vista,2025 Cabinet Price List Supplier,416.12,61,,each
VA-FA3621DL,"Vista Vanity with 2 drawers, Drawers on the left 36""W x 21""H","VISTA VISTA Vanity with 2 drawers, Drawers on the left",Cabinets,Vista,2025 Cabinet Price List Supplier,450.83,61,,each
VA-FA3621DR,"Vista Vanity with 2 drawers, drawers on the right 36""W x 21""H","VISTA Vanity with 2 drawers, drawers on the right",Cabinets,Vista,2025 Cabinet Price List Supplier,450.83,61,,each
VA-FB3X3,Vista Rossette,VISTA Shaker Rossette,Cabinets,Vista,2025 Cabinet Price List Supplier,10.00,61,,each
VA-FD30,"Vista Knee Drawer Cabinet 30""W",VISTA Knee Drawer Cabinet,Cabinets,Vista,2025 Cabinet Price List Supplier,99.91,61,,each
VA-FSB36,"Vista Farm Sink Base Cabinet 36""","VISTA Farm Sink Base Cabinet 36""",Cabinets,Vista,2025 Cabinet Price List Supplier,440.00,61,,each
VA-GD1230,"Vista Frosted Glass and Frame 12""W x 30""H",VISTA Frosted Glass and Frame,Cabinets,Vista,2025 Cabinet Price List Supplier,80.26,61,,each
VA-GD1236,"Vista Frosted Glass and Frame 12""W x 36""H",VISTA Frosted Glass and Frame,Cabinets,Vista,2025 Cabinet Price List Supplier,89.22,61,,each
VA-GD1242,"Vista Frosted Glass and Frame 12""W x 42""H",VISTA Frosted Glass and Frame,Cabinets,Vista,2025 Cabinet Price List Supplier,98.17,61,,each
VA-GD1530,"Vista Frosted Glass and Frame 15""W x 30""H",VISTA Frosted Glass and Frame,Cabinets,Vista,2025 Cabinet Price List Supplier,93.50,61,,each
VA-GD1536,"Vista Frosted Glass and Frame 15""W x 36""H",VISTA Frosted Glass and Frame,Cabinets,Vista,2025 Cabinet Price List Supplier,102.46,61,,each
VA-GD1542,"Vista Frosted Glass and Frame 15""W x 42""H",VISTA Frosted Glass and Frame,Cabinets,Vista,2025 Cabinet Price List Supplier,112.19,61,,each
VA-GD1830,"Vista Frosted Glass and Frame 18""W x 30""H",VISTA Frosted Glass and Frame,Cabinets,Vista,2025 Cabinet Price List Supplier,107.90,61,,each
VA-GD1836,"Vista Frosted Glass and Frame 18""W x 36""H",VISTA Frosted Glass and Frame,Cabinets,Vista,2025 Cabinet Price List Supplier,116.78,61,,each
VA-GD1842,"Vista Frosted Glass and Frame 18""W x 42""H",VISTA Frosted Glass and Frame,Cabinets,Vista,2025 Cabinet Price List Supplier,128.00,61,,each
VA-HC30,"Vista Hood Cover 30""W",VISTA Shaker Hood Cover,Cabinets,Vista,2025 Cabinet Price List Supplier,688.00,61,,each
VA-HC36,"Vista HOOD COVER 36""W",VISTA Shaker HOOD COVER,Cabinets,Vista,2025 Cabinet Price List Supplier,732.00,61,,each
VA-LACQUER ENAMEL(SPRAY PAINT,Vista VA-M105-5210,VA-M105-5210,Cabinets,Vista,2025 Cabinet Price List Supplier,35.00,61,,each
VA-OC3384,"Vista Wall Oven Cabinet 33""W x 84""H",VISTA Wall Oven Cabinet,Cabinets,Vista,2025 Cabinet Price List Supplier,857.13,61,,each
VA-OC3390,"Vista Wall Oven Cabinet 33""W x 90""H",VISTA Wall Oven Cabinet,Cabinets,Vista,2025 Cabinet Price List Supplier,866.04,61,,each
VA-OC3396,"Vista Wall Oven Cabinet 33""W x 96""H",VISTA Wall Oven Cabinet,Cabinets,Vista,2025 Cabinet Price List Supplier,974.78,61,,each
VA-OCM8,Vista Outside Corner Molding,VISTA Shaker Outside Corner Molding,Cabinets,Vista,2025 Cabinet Price List Supplier,20.90,61,,each
VA-OGM8,Vista Ogee Molding 8',VISTA Shaker Ogee Molding 8',Cabinets,Vista,2025 Cabinet Price List Supplier,74.60,61,,each
VA-PCVFF396,"Vista Fluted Filler 8' 39""W",VISTA Shaker Fluted Filler 8',Cabinets,Vista,2025 Cabinet Price List Supplier,73.98,61,,each
VA-QR8,Vista Quarter Round 8',VISTA Shaker Quarter Round 8',Cabinets,Vista,2025 Cabinet Price List Supplier,30.26,61,,each
VA-RRP9624,"Vista Refrigerator Panel 96""x24""x3"" return","VISTA Shaker Refrigerator Panel 96""x24""x3"" return",Cabinets,Vista,2025 Cabinet Price List Supplier,177.65,61,,each
VA-SB24,"Vista Sink Base Cabinet 24""W",VISTA Sink Base Cabinet,Cabinets,Vista,2025 Cabinet Price List Supplier,256.62,61,,each
VA-SB27,"Vista Sink Base 27""W",VISTA Sink Base,Cabinets,Vista,2025 Cabinet Price List Supplier,286.42,61,,each
VA-SB30,"Vista Sink Base 30""W",VISTA Sink Base,Cabinets,Vista,2025 Cabinet Price List Supplier,320.62,61,,each
VA-SB33,"Vista Sink Base 33""W",VISTA Sink Base,Cabinets,Vista,2025 Cabinet Price List Supplier,380.26,61,,each
VA-SB36,"Vista Sink Base 36""W",VISTA Sink Base,Cabinets,Vista,2025 Cabinet Price List Supplier,406.40,61,,each
VA-SD,Vista Sample Doors,VISTA Sample Doors,Cabinets,Vista,2025 Cabinet Price List Supplier,40.00,61,,each
VA-SM8,Vista Scribe Molding,VISTA Shaker Scribe Molding,Cabinets,Vista,2025 Cabinet Price List Supplier,13.94,61,,each
VA-SPOOL-2,Vista Full Post,VISTA Shaker Full Post,Cabinets,Vista,2025 Cabinet Price List Supplier,178.29,61,,each
VA-SS-30,Vista Split Spool,VISTA Shaker Split Spool,Cabinets,Vista,2025 Cabinet Price List Supplier,89.15,61,,each
VA-SVA12D-3,"Vista Vanity 3 Drawers Cabinet 12""W",VISTA Vanity 3 Drawers Cabinet,Cabinets,Vista,2025 Cabinet Price List Supplier,324.01,61,,each
VA-SVA15D-3,"Vista Vanity 3 Drawer Cabinet 15""W",VISTA Vanity 3 Drawer Cabinet,Cabinets,Vista,2025 Cabinet Price List Supplier,359.38,61,,each
VA-SVA18D-3,"Vista Vanity 3 Drawers Cabinet 18""W",VISTA Vanity 3 Drawers Cabinet,Cabinets,Vista,2025 Cabinet Price List Supplier,395.30,61,,each
VA-SVAM2430,"Vista Mirror 24""W x 30""H",VISTA Mirror,Cabinets,Vista,2025 Cabinet Price List Supplier,154.00,61,,each
VA-TK8,Vista Toe kick 8',VISTA Shaker Toe kick 8',Cabinets,Vista,2025 Cabinet Price List Supplier,17.10,61,,each
VA-TLR-2,Vista Light Rail Molding 8',VISTA Shaker Light Rail Molding 8',Cabinets,Vista,2025 Cabinet Price List Supplier,67.76,61,,each
VA-TOUCH UP KIT,Vista Touch up Kit,VISTA Shaker Touch up Kit,Cabinets,Vista,2025 Cabinet Price List Supplier,39.56,61,,each
VA-UREP,"Vista Universal Refrigerator Panel 30""x96""x3/4""","VISTA Shaker Universal Refrigerator Panel 30""x96""x3/4""",Cabinets,Vista,2025 Cabinet Price List Supplier,271.70,61,,each
VA-V36,"Vista Valance 36""W",VISTA Shaker Valance,Cabinets,Vista,2025 Cabinet Price List Supplier,36.29,61,,each
VA-V42,"Vista Valance 42""W",VISTA Shaker Valance,Cabinets,Vista,2025 Cabinet Price List Supplier,42.87,61,,each
VA-V48,"Vista Valance 48""W",VISTA Shaker Valance,Cabinets,Vista,2025 Cabinet Price List Supplier,49.52,61,,each
VA-V60,"Vista Valance 60""W",VISTA Shaker Valance,Cabinets,Vista,2025 Cabinet Price List Supplier,63.96,61,,each
VA-VAL3612,"Vista BIG VALANCE 36""W x 12""H",VISTA Shaker BIG VALANCE,Cabinets,Vista,2025 Cabinet Price List Supplier,132.00,61,,each
VA-VAL4212,"Vista BIG  VALANCE 42""W x 12""H",VISTA Shaker BIG VALANCE,Cabinets,Vista,2025 Cabinet Price List Supplier,143.00,61,,each
VA-VAL4812,"Vista BIG VALANCE 48""W x 12""H",VISTA Shaker BIG VALANCE,Cabinets,Vista,2025 Cabinet Price List Supplier,198.00,61,,each
VA-W0930,"Vista Wall Cabinet 9""W x 30""H",VISTA Wall Cabinet,Cabinets,Vista,2025 Cabinet Price List Supplier,129.30,61,,each
VA-W0936,"Vista Wall Cabinet 9""W x 36""H",VISTA Wall Cabinet,Cabinets,Vista,2025 Cabinet Price List Supplier,148.35,61,,each
VA-W0942,"Vista Wall Cabinet 9""W x 42""H",VISTA Wall Cabinet,Cabinets,Vista,2025 Cabinet Price List Supplier,167.41,61,,each
VA-W1230,"Vista Wall Cabinet 12""W x 30""H",VISTA Wall Cabinet,Cabinets,Vista,2025 Cabinet Price List Supplier,150.38,61,,each
VA-W1236,"Vista Wall Cabinet 12""W x 36""H",VISTA Wall Cabinet,Cabinets,Vista,2025 Cabinet Price List Supplier,171.40,61,,each
VA-W1242,"Vista Wall Cabinet 12""W x 42""H",VISTA Wall Cabinet,Cabinets,Vista,2025 Cabinet Price List Supplier,193.95,61,,each
VA-W1530,"Vista Wall Cabinet 15""W x 30""H",VISTA Wall Cabinet,Cabinets,Vista,2025 Cabinet Price List Supplier,174.90,61,,each
VA-W1536,"Vista Wall Cabinet 15""W x 36""H",VISTA Wall Cabinet,Cabinets,Vista,2025 Cabinet Price List Supplier,198.42,61,,each
VA-W1542,"Vista Wall Cabinet 15""W x 42""H",VISTA Wall Cabinet,Cabinets,Vista,2025 Cabinet Price List Supplier,221.82,61,,each
VA-W1830,"Vista Wall Cabinet 18""W x 30""H",VISTA Wall Cabinet,Cabinets,Vista,2025 Cabinet Price List Supplier,201.04,61,,each
VA-W1836,"Vista Wall Cabinet 18""W x 36""H",VISTA Wall Cabinet,Cabinets,Vista,2025 Cabinet Price List Supplier,224.56,61,,each
VA-W1842,"Vista Wall Cabinet 18""W x 42""H",VISTA Wall Cabinet,Cabinets,Vista,2025 Cabinet Price List Supplier,248.16,61,,each
VA-W2130,"Vista Wall Cabinet 21""W x 30""H",VISTA Wall Cabinet,Cabinets,Vista,2025 Cabinet Price List Supplier,225.17,61,,each
VA-W2136,"Vista Wall Cabinet 21""W x 36""H",VISTA Wall Cabinet,Cabinets,Vista,2025 Cabinet Price List Supplier,250.95,61,,each
VA-W2142,"Vista Wall Cabinet 21""W x 42""H",VISTA Wall Cabinet,Cabinets,Vista,2025 Cabinet Price List Supplier,276.74,61,,each
VA-W2412,"Vista Wall Cabinet 24""W x 12""H",VISTA Wall Cabinet,Cabinets,Vista,2025 Cabinet Price List Supplier,159.20,61,,each
VA-W2415,"Vista Wall Cabinet 24""W x 15""H",VISTA Wall Cabinet,Cabinets,Vista,2025 Cabinet Price List Supplier,174.40,61,,each
VA-W2418,"Vista Wall Cabinet 24""W x 18""H",VISTA Wall Cabinet,Cabinets,Vista,2025 Cabinet Price List Supplier,188.80,61,,each
VA-W2424,"Vista Wall Cabinet 24""W x 24""H",VISTA Wall Cabinet,Cabinets,Vista,2025 Cabinet Price List Supplier,239.96,61,,each
VA-W2430,"Vista Wall Cabinet 24""W x 30""H",VISTA Wall Cabinet,Cabinets,Vista,2025 Cabinet Price List Supplier,257.18,61,,each
VA-W2436,"Vista Wall Cabinet 24""W x 36""H",VISTA Wall Cabinet,Cabinets,Vista,2025 Cabinet Price List Supplier,286.16,61,,each
VA-W2442,"Vista Wall Cabinet 24""W x 42""H",VISTA Wall Cabinet,Cabinets,Vista,2025 Cabinet Price List Supplier,309.17,61,,each
VA-W2730,"Vista Wall Cabinet 27""W x 30""H",VISTA Wall Cabinet,Cabinets,Vista,2025 Cabinet Price List Supplier,281.10,61,,each
VA-W2736,"Vista Wall Cabinet 27""W x 36""H",VISTA Wall Cabinet,Cabinets,Vista,2025 Cabinet Price List Supplier,295.43,61,,each
VA-W2742,"Vista Wall Cabinet 27""W x 42""H",VISTA Wall Cabinet,Cabinets,Vista,2025 Cabinet Price List Supplier,309.68,61,,each
VA-W3012,"Vista Wall Cabinet 30""W x 12""H",VISTA Wall Cabinet,Cabinets,Vista,2025 Cabinet Price List Supplier,153.82,61,,each
VA-W301224,"Vista Refrigerator Cabinet 30""W x 12""H x 24""D",VISTA Refrigerator Cabinet,Cabinets,Vista,2025 Cabinet Price List Supplier,212.59,61,,each
VA-W3015,"Vista Wall Cabinet 30""W x 15""H",VISTA Wall Cabinet,Cabinets,Vista,2025 Cabinet Price List Supplier,170.18,61,,each
VA-W301524,"Vista Refrigerator Cabinet 30""W x 15""H x 24""D",VISTA Refrigerator Cabinet,Cabinets,Vista,2025 Cabinet Price List Supplier,237.92,61,,each
VA-W3018,"Vista Wall Cabinet 30""W x 18""H",VISTA Wall Cabinet,Cabinets,Vista,2025 Cabinet Price List Supplier,182.30,61,,each
VA-W301824,"Vista Refrigerator Cabinet 30""W x 18""H x 24""D",VISTA Refrigerator Cabinet,Cabinets,Vista,2025 Cabinet Price List Supplier,261.63,61,,each
VA-W3021,"Vista Wall Cabinet 30""W x 21""H",VISTA Wall Cabinet,Cabinets,Vista,2025 Cabinet Price List Supplier,223.20,61,,each
VA-W302124,"Vista Refrigerator Cabinet 30""W x 21""H x 24""D",VISTA Refrigerator Cabinet,Cabinets,Vista,2025 Cabinet Price List Supplier,330.40,61,,each
VA-W3024,"Vista Wall Cabinet 30""W x 24""H",VISTA Wall Cabinet,Cabinets,Vista,2025 Cabinet Price List Supplier,256.58,61,,each
VA-W302424,"Vista Refrigerator Cabinet 30""W x 24""H x 24""D",VISTA Refrigerator Cabinet,Cabinets,Vista,2025 Cabinet Price List Supplier,345.18,61,,each
VA-W3030,"Vista Wall Cabinet 30""W x 30""H",VISTA Wall Cabinet,Cabinets,Vista,2025 Cabinet Price List Supplier,304.86,61,,each
VA-W3036,"Vista Wall Cabinet 30""W x 36""H",VISTA Wall Cabinet,Cabinets,Vista,2025 Cabinet Price List Supplier,338.45,61,,each
VA-W3042,"Vista Wall Cabinet 30""W x 42""H",VISTA Wall Cabinet,Cabinets,Vista,2025 Cabinet Price List Supplier,371.94,61,,each
VA-W3312,"Vista Wall Cabinet 33""W x 12""H",VISTA Wall Cabinet,Cabinets,Vista,2025 Cabinet Price List Supplier,175.46,61,,each
VA-W331224,"Vista Refrigerator Cabinet 33""W x 12""H x 24""D",VISTA Refrigerator Cabinet,Cabinets,Vista,2025 Cabinet Price List Supplier,219.79,61,,each
VA-W3315,"Vista WALL CABINET 33""W x 15""H",VISTA WALL CABINET,Cabinets,Vista,2025 Cabinet Price List Supplier,184.68,61,,each
VA-W331524,"Vista Refrigerator Cabinet 33""W x 15""H x 24""D",VISTA Refrigerator Cabinet,Cabinets,Vista,2025 Cabinet Price List Supplier,245.12,61,,each
VA-W3318,"Vista Wall Cabinet 33""W x 18""H",VISTA Wall Cabinet,Cabinets,Vista,2025 Cabinet Price List Supplier,194.71,61,,each
VA-W331824,"Vista Refrigerator Cabinet 33""W x 18""H x 24""D",VISTA Refrigerator Cabinet,Cabinets,Vista,2025 Cabinet Price List Supplier,268.83,61,,each
VA-W3324,"Vista Wall Cabinet 33""W x 24""H",VISTA Wall Cabinet,Cabinets,Vista,2025 Cabinet Price List Supplier,268.64,61,,each
VA-W332424,"Vista Wall Cabinet 33""W x 24""H x 24""D",VISTA Wall Cabinet,Cabinets,Vista,2025 Cabinet Price List Supplier,352.38,61,,each
VA-W3330,"Vista Wall Cabinet 33""W x 30""H",VISTA Wall Cabinet,Cabinets,Vista,2025 Cabinet Price List Supplier,322.14,61,,each
VA-W3336,"Vista Wall Cabinet 33""W x 36""H",VISTA Wall Cabinet,Cabinets,Vista,2025 Cabinet Price List Supplier,364.80,61,,each
VA-W3342,"Vista Wall Cabinet 33""W x 42""H",VISTA Wall Cabinet,Cabinets,Vista,2025 Cabinet Price List Supplier,418.82,61,,each
VA-W3612,"Vista Wall Cabinet 36""W x 12""H",VISTA Wall Cabinet,Cabinets,Vista,2025 Cabinet Price List Supplier,167.75,61,,each
VA-W361224,"Vista Refrigerator Cabinet 36""W x 12""H x 24""D",VISTA Refrigerator Cabinet,Cabinets,Vista,2025 Cabinet Price List Supplier,226.99,61,,each
VA-W3615,"Vista Wall Cabinet 36""W x 15""H",VISTA Wall Cabinet,Cabinets,Vista,2025 Cabinet Price List Supplier,195.72,61,,each
VA-W361524,"Vista Refrigerator Cabinet 36""W x 15""H x 24""D",VISTA Refrigerator Cabinet,Cabinets,Vista,2025 Cabinet Price List Supplier,252.32,61,,each
VA-W3618,"Vista Wall Cabinet 36""W x 18""H",VISTA Wall Cabinet,Cabinets,Vista,2025 Cabinet Price List Supplier,218.94,61,,each
VA-W361824,"Vista Refrigerator Cabinet 36""W x 18""H x 24""D",VISTA Refrigerator Cabinet,Cabinets,Vista,2025 Cabinet Price List Supplier,276.03,61,,each
VA-W3621,"Vista Wall Cabinet 36""W x 21""H",VISTA Wall Cabinet,Cabinets,Vista,2025 Cabinet Price List Supplier,255.20,61,,each
VA-W3621-24,"Vista Refrigerator Cabinet 36""W x 21""H",VISTA Refrigerator Cabinet,Cabinets,Vista,2025 Cabinet Price List Supplier,360.80,61,,each
VA-W3624,"Vista Wall cabinet 36""W x 24""H",VISTA Wall cabinet,Cabinets,Vista,2025 Cabinet Price List Supplier,282.17,61,,each
VA-W362424,"Vista Refrigerator Cabinet 36""W x 24""H x 24""D",VISTA Refrigerator Cabinet,Cabinets,Vista,2025 Cabinet Price List Supplier,359.58,61,,each
VA-W3630,"Vista Wall Cabinet 36""W x 30""H",VISTA Wall Cabinet,Cabinets,Vista,2025 Cabinet Price List Supplier,345.25,61,,each
VA-W3636,"Vista Wall Cabinet 36""W x 36""H",VISTA Wall Cabinet,Cabinets,Vista,2025 Cabinet Price List Supplier,390.89,61,,each
VA-W3642,"Vista Wall Cabinet 36""W x 42""H",VISTA Wall Cabinet,Cabinets,Vista,2025 Cabinet Price List Supplier,447.43,61,,each
VA-WDC2430,"Vista Wall Diagonal Cabinet 24""W x 30""H",VISTA Wall Diagonal Cabinet,Cabinets,Vista,2025 Cabinet Price List Supplier,316.98,61,,each
VA-WDC2436,"Vista Wall Diagonal Cabinet 24""W x 36""H",VISTA Wall Diagonal Cabinet,Cabinets,Vista,2025 Cabinet Price List Supplier,354.82,61,,each
VA-WDC2442,"Vista Wall Diagonal Cabinet 24""W x 42""H",VISTA Wall Diagonal Cabinet,Cabinets,Vista,2025 Cabinet Price List Supplier,389.78,61,,each
VA-WDC273615,"Vista Wall Diagonal Cabinet 27""W x 36""H x 15""D",VISTA Wall Diagonal Cabinet,Cabinets,Vista,2025 Cabinet Price List Supplier,417.75,61,,each
VA-WDC274215,"Vista Wall Diagonal Cabinet 27""W x 42""H x 15""D",VISTA Wall Diagonal Cabinet,Cabinets,Vista,2025 Cabinet Price List Supplier,454.42,61,,each
VA-WEC1230,"Vista Wall End Angle Cabinet 12""W x 30""H",VISTA Wall End Angle Cabinet,Cabinets,Vista,2025 Cabinet Price List Supplier,177.74,61,,each
VA-WEC1236,"Vista Wall End Angle Cabinet 12""W x 36""H",VISTA Wall End Angle Cabinet,Cabinets,Vista,2025 Cabinet Price List Supplier,200.58,61,,each
VA-WEC1242,"Vista Angled Wall Cabinet 12""W x 42""H",VISTA Angled Wall Cabinet,Cabinets,Vista,2025 Cabinet Price List Supplier,220.95,61,,each
VA-WES0930,"Vista Wall End Shelf Cabinet 9""W x 30""H",VISTA Wall End Shelf Cabinet,Cabinets,Vista,2025 Cabinet Price List Supplier,153.64,61,,each
VA-WES0936,"Vista Wall End Shelf Cabinet 9""W x 36""H",VISTA Wall End Shelf Cabinet,Cabinets,Vista,2025 Cabinet Price List Supplier,182.02,61,,each
VA-WES0942,"Vista Wall End Shelf Cabinet 9""W x 42""H",VISTA Wall End Shelf Cabinet,Cabinets,Vista,2025 Cabinet Price List Supplier,213.75,61,,each
VA-WF1.5X96,"Vista Tall Filler 1.5""W x 96""H",VISTA Shaker Tall Filler,Cabinets,Vista,2025 Cabinet Price List Supplier,60.00,61,,each
VA-WF330,"Vista Wall Filler 3""x30""","VISTA Shaker Wall Filler 3""x30""",Cabinets,Vista,2025 Cabinet Price List Supplier,23.75,61,,each
VA-WF336,"Vista Wall Filler 3x36""","VISTA Shaker Wall Filler 3x36""",Cabinets,Vista,2025 Cabinet Price List Supplier,28.18,61,,each
VA-WF342,"Vista Wall Filler 3""W x 42""H",VISTA Shaker Wall Filler,Cabinets,Vista,2025 Cabinet Price List Supplier,32.87,61,,each
VA-WF396,"Vista Tall Filler 3""W x 96""H",VISTA Shaker Tall Filler,Cabinets,Vista,2025 Cabinet Price List Supplier,67.70,61,,each
VA-WF630,"Vista WALL FILLER 6X30 6""W x 30""H",VISTA Shaker WALL FILLER 6X30,Cabinets,Vista,2025 Cabinet Price List Supplier,46.74,61,,each
VA-WF636,"Vista Wall Filler 6""x36""","VISTA Shaker Wall Filler 6""x36""",Cabinets,Vista,2025 Cabinet Price List Supplier,53.20,61,,each
VA-WF642,"Vista Wall Filler 6""W x 42""H",VISTA Shaker Wall Filler,Cabinets,Vista,2025 Cabinet Price List Supplier,59.79,61,,each
VA-WF696,"Vista Tall Filler 6""x96""","VISTA Shaker Tall Filler 6""x96""",Cabinets,Vista,2025 Cabinet Price List Supplier,131.04,61,,each
VA-WLS2430,"Vista Wall Corner Bi-Fold Door Cabinet 24""W x 30""H",VISTA Wall Corner Bi-Fold Door Cabinet,Cabinets,Vista,2025 Cabinet Price List Supplier,322.40,61,,each
VA-WLS2436,"Vista Wall Corner Bi-Fold Door Cabinet 24""W x 36""H",VISTA Wall Corner Bi-Fold Door Cabinet,Cabinets,Vista,2025 Cabinet Price List Supplier,360.80,61,,each
VA-WLS2442,"Vista Wall Corner Bi-Fold Door Cabinet 24""W x 42""H",VISTA Wall Corner Bi-Fold Door Cabinet,Cabinets,Vista,2025 Cabinet Price List Supplier,396.80,61,,each
VA-WMC3030,"Vista Microwave Cabinet 30""W x 30""H",VISTA Microwave Cabinet,Cabinets,Vista,2025 Cabinet Price List Supplier,352.64,61,,each
VA-WMC3036,"Vista Microwave Cabinet 30""W x 36""H",VISTA Microwave Cabinet,Cabinets,Vista,2025 Cabinet Price List Supplier,367.02,61,,each
VA-WMC3042,"Vista Microwave Cabinet 30""W x 42""H",VISTA Microwave Cabinet,Cabinets,Vista,2025 Cabinet Price List Supplier,387.50,61,,each
VA-WP1884,"Vista Tall Pantry 18""W x 84""H",VISTA Tall Pantry,Cabinets,Vista,2025 Cabinet Price List Supplier,618.94,61,,each
VA-WP1890,"Vista Tall Pantry 18""W x 90""H",VISTA Tall Pantry,Cabinets,Vista,2025 Cabinet Price List Supplier,659.07,61,,each
VA-WP1896,"Vista Tall Pantry 18""W x 96""H",VISTA Tall Pantry,Cabinets,Vista,2025 Cabinet Price List Supplier,699.30,61,,each
VA-WP2484,"Vista Tall Pantry 24""W x 84""H",VISTA Tall Pantry,Cabinets,Vista,2025 Cabinet Price List Supplier,672.30,61,,each
VA-WP2490,"Vista Tall Pantry 24""W x 90""H",VISTA Tall Pantry,Cabinets,Vista,2025 Cabinet Price List Supplier,701.84,61,,each
VA-WP2496,"Vista Tall Pantry 24""W x 96""H",VISTA Tall Pantry,Cabinets,Vista,2025 Cabinet Price List Supplier,751.58,61,,each
VA-WP3084,"Vista Tall Pantry 30""W x 84""H",VISTA Tall Pantry,Cabinets,Vista,2025 Cabinet Price List Supplier,705.60,61,,each
VA-WP3090,"Vista Tall Pantry 30""W x 90""H",VISTA Tall Pantry,Cabinets,Vista,2025 Cabinet Price List Supplier,746.40,61,,each
VA-WP3096,"Vista Tall Pantry 30""W x 96""H",VISTA Tall Pantry,Cabinets,Vista,2025 Cabinet Price List Supplier,786.40,61,,each
WB-15,Trash can Insert with 1 Can,Trash can Insert with 1 Can,Cabinets,,2025 Cabinet Price List Supplier,248.00,61,,each
WB-18,Trash can Insert with 2 Cans,Trash can Insert with 2 Cans,Cabinets,,2025 Cabinet Price List Supplier,267.00,61,,each
WB-21,Trash can Insert with 2 Cans,Trash can Insert with 2 Cans,Cabinets,,2025 Cabinet Price List Supplier,287.00,61,,each
WH-B09,"White Stone Base Cabinet 9""W",White Stone Base Cabinet,Cabinets,White Stone,2025 Cabinet Price List Supplier,164.98,61,,each
WH-B12,"White Stone Base Cabinet 12""W",White Stone Base Cabinet,Cabinets,White Stone,2025 Cabinet Price List Supplier,216.60,61,,each
WH-B15,"White Stone Base Cabinet 15""W",White Stone Base Cabinet,Cabinets,White Stone,2025 Cabinet Price List Supplier,258.40,61,,each
WH-B18,"White Stone Base Cabinet 18""W",White Stone Base Cabinet,Cabinets,White Stone,2025 Cabinet Price List Supplier,302.22,61,,each
WH-B21,"White Stone Base Cabinet 21""W",White Stone Base Cabinet,Cabinets,White Stone,2025 Cabinet Price List Supplier,328.82,61,,each
WH-B24,"White Stone Base Cabinet 24""W",White Stone Base Cabinet,Cabinets,White Stone,2025 Cabinet Price List Supplier,362.93,61,,each
WH-B27,"White Stone Base Cabinet 27""W",White Stone Base Cabinet,Cabinets,White Stone,2025 Cabinet Price List Supplier,391.40,61,,each
WH-B30,"White Stone Base Cabinet 30""W",White Stone Base Cabinet,Cabinets,White Stone,2025 Cabinet Price List Supplier,459.90,61,,each
WH-B33,"White Stone Base Cabinet 33""W",White Stone Base Cabinet,Cabinets,White Stone,2025 Cabinet Price List Supplier,489.49,61,,each
WH-B36,"White Stone Base Cabinet 36""W",White Stone Base Cabinet,Cabinets,White Stone,2025 Cabinet Price List Supplier,518.98,61,,each
WH-BBC39,"White Stone Blind Corner Cabinet 39""W",White Stone Blind Corner Cabinet,Cabinets,White Stone,2025 Cabinet Price List Supplier,393.68,61,,each
WH-BBC42,"White Stone Blind Corner Cabinet 42""W",White Stone Blind Corner Cabinet,Cabinets,White Stone,2025 Cabinet Price List Supplier,516.75,61,,each
WH-BEC24,"White Stone Base End Angle 24""W",White Stone Base End Angle,Cabinets,White Stone,2025 Cabinet Price List Supplier,460.26,61,,each
WH-BLS33N,"White Stone Lazy Susan cabinet with shelf only. No Trays. 33""W",White Stone Lazy Susan cabinet with shelf only. No Trays.,Cabinets,White Stone,2025 Cabinet Price List Supplier,582.13,61,,each
WH-BLS36N,"White Stone Lazy Susan cabinet with shelf only. No Trays. 36""W",White Stone Lazy Susan cabinet with shelf only. No Trays.,Cabinets,White Stone,2025 Cabinet Price List Supplier,628.29,61,,each
WH-BMC30,"White Stone Base Microwave Cabinet 30""","White Stone Base Microwave Cabinet 30""",Cabinets,White Stone,2025 Cabinet Price List Supplier,428.00,61,,each
WH-BSR06,"White Stone Spice Rack Cabinet 6""W",White Stone Spice Rack Cabinet,Cabinets,White Stone,2025 Cabinet Price List Supplier,212.80,61,,each
WH-BSR09,"White Stone Spice Rack Cabinet 9""W",White Stone Spice Rack Cabinet,Cabinets,White Stone,2025 Cabinet Price List Supplier,222.94,61,,each
WH-BSR12,"White Stone Spice Rack Cabinet 12""","White Stone Spice Rack Cabinet 12""",Cabinets,White Stone,2025 Cabinet Price List Supplier,240.00,61,,each
WH-CSB36,"White Stone Diagonal Corner Sink Base 36""W",White Stone Diagonal Corner Sink Base,Cabinets,White Stone,2025 Cabinet Price List Supplier,610.84,61,,each
WH-D1230W,"White Stone Wall Decorative Door 12""W x 30""H",White Stone Wall Decorative Door,Cabinets,White Stone,2025 Cabinet Price List Supplier,68.76,61,,each
WH-D1236W,"White Stone Wall Decorative Door 12""W x 36""H",White Stone Wall Decorative Door,Cabinets,White Stone,2025 Cabinet Price List Supplier,82.74,61,,each
WH-D1242W,"White Stone Wall Decorative Door 12""W x 42""H",White Stone Wall Decorative Door,Cabinets,White Stone,2025 Cabinet Price List Supplier,96.73,61,,each
WH-D1249W,"White Stone Wall Decorative Door 12""W x 49""H",White Stone Wall Decorative Door,Cabinets,White Stone,2025 Cabinet Price List Supplier,134.40,61,,each
WH-D2430B,"White Stone Base Decorative Door 24""W x 30""H",White Stone Base Decorative Door,Cabinets,White Stone,2025 Cabinet Price List Supplier,142.73,61,,each
WH-DB12-3,"White Stone Drawer Base Cabinet 12""W",White Stone Drawer Base Cabinet,Cabinets,White Stone,2025 Cabinet Price List Supplier,350.66,61,,each
WH-DB15-3,"White Stone Drawer Base Cabinet 15""W",White Stone Drawer Base Cabinet,Cabinets,White Stone,2025 Cabinet Price List Supplier,392.57,61,,each
WH-DB18-3,"White Stone Drawer Base Cabinet 18""W",White Stone Drawer Base Cabinet,Cabinets,White Stone,2025 Cabinet Price List Supplier,434.42,61,,each
WH-DB21-3,"White Stone Drawer Base Cabinet 21""W",White Stone Drawer Base Cabinet,Cabinets,White Stone,2025 Cabinet Price List Supplier,480.12,61,,each
WH-DB24-3,"White Stone Drawer Base Cabinet 24""W",White Stone Drawer Base Cabinet,Cabinets,White Stone,2025 Cabinet Price List Supplier,522.73,61,,each
WH-DB30-3,"White Stone Drawer Base Cabinet 30""W",White Stone Drawer Base Cabinet,Cabinets,White Stone,2025 Cabinet Price List Supplier,557.79,61,,each
WH-DB36-3,"White Stone Drawer Base Cabinet 36""W",White Stone Drawer Base Cabinet,Cabinets,White Stone,2025 Cabinet Price List Supplier,597.66,61,,each
WH-FA2421,"White Stone Sink Vanity Cabinet 24""W x 21""H",White Stone Sink Vanity Cabinet,Cabinets,White Stone,2025 Cabinet Price List Supplier,219.49,61,,each
WH-FA3021,"White Stone Sink Vanity Cabinet 30""W x 21""H",White Stone Sink Vanity Cabinet,Cabinets,White Stone,2025 Cabinet Price List Supplier,254.05,61,,each
WH-FA3021DL,"White Stone Vanity with 2 drawers, Drawers on the Left 30""W x 21""H","White Stone Vanity with 2 drawers, Drawers on the Left",Cabinets,White Stone,2025 Cabinet Price List Supplier,416.12,61,,each
WH-FA3021DR,"White Stone Vanity with 2 drawer, Drawers on the right 30""W x 21""H","White Stone Vanity with 2 drawer, Drawers on the right",Cabinets,White Stone,2025 Cabinet Price List Supplier,416.12,61,,each
WH-FA3621DL,"White Stone Vanity with 2 drawers, Drawers on the left 36""W x 21""H","White Stone White Stone Vanity with 2 drawers, Drawers on the left",Cabinets,White Stone,2025 Cabinet Price List Supplier,450.83,61,,each
WH-FA3621DR,"White Stone Vanity with 2 drawers, drawers on the right 36""W x 21""H","White Stone Vanity with 2 drawers, drawers on the right",Cabinets,White Stone,2025 Cabinet Price List Supplier,450.83,61,,each
WH-FD30,"White Stone Knee Drawer Cabinet 30""W",White Stone Knee Drawer Cabinet,Cabinets,White Stone,2025 Cabinet Price List Supplier,99.91,61,,each
WH-FSB36,"White Stone Farm Sink Base Cabinet 36""","White Stone Farm Sink Base Cabinet 36""",Cabinets,White Stone,2025 Cabinet Price List Supplier,440.00,61,,each
WH-GD1230,"White Stone Frosted Glass and Frame 12""W x 30""H",White Stone Frosted Glass and Frame,Cabinets,White Stone,2025 Cabinet Price List Supplier,80.26,61,,each
WH-GD1236,"White Stone Frosted Glass and Frame 12""W x 36""H",White Stone Frosted Glass and Frame,Cabinets,White Stone,2025 Cabinet Price List Supplier,89.22,61,,each
WH-GD1242,"White Stone Frosted Glass and Frame 12""W x 42""H",White Stone Frosted Glass and Frame,Cabinets,White Stone,2025 Cabinet Price List Supplier,98.17,61,,each
WH-GD1530,"White Stone Frosted Glass and Frame 15""W x 30""H",White Stone Frosted Glass and Frame,Cabinets,White Stone,2025 Cabinet Price List Supplier,93.50,61,,each
WH-GD1536,"White Stone Frosted Glass and Frame 15""W x 36""H",White Stone Frosted Glass and Frame,Cabinets,White Stone,2025 Cabinet Price List Supplier,102.46,61,,each
WH-GD1542,"White Stone Frosted Glass and Frame 15""W x 42""H",White Stone Frosted Glass and Frame,Cabinets,White Stone,2025 Cabinet Price List Supplier,112.19,61,,each
WH-GD1830,"White Stone Frosted Glass and Frame 18""W x 30""H",White Stone Frosted Glass and Frame,Cabinets,White Stone,2025 Cabinet Price List Supplier,107.90,61,,each
WH-GD1836,"White Stone Frosted Glass and Frame 18""W x 36""H",White Stone Frosted Glass and Frame,Cabinets,White Stone,2025 Cabinet Price List Supplier,116.78,61,,each
WH-GD1842,"White Stone Frosted Glass and Frame 18""W x 42""H",White Stone Frosted Glass and Frame,Cabinets,White Stone,2025 Cabinet Price List Supplier,128.00,61,,each
WH-OC3384,"White Stone Wall Oven Cabinet 33""W x 84""H",White Stone Wall Oven Cabinet,Cabinets,White Stone,2025 Cabinet Price List Supplier,857.13,61,,each
WH-OC3390,"White Stone Wall Oven Cabinet 33""W x 90""H",White Stone Wall Oven Cabinet,Cabinets,White Stone,2025 Cabinet Price List Supplier,866.04,61,,each
WH-OC3396,"White Stone Wall Oven Cabinet 33""W x 96""H",White Stone Wall Oven Cabinet,Cabinets,White Stone,2025 Cabinet Price List Supplier,974.78,61,,each
WH-SB24,"White Stone Sink Base Cabinet 24""W",White Stone Sink Base Cabinet,Cabinets,White Stone,2025 Cabinet Price List Supplier,256.62,61,,each
WH-SB27,"White Stone Sink Base 27""W",White Stone Sink Base,Cabinets,White Stone,2025 Cabinet Price List Supplier,286.42,61,,each
WH-SB30,"White Stone Sink Base 30""W",White Stone Sink Base,Cabinets,White Stone,2025 Cabinet Price List Supplier,320.62,61,,each
WH-SB33,"White Stone Sink Base 33""W",White Stone Sink Base,Cabinets,White Stone,2025 Cabinet Price List Supplier,380.26,61,,each
WH-SB36,"White Stone Sink Base 36""W",White Stone Sink Base,Cabinets,White Stone,2025 Cabinet Price List Supplier,406.40,61,,each
WH-SD,White Stone Sample Doors,White Stone Sample Doors,Cabinets,White Stone,2025 Cabinet Price List Supplier,40.00,61,,each
WH-SVA12D-3,"White Stone Vanity 3 Drawers Cabinet 12""W",White Stone Vanity 3 Drawers Cabinet,Cabinets,White Stone,2025 Cabinet Price List Supplier,324.01,61,,each
WH-SVA15D-3,"White Stone Vanity 3 Drawer Cabinet 15""W",White Stone Vanity 3 Drawer Cabinet,Cabinets,White Stone,2025 Cabinet Price List Supplier,359.38,61,,each
WH-SVA18D-3,"White Stone Vanity 3 Drawers Cabinet 18""W",White Stone Vanity 3 Drawers Cabinet,Cabinets,White Stone,2025 Cabinet Price List Supplier,395.30,61,,each
WH-SVAM2430,"White Stone Mirror 24""W x 30""H",White Stone Mirror,Cabinets,White Stone,2025 Cabinet Price List Supplier,154.00,61,,each
WH-W0930,"White Stone Wall Cabinet 9""W x 30""H",White Stone Wall Cabinet,Cabinets,White Stone,2025 Cabinet Price List Supplier,129.30,61,,each
WH-W0936,"White Stone Wall Cabinet 9""W x 36""H",White Stone Wall Cabinet,Cabinets,White Stone,2025 Cabinet Price List Supplier,148.35,61,,each
WH-W0942,"White Stone Wall Cabinet 9""W x 42""H",White Stone Wall Cabinet,Cabinets,White Stone,2025 Cabinet Price List Supplier,167.41,61,,each
WH-W1230,"White Stone Wall Cabinet 12""W x 30""H",White Stone Wall Cabinet,Cabinets,White Stone,2025 Cabinet Price List Supplier,150.38,61,,each
WH-W1236,"White Stone Wall Cabinet 12""W x 36""H",White Stone Wall Cabinet,Cabinets,White Stone,2025 Cabinet Price List Supplier,171.40,61,,each
WH-W1242,"White Stone Wall Cabinet 12""W x 42""H",White Stone Wall Cabinet,Cabinets,White Stone,2025 Cabinet Price List Supplier,193.95,61,,each
WH-W1530,"White Stone Wall Cabinet 15""W x 30""H",White Stone Wall Cabinet,Cabinets,White Stone,2025 Cabinet Price List Supplier,174.90,61,,each
WH-W1536,"White Stone Wall Cabinet 15""W x 36""H",White Stone Wall Cabinet,Cabinets,White Stone,2025 Cabinet Price List Supplier,198.42,61,,each
WH-W1542,"White Stone Wall Cabinet 15""W x 42""H",White Stone Wall Cabinet,Cabinets,White Stone,2025 Cabinet Price List Supplier,221.82,61,,each
WH-W1830,"White Stone Wall Cabinet 18""W x 30""H",White Stone Wall Cabinet,Cabinets,White Stone,2025 Cabinet Price List Supplier,201.04,61,,each
WH-W1836,"White Stone Wall Cabinet 18""W x 36""H",White Stone Wall Cabinet,Cabinets,White Stone,2025 Cabinet Price List Supplier,224.56,61,,each
WH-W1842,"White Stone Wall Cabinet 18""W x 42""H",White Stone Wall Cabinet,Cabinets,White Stone,2025 Cabinet Price List Supplier,248.16,61,,each
WH-W2130,"White Stone Wall Cabinet 21""W x 30""H",White Stone Wall Cabinet,Cabinets,White Stone,2025 Cabinet Price List Supplier,225.17,61,,each
WH-W2136,"White Stone Wall Cabinet 21""W x 36""H",White Stone Wall Cabinet,Cabinets,White Stone,2025 Cabinet Price List Supplier,250.95,61,,each
WH-W2142,"White Stone Wall Cabinet 21""W x 42""H",White Stone Wall Cabinet,Cabinets,White Stone,2025 Cabinet Price List Supplier,276.74,61,,each
WH-W2412,"White Stone Wall Cabinet 24""W x 12""H",White Stone Wall Cabinet,Cabinets,White Stone,2025 Cabinet Price List Supplier,159.20,61,,each
WH-W2415,"White Stone Wall Cabinet 24""W x 15""H",White Stone Wall Cabinet,Cabinets,White Stone,2025 Cabinet Price List Supplier,174.40,61,,each
WH-W2418,"White Stone Wall Cabinet 24""W x 18""H",White Stone Wall Cabinet,Cabinets,White Stone,2025 Cabinet Price List Supplier,188.80,61,,each
WH-W2424,"White Stone Wall Cabinet 24""W x 24""H",White Stone Wall Cabinet,Cabinets,White Stone,2025 Cabinet Price List Supplier,239.96,61,,each
WH-W2430,"White Stone Wall Cabinet 24""W x 30""H",White Stone Wall Cabinet,Cabinets,White Stone,2025 Cabinet Price List Supplier,257.18,61,,each
WH-W2436,"White Stone Wall Cabinet 24""W x 36""H",White Stone Wall Cabinet,Cabinets,White Stone,2025 Cabinet Price List Supplier,286.16,61,,each
WH-W2442,"White Stone Wall Cabinet 24""W x 42""H",White Stone Wall Cabinet,Cabinets,White Stone,2025 Cabinet Price List Supplier,309.17,61,,each
WH-W2730,"White Stone Wall Cabinet 27""W x 30""H",White Stone Wall Cabinet,Cabinets,White Stone,2025 Cabinet Price List Supplier,281.10,61,,each
WH-W2736,"White Stone Wall Cabinet 27""W x 36""H",White Stone Wall Cabinet,Cabinets,White Stone,2025 Cabinet Price List Supplier,295.43,61,,each
WH-W2742,"White Stone Wall Cabinet 27""W x 42""H",White Stone Wall Cabinet,Cabinets,White Stone,2025 Cabinet Price List Supplier,309.68,61,,each
WH-W3012,"White Stone Wall Cabinet 30""W x 12""H",White Stone Wall Cabinet,Cabinets,White Stone,2025 Cabinet Price List Supplier,153.82,61,,each
WH-W301224,"White Stone Refrigerator Cabinet 30""W x 12""H x 24""D",White Stone Refrigerator Cabinet,Cabinets,White Stone,2025 Cabinet Price List Supplier,212.59,61,,each
WH-W3015,"White Stone Wall Cabinet 30""W x 15""H",White Stone Wall Cabinet,Cabinets,White Stone,2025 Cabinet Price List Supplier,170.18,61,,each
WH-W301524,"White Stone Refrigerator Cabinet 30""W x 15""H x 24""D",White Stone Refrigerator Cabinet,Cabinets,White Stone,2025 Cabinet Price List Supplier,237.92,61,,each
WH-W3018,"White Stone Wall Cabinet 30""W x 18""H",White Stone Wall Cabinet,Cabinets,White Stone,2025 Cabinet Price List Supplier,182.30,61,,each
WH-W301824,"White Stone Refrigerator Cabinet 30""W x 18""H x 24""D",White Stone Refrigerator Cabinet,Cabinets,White Stone,2025 Cabinet Price List Supplier,261.63,61,,each
WH-W3021,"White Stone Wall Cabinet 30""W x 21""H",White Stone Wall Cabinet,Cabinets,White Stone,2025 Cabinet Price List Supplier,223.20,61,,each
WH-W302124,"White Stone Refrigerator Cabinet 30""W x 21""H x 24""D",White Stone Refrigerator Cabinet,Cabinets,White Stone,2025 Cabinet Price List Supplier,330.40,61,,each
WH-W3024,"White Stone Wall Cabinet 30""W x 24""H",White Stone Wall Cabinet,Cabinets,White Stone,2025 Cabinet Price List Supplier,256.58,61,,each
WH-W302424,"White Stone Refrigerator Cabinet 30""W x 24""H x 24""D",White Stone Refrigerator Cabinet,Cabinets,White Stone,2025 Cabinet Price List Supplier,345.18,61,,each
WH-W3030,"White Stone Wall Cabinet 30""W x 30""H",White Stone Wall Cabinet,Cabinets,White Stone,2025 Cabinet Price List Supplier,304.86,61,,each
WH-W3036,"White Stone Wall Cabinet 30""W x 36""H",White Stone Wall Cabinet,Cabinets,White Stone,2025 Cabinet Price List Supplier,338.45,61,,each
WH-W3042,"White Stone Wall Cabinet 30""W x 42""H",White Stone Wall Cabinet,Cabinets,White Stone,2025 Cabinet Price List Supplier,371.94,61,,each
WH-W3312,"White Stone Wall Cabinet 33""W x 12""H",White Stone Wall Cabinet,Cabinets,White Stone,2025 Cabinet Price List Supplier,175.46,61,,each
WH-W331224,"White Stone Refrigerator Cabinet 33""W x 12""H x 24""D",White Stone Refrigerator Cabinet,Cabinets,White Stone,2025 Cabinet Price List Supplier,219.79,61,,each
WH-W3315,"White Stone WALL CABINET 33""W x 15""H",White Stone WALL CABINET,Cabinets,White Stone,2025 Cabinet Price List Supplier,184.68,61,,each
WH-W331524,"White Stone Refrigerator Cabinet 33""W x 15""H x 24""D",White Stone Refrigerator Cabinet,Cabinets,White Stone,2025 Cabinet Price List Supplier,245.12,61,,each
WH-W3318,"White Stone Wall Cabinet 33""W x 18""H",White Stone Wall Cabinet,Cabinets,White Stone,2025 Cabinet Price List Supplier,194.71,61,,each
WH-W331824,"White Stone Refrigerator Cabinet 33""W x 18""H x 24""D",White Stone Refrigerator Cabinet,Cabinets,White Stone,2025 Cabinet Price List Supplier,268.83,61,,each
WH-W3324,"White Stone Wall Cabinet 33""W x 24""H",White Stone Wall Cabinet,Cabinets,White Stone,2025 Cabinet Price List Supplier,268.64,61,,each
WH-W332424,"White Stone Wall Cabinet 33""W x 24""H x 24""D",White Stone Wall Cabinet,Cabinets,White Stone,2025 Cabinet Price List Supplier,352.38,61,,each
WH-W3330,"White Stone Wall Cabinet 33""W x 30""H",White Stone Wall Cabinet,Cabinets,White Stone,2025 Cabinet Price List Supplier,322.14,61,,each
WH-W3336,"White Stone Wall Cabinet 33""W x 36""H",White Stone Wall Cabinet,Cabinets,White Stone,2025 Cabinet Price List Supplier,364.80,61,,each
WH-W3342,"White Stone Wall Cabinet 33""W x 42""H",White Stone Wall Cabinet,Cabinets,White Stone,2025 Cabinet Price List Supplier,418.82,61,,each
WH-W3612,"White Stone Wall Cabinet 36""W x 12""H",White Stone Wall Cabinet,Cabinets,White Stone,2025 Cabinet Price List Supplier,167.75,61,,each
WH-W361224,"White Stone Refrigerator Cabinet 36""W x 12""H x 24""D",White Stone Refrigerator Cabinet,Cabinets,White Stone,2025 Cabinet Price List Supplier,226.99,61,,each
WH-W3615,"White Stone Wall Cabinet 36""W x 15""H",White Stone Wall Cabinet,Cabinets,White Stone,2025 Cabinet Price List Supplier,195.72,61,,each
WH-W361524,"White Stone Refrigerator Cabinet 36""W x 15""H x 24""D",White Stone Refrigerator Cabinet,Cabinets,White Stone,2025 Cabinet Price List Supplier,252.32,61,,each
WH-W3618,"White Stone Wall Cabinet 36""W x 18""H",White Stone Wall Cabinet,Cabinets,White Stone,2025 Cabinet Price List Supplier,218.94,61,,each
WH-W361824,"White Stone Refrigerator Cabinet 36""W x 18""H x 24""D",White Stone Refrigerator Cabinet,Cabinets,White Stone,2025 Cabinet Price List Supplier,276.03,61,,each
WH-W3621,"White Stone Wall Cabinet 36""W x 21""H",White Stone Wall Cabinet,Cabinets,White Stone,2025 Cabinet Price List Supplier,255.20,61,,each
WH-W3621-24,"White Stone Refrigerator Cabinet 36""W x 21""H",White Stone Refrigerator Cabinet,Cabinets,White Stone,2025 Cabinet Price List Supplier,360.80,61,,each
WH-W3624,"White Stone Wall cabinet 36""W x 24""H",White Stone Wall cabinet,Cabinets,White Stone,2025 Cabinet Price List Supplier,282.17,61,,each
WH-W362424,"White Stone Refrigerator Cabinet 36""W x 24""H x 24""D",White Stone Refrigerator Cabinet,Cabinets,White Stone,2025 Cabinet Price List Supplier,359.58,61,,each
WH-W3630,"White Stone Wall Cabinet 36""W x 30""H",White Stone Wall Cabinet,Cabinets,White Stone,2025 Cabinet Price List Supplier,345.25,61,,each
WH-W3636,"White Stone Wall Cabinet 36""W x 36""H",White Stone Wall Cabinet,Cabinets,White Stone,2025 Cabinet Price List Supplier,390.89,61,,each
WH-W3642,"White Stone Wall Cabinet 36""W x 42""H",White Stone Wall Cabinet,Cabinets,White Stone,2025 Cabinet Price List Supplier,447.43,61,,each
WH-WDC2430,"White Stone Wall Diagonal Cabinet 24""W x 30""H",White Stone Wall Diagonal Cabinet,Cabinets,White Stone,2025 Cabinet Price List Supplier,316.98,61,,each
WH-WDC2436,"White Stone Wall Diagonal Cabinet 24""W x 36""H",White Stone Wall Diagonal Cabinet,Cabinets,White Stone,2025 Cabinet Price List Supplier,354.82,61,,each
WH-WDC2442,"White Stone Wall Diagonal Cabinet 24""W x 42""H",White Stone Wall Diagonal Cabinet,Cabinets,White Stone,2025 Cabinet Price List Supplier,389.78,61,,each
WH-WDC273615,"White Stone Wall Diagonal Cabinet 27""W x 36""H x 15""D",White Stone Wall Diagonal Cabinet,Cabinets,White Stone,2025 Cabinet Price List Supplier,417.75,61,,each
WH-WDC274215,"White Stone Wall Diagonal Cabinet 27""W x 42""H x 15""D",White Stone Wall Diagonal Cabinet,Cabinets,White Stone,2025 Cabinet Price List Supplier,454.42,61,,each
WH-WEC1230,"White Stone Wall End Angle Cabinet 12""W x 30""H",White Stone Wall End Angle Cabinet,Cabinets,White Stone,2025 Cabinet Price List Supplier,177.74,61,,each
WH-WEC1236,"White Stone Wall End Angle Cabinet 12""W x 36""H",White Stone Wall End Angle Cabinet,Cabinets,White Stone,2025 Cabinet Price List Supplier,200.58,61,,each
WH-WEC1242,"White Stone Angled Wall Cabinet 12""W x 42""H",White Stone Angled Wall Cabinet,Cabinets,White Stone,2025 Cabinet Price List Supplier,220.95,61,,each
WH-WLS2430,"White Stone Wall Corner Bi-Fold Door Cabinet 24""W x 30""H",White Stone Wall Corner Bi-Fold Door Cabinet,Cabinets,White Stone,2025 Cabinet Price List Supplier,322.40,61,,each
WH-WLS2436,"White Stone Wall Corner Bi-Fold Door Cabinet 24""W x 36""H",White Stone Wall Corner Bi-Fold Door Cabinet,Cabinets,White Stone,2025 Cabinet Price List Supplier,360.80,61,,each
WH-WLS2442,"White Stone Wall Corner Bi-Fold Door Cabinet 24""W x 42""H",White Stone Wall Corner Bi-Fold Door Cabinet,Cabinets,White Stone,2025 Cabinet Price List Supplier,396.80,61,,each
WH-WMC3030,"White Stone Microwave Cabinet 30""W x 30""H",White Stone Microwave Cabinet,Cabinets,White Stone,2025 Cabinet Price List Supplier,352.64,61,,each
WH-WMC3036,"White Stone Microwave Cabinet 30""W x 36""H",White Stone Microwave Cabinet,Cabinets,White Stone,2025 Cabinet Price List Supplier,367.02,61,,each
WH-WMC3042,"White Stone Microwave Cabinet 30""W x 42""H",White Stone Microwave Cabinet,Cabinets,White Stone,2025 Cabinet Price List Supplier,387.50,61,,each
WH-WP1884,"White Stone Tall Pantry 18""W x 84""H",White Stone Tall Pantry,Cabinets,White Stone,2025 Cabinet Price List Supplier,618.94,61,,each
WH-WP1890,"White Stone Tall Pantry 18""W x 90""H",White Stone Tall Pantry,Cabinets,White Stone,2025 Cabinet Price List Supplier,659.07,61,,each
WH-WP1896,"White Stone Tall Pantry 18""W x 96""H",White Stone Tall Pantry,Cabinets,White Stone,2025 Cabinet Price List Supplier,699.30,61,,each
WH-WP2484,"White Stone Tall Pantry 24""W x 84""H",White Stone Tall Pantry,Cabinets,White Stone,2025 Cabinet Price List Supplier,672.30,61,,each
WH-WP2490,"White Stone Tall Pantry 24""W x 90""H",White Stone Tall Pantry,Cabinets,White Stone,2025 Cabinet Price List Supplier,701.84,61,,each
WH-WP2496,"White Stone Tall Pantry 24""W x 96""H",White Stone Tall Pantry,Cabinets,White Stone,2025 Cabinet Price List Supplier,751.58,61,,each
WH-WP3084,"White Stone Tall Pantry 30""W x 84""H",White Stone Tall Pantry,Cabinets,White Stone,2025 Cabinet Price List Supplier,705.60,61,,each
WH-WP3090,"White Stone Tall Pantry 30""W x 90""H",White Stone Tall Pantry,Cabinets,White Stone,2025 Cabinet Price List Supplier,746.40,61,,each
WH-WP3096,"White Stone Tall Pantry 30""W x 96""H",White Stone Tall Pantry,Cabinets,White Stone,2025 Cabinet Price List Supplier,786.40,61,,each
WW-30GR,"Wildwood Glass Rack 30""W",Wildwood Glass Rack,Cabinets,Wildwood,2025 Cabinet Price List Supplier,57.93,61,,each
WW-30WR,"Wildwood Wine Rack 30""W",Wildwood Wine Rack,Cabinets,Wildwood,2025 Cabinet Price List Supplier,226.47,61,,each
WW-36GR,"Wildwood Glass Rack 36""W",Wildwood Glass Rack,Cabinets,Wildwood,2025 Cabinet Price List Supplier,78.67,61,,each
WW-36WR,"Wildwood Wine Rack 36""W",Wildwood Wine Rack,Cabinets,Wildwood,2025 Cabinet Price List Supplier,274.67,61,,each
WW-ACM8-2,Wildwood Crown Molding,Wildwood Crown Molding,Cabinets,Wildwood,2025 Cabinet Price List Supplier,154.00,61,,each
WW-B09,"Wildwood Base Cabinet 9""W",Wildwood Base Cabinet,Cabinets,Wildwood,2025 Cabinet Price List Supplier,217.07,61,,each
WW-B12,"Wildwood Base Cabinet 12""W",Wildwood Base Cabinet,Cabinets,Wildwood,2025 Cabinet Price List Supplier,285.00,61,,each
WW-B15,"Wildwood Base Cabinet 15""W",Wildwood Base Cabinet,Cabinets,Wildwood,2025 Cabinet Price List Supplier,340.00,61,,each
WW-B18,"Wildwood Base Cabinet 18""W",Wildwood Base Cabinet,Cabinets,Wildwood,2025 Cabinet Price List Supplier,397.67,61,,each
WW-B21,"Wildwood Base Cabinet 21""W",Wildwood Base Cabinet,Cabinets,Wildwood,2025 Cabinet Price List Supplier,432.67,61,,each
WW-B24,"Wildwood Base Cabinet 24""W",Wildwood Base Cabinet,Cabinets,Wildwood,2025 Cabinet Price List Supplier,477.53,61,,each
WW-B27,"Wildwood Base Cabinet 27""W",Wildwood Base Cabinet,Cabinets,Wildwood,2025 Cabinet Price List Supplier,515.00,61,,each
WW-B30,"Wildwood Base Cabinet 30""W",Wildwood Base Cabinet,Cabinets,Wildwood,2025 Cabinet Price List Supplier,605.13,61,,each
WW-B33,"Wildwood Base Cabinet 33""W",Wildwood Base Cabinet,Cabinets,Wildwood,2025 Cabinet Price List Supplier,644.07,61,,each
WW-B36,"Wildwood Base Cabinet 36""W",Wildwood Base Cabinet,Cabinets,Wildwood,2025 Cabinet Price List Supplier,682.87,61,,each
WW-BBC39,"Wildwood Base Blind Corner Cabinet 39""W",Wildwood Base Blind Corner Cabinet,Cabinets,Wildwood,2025 Cabinet Price List Supplier,518.00,61,,each
WW-BBC42,"Wildwood Base Blind Corner Cabinet 42""W",Wildwood Base Blind Corner Cabinet,Cabinets,Wildwood,2025 Cabinet Price List Supplier,679.93,61,,each
WW-BCB150,Wildwood Chair Rail Molding,Wildwood Chair Rail Molding,Cabinets,Wildwood,2025 Cabinet Price List Supplier,31.20,61,,each
WW-BEC24,"Wildwood Base Angled Cabinet 24""W",Wildwood Base Angled Cabinet,Cabinets,Wildwood,2025 Cabinet Price List Supplier,605.60,61,,each
WW-BES09,"Wildwood Base End Shelf 9""W",Wildwood Base End Shelf,Cabinets,Wildwood,2025 Cabinet Price List Supplier,347.60,61,,each
WW-BLS33N,"Wildwood Lazy Susan Cabinet with Shelf only, No Trays. 33""W","Wildwood Lazy Susan Cabinet with Shelf only, No Trays.",Cabinets,Wildwood,2025 Cabinet Price List Supplier,773.07,61,,each
WW-BLS36N,"Wildwood Lazy Susan cabinet with shelf only. No Trays. 36""W",Wildwood Lazy Susan cabinet with shelf only. No Trays.,Cabinets,Wildwood,2025 Cabinet Price List Supplier,833.80,61,,each
"WW-BM8-4.5""",Wildwood Base Molding,Wildwood Base Molding,Cabinets,Wildwood,2025 Cabinet Price List Supplier,101.93,61,,each
WW-BMC30,"Wildwood Base Microwave Cabinet 30""W",Wildwood Base Microwave Cabinet,Cabinets,Wildwood,2025 Cabinet Price List Supplier,580.00,61,,each
WW-BP3696,"Wildwood Back Panel 36""W x 96""H",Wildwood Back Panel,Cabinets,Wildwood,2025 Cabinet Price List Supplier,138.47,61,,each
WW-BP4896,"Wildwood Back Panel 48""W x 96""H",Wildwood Back Panel,Cabinets,Wildwood,2025 Cabinet Price List Supplier,183.00,61,,each
WW-BSR06,"Wildwood Spice Rack Cabinet 6""W",Wildwood Spice Rack Cabinet,Cabinets,Wildwood,2025 Cabinet Price List Supplier,280.00,61,,each
WW-BSR09,"Wildwood Spice Rack Cabinet 9""W",Wildwood Spice Rack Cabinet,Cabinets,Wildwood,2025 Cabinet Price List Supplier,293.33,61,,each
WW-BSR12,"Wildwood Spice Rack Cabinet 12""","Wildwood Spice Rack Cabinet 12""",Cabinets,Wildwood,2025 Cabinet Price List Supplier,330.00,61,,each
WW-CCM8-1,Wildwood Crown Molding,Wildwood Crown Molding,Cabinets,Wildwood,2025 Cabinet Price List Supplier,101.93,61,,each
WW-CCM8-2,Wildwood Crown Molding,Wildwood Crown Molding,Cabinets,Wildwood,2025 Cabinet Price List Supplier,154.00,61,,each
WW-CORBEL-2,Wildwood Corbel,Wildwood Corbel,Cabinets,Wildwood,2025 Cabinet Price List Supplier,216.93,61,,each
WW-CSB36,"Wildwood Corner Sink Base 36""W",Wildwood Corner Sink Base,Cabinets,Wildwood,2025 Cabinet Price List Supplier,803.73,61,,each
WW-D1212W,"Wildwood Wall Decorative Door 12""W x 12""H",Wildwood Wall Decorative Door,Cabinets,Wildwood,2025 Cabinet Price List Supplier,92.97,61,,each
WW-D1215W,"Wildwood Wall Decorative Door 12""W x 15""H",Wildwood Wall Decorative Door,Cabinets,Wildwood,2025 Cabinet Price List Supplier,99.35,61,,each
WW-D1230W,"Wildwood Wall Decorative Door 12""W x 30""H",Wildwood Wall Decorative Door,Cabinets,Wildwood,2025 Cabinet Price List Supplier,90.47,61,,each
WW-D1236W,"Wildwood Wall Decorative Door 12""W x 36""H",Wildwood Wall Decorative Door,Cabinets,Wildwood,2025 Cabinet Price List Supplier,108.87,61,,each
WW-D1242W,"Wildwood Wall Decorative Door 12""W x 42""H",Wildwood Wall Decorative Door,Cabinets,Wildwood,2025 Cabinet Price List Supplier,127.27,61,,each
WW-D1249W,"Wildwood Wall Decorative Door 12""W x 49""H",Wildwood Wall Decorative Door,Cabinets,Wildwood,2025 Cabinet Price List Supplier,168.00,61,,each
WW-D2430B,"Wildwood Decorative Door for Base 24""W x 30""H",Wildwood Decorative Door for Base,Cabinets,Wildwood,2025 Cabinet Price List Supplier,187.80,61,,each
WW-DB12-3,"Wildwood Drawer Base Cabinet 12""W",Wildwood Drawer Base Cabinet,Cabinets,Wildwood,2025 Cabinet Price List Supplier,461.40,61,,each
WW-DB15-3,"Wildwood Drawer Base Cabinet 15""W",Wildwood Drawer Base Cabinet,Cabinets,Wildwood,2025 Cabinet Price List Supplier,516.53,61,,each
WW-DB18-3,"Wildwood Drawer Base Cabinet 18""W",Wildwood Drawer Base Cabinet,Cabinets,Wildwood,2025 Cabinet Price List Supplier,571.60,61,,each
WW-DB21-3,"Wildwood Drawer Base Cabinet 21""W",Wildwood Drawer Base Cabinet,Cabinets,Wildwood,2025 Cabinet Price List Supplier,631.73,61,,each
WW-DB24-3,"Wildwood Drawer Base Cabinet 24""W",Wildwood Drawer Base Cabinet,Cabinets,Wildwood,2025 Cabinet Price List Supplier,687.80,61,,each
WW-DB30-3,"Wildwood Drawer Base Cabinet 30""W",Wildwood Drawer Base Cabinet,Cabinets,Wildwood,2025 Cabinet Price List Supplier,733.93,61,,each
WW-DB36-3,"Wildwood Drawer Base Cabinet 36""W",Wildwood Drawer Base Cabinet,Cabinets,Wildwood,2025 Cabinet Price List Supplier,786.40,61,,each
WW-DMI,Wildwood Dentil insert,Wildwood Dentil insert,Cabinets,Wildwood,2025 Cabinet Price List Supplier,14.67,61,,each
WW-DWR-3,"Wildwood Dish Washer Panel with 3"" return","Wildwood Dish Washer Panel with 3"" return",Cabinets,Wildwood,2025 Cabinet Price List Supplier,88.47,61,,each
WW-FA2421,"Wildwood Vanity Sink Cabinet 24""W x 21""H",Wildwood Vanity Sink Cabinet,Cabinets,Wildwood,2025 Cabinet Price List Supplier,288.80,61,,each
WW-FA3021,"Wildwood Vanity Sink Base Cabinet 30""W x 21""H",Wildwood Vanity Sink Base Cabinet,Cabinets,Wildwood,2025 Cabinet Price List Supplier,334.27,61,,each
WW-FA3021DL,"Wildwood Vanity with Drawers on the Left 30""W x 21""H",Wildwood Vanity with Drawers on the Left,Cabinets,Wildwood,2025 Cabinet Price List Supplier,547.53,61,,each
WW-FA3021DR,"Wildwood Vanity with Drawer on the Right 30""W x 21""H",Wildwood Vanity with Drawer on the Right,Cabinets,Wildwood,2025 Cabinet Price List Supplier,547.53,61,,each
WW-FA3621DL,"Wildwood Vanity with Drawers on the Left 36""W x 21""H",Wildwood Vanity with Drawers on the Left,Cabinets,Wildwood,2025 Cabinet Price List Supplier,593.20,61,,each
WW-FA3621DR,"Wildwood Vanity with Drawer on the Right 36""W x 21""H",Wildwood Vanity with Drawer on the Right,Cabinets,Wildwood,2025 Cabinet Price List Supplier,593.20,61,,each
WW-FB3X3,Wildwood Rosette,Wildwood Rosette,Cabinets,Wildwood,2025 Cabinet Price List Supplier,10.53,61,,each
WW-FD30,"Wildwood Knee Drawer 30""W",Wildwood Knee Drawer,Cabinets,Wildwood,2025 Cabinet Price List Supplier,131.47,61,,each
WW-FSB36,"Wildwood Farm Sink Base 36""W",Wildwood Farm Sink Base,Cabinets,Wildwood,2025 Cabinet Price List Supplier,594.00,61,,each
WW-GD1212,"Wildwood Mullion Door with Clear Glass 12""W x 12""H",Wildwood Mullion Door with Clear Glass,Cabinets,Wildwood,2025 Cabinet Price List Supplier,82.82,61,,each
WW-GD1215,"Wildwood Mullion Door with Clear Glass 12""W x 15""H",Wildwood Mullion Door with Clear Glass,Cabinets,Wildwood,2025 Cabinet Price List Supplier,85.16,61,,each
WW-GD1230,"Wildwood Mullion Door with Frosted Glass 12""W x 30""H",Wildwood Mullion Door with Frosted Glass,Cabinets,Wildwood,2025 Cabinet Price List Supplier,105.61,61,,each
WW-GD1236,"Wildwood Mullion Door with Frosted Glass 12""W x 36""H",Wildwood Mullion Door with Frosted Glass,Cabinets,Wildwood,2025 Cabinet Price List Supplier,117.39,61,,each
WW-GD1242,"Wildwood Mullion Door with Frosted Glass 12""W x 42""H",Wildwood Mullion Door with Frosted Glass,Cabinets,Wildwood,2025 Cabinet Price List Supplier,129.17,61,,each
WW-GD1512,"Wildwood Mullion Door with Clear Glass 15""W x 12""H",Wildwood Mullion Door with Clear Glass,Cabinets,Wildwood,2025 Cabinet Price List Supplier,96.23,61,,each
WW-GD1515,"Wildwood Mullion Door with Clear Glass 15""W x 15""H",Wildwood Mullion Door with Clear Glass,Cabinets,Wildwood,2025 Cabinet Price List Supplier,98.65,61,,each
WW-GD1530,"Wildwood Mullion Door with Frosted Glass 15""W x 30""H",Wildwood Mullion Door with Frosted Glass,Cabinets,Wildwood,2025 Cabinet Price List Supplier,123.02,61,,each
WW-GD1536,"Wildwood Mullion Door with Frosted Glass 15""W x 36""H",Wildwood Mullion Door with Frosted Glass,Cabinets,Wildwood,2025 Cabinet Price List Supplier,134.80,61,,each
WW-GD1542,"Wildwood Mullion Door with Frosted Glass 15""W x 42""H",Wildwood Mullion Door with Frosted Glass,Cabinets,Wildwood,2025 Cabinet Price List Supplier,147.62,61,,each
WW-GD1812,"Wildwood Mullion Door with Clear Glass 18""W x 12""H",Wildwood Mullion Door with Clear Glass,Cabinets,Wildwood,2025 Cabinet Price List Supplier,109.65,61,,each
WW-GD1815,"Wildwood Mullion Door with Clear Glass 18""W x 15""H",Wildwood Mullion Door with Clear Glass,Cabinets,Wildwood,2025 Cabinet Price List Supplier,112.13,61,,each
WW-GD1830,"Wildwood Mullion Door with Frosted Glass 18""W x 30""H",Wildwood Mullion Door with Frosted Glass,Cabinets,Wildwood,2025 Cabinet Price List Supplier,141.98,61,,each
WW-GD1836,"Wildwood Mullion Door with Frosted Glass 18""W x 36""H",Wildwood Mullion Door with Frosted Glass,Cabinets,Wildwood,2025 Cabinet Price List Supplier,153.64,61,,each
WW-GD1842,"Wildwood Mullion Door with Frosted Glass 18""W x 42""H",Wildwood Mullion Door with Frosted Glass,Cabinets,Wildwood,2025 Cabinet Price List Supplier,168.43,61,,each
WW-GD2112,"Wildwood Mullion Door with Clear Glass 21""W x 12""H",Wildwood Mullion Door with Clear Glass,Cabinets,Wildwood,2025 Cabinet Price List Supplier,123.06,61,,each
WW-GD2115,"Wildwood Mullion Door with Clear Glass 21""W x 15""H",Wildwood Mullion Door with Clear Glass,Cabinets,Wildwood,2025 Cabinet Price List Supplier,131.29,61,,each
WW-GD2412,"Wildwood Mullion Door with Clear Glass ***This is 1 Set, 2 Doors*** 24""W x 12""H","Wildwood Mullion Door with Clear Glass ***This is 1 Set, 2 Doors***",Cabinets,Wildwood,2025 Cabinet Price List Supplier,136.47,61,,each
WW-GD2415,"Wildwood Mullion Door with Clear Glass ***This is 1 Set, 2 Doors*** 24""W x 15""H","Wildwood Mullion Door with Clear Glass ***This is 1 Set, 2 Doors***",Cabinets,Wildwood,2025 Cabinet Price List Supplier,150.45,61,,each
WW-GD2712,"Wildwood Mullion Door with Clear Glass ***This is 1 Set, 2 Doors*** 27""W x 12""H","Wildwood Mullion Door with Clear Glass ***This is 1 Set, 2 Doors***",Cabinets,Wildwood,2025 Cabinet Price List Supplier,149.88,61,,each
WW-GD2715,"Wildwood Mullion Door with Clear Glass ***This is 1 Set, 2 Doors*** 27""W x 15""H","Wildwood Mullion Door with Clear Glass ***This is 1 Set, 2 Doors***",Cabinets,Wildwood,2025 Cabinet Price List Supplier,160.39,61,,each
WW-GD3012,"Wildwood Mullion Door with Clear Glass ***This is 1 Set, 2 Doors*** 30""W x 12""H","Wildwood Mullion Door with Clear Glass ***This is 1 Set, 2 Doors***",Cabinets,Wildwood,2025 Cabinet Price List Supplier,163.30,61,,each
WW-GD3015,"Wildwood Mullion Door with Clear Glass ***This is 1 Set, 2 Doors*** 30""W x 15""H","Wildwood Mullion Door with Clear Glass ***This is 1 Set, 2 Doors***",Cabinets,Wildwood,2025 Cabinet Price List Supplier,170.32,61,,each
WW-GD3312,"Wildwood Mullion Door with Clear Glass ***This is 1 Set, 2 Doors*** 33""W x 12""H","Wildwood Mullion Door with Clear Glass ***This is 1 Set, 2 Doors***",Cabinets,Wildwood,2025 Cabinet Price List Supplier,176.71,61,,each
WW-GD3315,"Wildwood Mullion Door with Clear Glass ***This is 1 Set, 2 Doors*** 33""W x 15""H","Wildwood Mullion Door with Clear Glass ***This is 1 Set, 2 Doors***",Cabinets,Wildwood,2025 Cabinet Price List Supplier,183.10,61,,each
WW-GD3612,"Wildwood Mullion Door with Clear Glass ***This is 1 Set, 2 Doors*** 36""W x 12""H","Wildwood Mullion Door with Clear Glass ***This is 1 Set, 2 Doors***",Cabinets,Wildwood,2025 Cabinet Price List Supplier,190.12,61,,each
WW-GD3615,"Wildwood Mullion Door with Clear Glass ***This is 1 Set, 2 Doors*** 36""W x 15""H","Wildwood Mullion Door with Clear Glass ***This is 1 Set, 2 Doors***",Cabinets,Wildwood,2025 Cabinet Price List Supplier,180.26,61,,each
WW-GW1212,"Wildwood Wall Cabinet with finished interior. Glass Doors are sold separately 12""W x 12""H",Wildwood Wall Cabinet with finished interior. Glass Doors are sold separately,Cabinets,Wildwood,2025 Cabinet Price List Supplier,145.63,61,,each
WW-GW1215,"Wildwood Wall Cabinet with finished interior. Glass Doors are sold separately 12""W x 15""H",Wildwood Wall Cabinet with finished interior. Glass Doors are sold separately,Cabinets,Wildwood,2025 Cabinet Price List Supplier,160.74,61,,each
WW-GW1512,"Wildwood Wall Cabinet with finished interior. Glass Doors are sold separately 15""W x 12""H",Wildwood Wall Cabinet with finished interior. Glass Doors are sold separately,Cabinets,Wildwood,2025 Cabinet Price List Supplier,159.18,61,,each
WW-GW1515,"Wildwood Wall Cabinet with finished interior. Glass Doors are sold separately 15""W x 15""H",Wildwood Wall Cabinet with finished interior. Glass Doors are sold separately,Cabinets,Wildwood,2025 Cabinet Price List Supplier,174.86,61,,each
WW-GW1812,"Wildwood Wall Cabinet with finished interior. Glass Doors are sold separately 18""W x 12""H",Wildwood Wall Cabinet with finished interior. Glass Doors are sold separately,Cabinets,Wildwood,2025 Cabinet Price List Supplier,172.66,61,,each
WW-GW1815,"Wildwood Wall Cabinet with finished interior. Glass Doors are sold separately 18""W x 15""H",Wildwood Wall Cabinet with finished interior. Glass Doors are sold separately,Cabinets,Wildwood,2025 Cabinet Price List Supplier,189.20,61,,each
WW-GW2112,"Wildwood Wall Cabinet with finished interior. Glass Doors are sold separately 21""W x 12""H",Wildwood Wall Cabinet with finished interior. Glass Doors are sold separately,Cabinets,Wildwood,2025 Cabinet Price List Supplier,186.01,61,,each
WW-GW2115,"Wildwood Wall Cabinet with finished interior. Glass Doors are sold separately 21""W x 15""H",Wildwood Wall Cabinet with finished interior. Glass Doors are sold separately,Cabinets,Wildwood,2025 Cabinet Price List Supplier,203.39,61,,each
WW-GW2412,"Wildwood Wall Cabinet with finished interior. Glass Doors are sold separately 24""W x 12""H",Wildwood Wall Cabinet with finished interior. Glass Doors are sold separately,Cabinets,Wildwood,2025 Cabinet Price List Supplier,198.71,61,,each
WW-GW2415,"Wildwood Wall Cabinet with finished interior. Glass Doors are sold separately 24""W x 15""H",Wildwood Wall Cabinet with finished interior. Glass Doors are sold separately,Cabinets,Wildwood,2025 Cabinet Price List Supplier,217.80,61,,each
WW-GW2712,"Wildwood Wall Cabinet with finished interior. Glass Doors are sold separately 27""W x 12""H",Wildwood Wall Cabinet with finished interior. Glass Doors are sold separately,Cabinets,Wildwood,2025 Cabinet Price List Supplier,213.05,61,,each
WW-GW2715,"Wildwood Wall Cabinet with finished interior. Glass Doors are sold separately 27""W x 15""H",Wildwood Wall Cabinet with finished interior. Glass Doors are sold separately,Cabinets,Wildwood,2025 Cabinet Price List Supplier,231.99,61,,each
WW-GW3012,"Wildwood Wall Cabinet with finished interior. Glass Doors are sold separately 30""W x 12""H",Wildwood Wall Cabinet with finished interior. Glass Doors are sold separately,Cabinets,Wildwood,2025 Cabinet Price List Supplier,228.73,61,,each
WW-GW3015,"Wildwood Wall Cabinet with finished interior. Glass Doors are sold separately 30""W x 15""H",Wildwood Wall Cabinet with finished interior. Glass Doors are sold separately,Cabinets,Wildwood,2025 Cabinet Price List Supplier,248.67,61,,each
WW-GW3312,"Wildwood Wall Cabinet with finished interior. Glass Doors are sold separately 33""W x 12""H",Wildwood Wall Cabinet with finished interior. Glass Doors are sold separately,Cabinets,Wildwood,2025 Cabinet Price List Supplier,243.21,61,,each
WW-GW3315,"Wildwood Wall Cabinet with finished interior. Glass Doors are sold separately 33""W x 15""H",Wildwood Wall Cabinet with finished interior. Glass Doors are sold separately,Cabinets,Wildwood,2025 Cabinet Price List Supplier,264.21,61,,each
WW-GW3612,"Wildwood Wall Cabinet with finished interior. Glass Doors are sold separately 36""W x 12""H",Wildwood Wall Cabinet with finished interior. Glass Doors are sold separately,Cabinets,Wildwood,2025 Cabinet Price List Supplier,257.61,61,,each
WW-GW3615,"Wildwood Wall Cabinet with finished interior. Glass Doors are sold separately 36""W x 15""H",Wildwood Wall Cabinet with finished interior. Glass Doors are sold separately,Cabinets,Wildwood,2025 Cabinet Price List Supplier,279.61,61,,each
WW-GWDC2412,"Wildwood Diagonal Corner Wall Cabinet with finished interior. Glass Doors are sold separately 24""W x 12""H",Wildwood Diagonal Corner Wall Cabinet with finished interior. Glass Doors are sold separately,Cabinets,Wildwood,2025 Cabinet Price List Supplier,321.63,61,,each
WW-GWDC2415,"Wildwood Diagonal Corner Wall Cabinet with finished interior. Glass Doors are sold separately 24""W x 15""H",Wildwood Diagonal Corner Wall Cabinet with finished interior. Glass Doors are sold separately,Cabinets,Wildwood,2025 Cabinet Price List Supplier,337.81,61,,each
WW-HC30,"Wildwood Hood Cover 30""W",Wildwood Hood Cover,Cabinets,Wildwood,2025 Cabinet Price List Supplier,688.00,61,,each
WW-HC36,"Wildwood Wood Hood Cover 36""W",Wildwood Wood Hood Cover,Cabinets,Wildwood,2025 Cabinet Price List Supplier,732.00,61,,each
WW-OC3384,"Wildwood Oven Cabinet 33""W x 84""H",Wildwood Oven Cabinet,Cabinets,Wildwood,2025 Cabinet Price List Supplier,1127.80,61,,each
WW-OC3390,"Wildwood Oven Cabinet 33""W x 90""H",Wildwood Oven Cabinet,Cabinets,Wildwood,2025 Cabinet Price List Supplier,1139.53,61,,each
WW-OC3396,"Wildwood Oven Cabinet 33""W x 96""H",Wildwood Oven Cabinet,Cabinets,Wildwood,2025 Cabinet Price List Supplier,1282.60,61,,each
WW-OCM8,Wildwood Outside Corner Molding,Wildwood Outside Corner Molding,Cabinets,Wildwood,2025 Cabinet Price List Supplier,22.00,61,,each
WW-OGM8,Wildwood Ogee Molding,Wildwood Ogee Molding,Cabinets,Wildwood,2025 Cabinet Price List Supplier,78.53,61,,each
WW-PCVFF396,"Wildwood Fluted Tall Filler 39""W",Wildwood Fluted Tall Filler,Cabinets,Wildwood,2025 Cabinet Price List Supplier,77.87,61,,each
WW-QR8,Wildwood Quarter Round,Wildwood Quarter Round,Cabinets,Wildwood,2025 Cabinet Price List Supplier,31.20,61,,each
WW-RMI,Wildwood Rope insert,Wildwood Rope insert,Cabinets,Wildwood,2025 Cabinet Price List Supplier,14.67,61,,each
WW-RRP9624,"Wildwood REFRIGERATOR PANEL96""X24""x3"" return","Wildwood REFRIGERATOR PANEL96""X24""x3"" return",Cabinets,Wildwood,2025 Cabinet Price List Supplier,187.00,61,,each
WW-SB24,"Wildwood Sink Base Cabinet 24""W",Wildwood Sink Base Cabinet,Cabinets,Wildwood,2025 Cabinet Price List Supplier,337.67,61,,each
WW-SB27,"Wildwood Sink Base Cabinet 27""W",Wildwood Sink Base Cabinet,Cabinets,Wildwood,2025 Cabinet Price List Supplier,376.87,61,,each
WW-SB30,"Wildwood Sink Base Cabinet 30""W",Wildwood Sink Base Cabinet,Cabinets,Wildwood,2025 Cabinet Price List Supplier,421.87,61,,each
WW-SB33,"Wildwood Sink Base Cabinet 33""W",Wildwood Sink Base Cabinet,Cabinets,Wildwood,2025 Cabinet Price List Supplier,500.33,61,,each
WW-SB36,"Wildwood Sink Base Cabinet 36""W",Wildwood Sink Base Cabinet,Cabinets,Wildwood,2025 Cabinet Price List Supplier,534.73,61,,each
WW-SD,Wildwood Sample Door,Wildwood Sample Door,Cabinets,Wildwood,2025 Cabinet Price List Supplier,40.00,61,,each
WW-SM8,Wildwood Scribe Molding,Wildwood Scribe Molding,Cabinets,Wildwood,2025 Cabinet Price List Supplier,14.67,61,,each
WW-SPOOL-1,Wildwood Full Post,Wildwood Full Post,Cabinets,Wildwood,2025 Cabinet Price List Supplier,187.67,61,,each
WW-SS-30,Wildwood SPLIT SPOOL,Wildwood SPLIT SPOOL,Cabinets,Wildwood,2025 Cabinet Price List Supplier,93.84,61,,each
WW-SVA12D,"Wildwood Vanity Drawer Base 12""W",Wildwood Vanity Drawer Base,Cabinets,Wildwood,2025 Cabinet Price List Supplier,426.33,61,,each
WW-SVA15D,"Wildwood Vanity Drawer Base 15""W",Wildwood Vanity Drawer Base,Cabinets,Wildwood,2025 Cabinet Price List Supplier,472.87,61,,each
WW-SVA18D,"Wildwood Vanity Drawer Base 18""W",Wildwood Vanity Drawer Base,Cabinets,Wildwood,2025 Cabinet Price List Supplier,520.13,61,,each
WW-SVAM2430,"Wildwood Mirror 24""W x 30""H",Wildwood Mirror,Cabinets,Wildwood,2025 Cabinet Price List Supplier,154.00,61,,each
WW-TK8,Wildwood Toe Kick,Wildwood Toe Kick,Cabinets,Wildwood,2025 Cabinet Price List Supplier,18.00,61,,each
WW-TLR-1,Wildwood Light Rail Molding,Wildwood Light Rail Molding,Cabinets,Wildwood,2025 Cabinet Price List Supplier,71.33,61,,each
WW-TOUCH UP KIT,Wildwood Touch up Kit,Wildwood Touch up Kit,Cabinets,Wildwood,2025 Cabinet Price List Supplier,39.56,61,,each
WW-UREP,"Wildwood Universal Refrigerator Panel 3/4"" x96""x30""","Wildwood Universal Refrigerator Panel 3/4"" x96""x30""",Cabinets,Wildwood,2025 Cabinet Price List Supplier,286.00,61,,each
WW-V36,"Wildwood Valance 36""W",Wildwood Valance,Cabinets,Wildwood,2025 Cabinet Price List Supplier,38.20,61,,each
WW-V42,"Wildwood Valance 42""W",Wildwood Valance,Cabinets,Wildwood,2025 Cabinet Price List Supplier,45.13,61,,each
WW-V48,"Wildwood Valance 48""W",Wildwood Valance,Cabinets,Wildwood,2025 Cabinet Price List Supplier,52.13,61,,each
WW-V60,"Wildwood Valance 60""W",Wildwood Valance,Cabinets,Wildwood,2025 Cabinet Price List Supplier,67.33,61,,each
WW-VAL3612,"Wildwood Big Valance 36""W x 12""H",Wildwood Big Valance,Cabinets,Wildwood,2025 Cabinet Price List Supplier,132.00,61,,each
WW-VAL4212,"Wildwood Big Valance 42""W x 12""H",Wildwood Big Valance,Cabinets,Wildwood,2025 Cabinet Price List Supplier,143.00,61,,each
WW-VAL4812,"Wildwood Big Valance 48""W x 12""H",Wildwood Big Valance,Cabinets,Wildwood,2025 Cabinet Price List Supplier,198.00,61,,each
WW-W0930,"Wildwood Wall Cabinet 9""W x 30""H",Wildwood Wall Cabinet,Cabinets,Wildwood,2025 Cabinet Price List Supplier,170.13,61,,each
WW-W0936,"Wildwood Wall Cabinet 9""W x 36""H",Wildwood Wall Cabinet,Cabinets,Wildwood,2025 Cabinet Price List Supplier,195.20,61,,each
WW-W0942,"Wildwood Wall Cabinet 9""W x 42""H",Wildwood Wall Cabinet,Cabinets,Wildwood,2025 Cabinet Price List Supplier,220.27,61,,each
WW-W1230,"Wildwood Wall Cabinet 12""W x 30""H",Wildwood Wall Cabinet,Cabinets,Wildwood,2025 Cabinet Price List Supplier,197.87,61,,each
WW-W1236,"Wildwood Wall Cabinet 12""W x 36""H",Wildwood Wall Cabinet,Cabinets,Wildwood,2025 Cabinet Price List Supplier,225.53,61,,each
WW-W1242,"Wildwood Wall Cabinet 12""W x 42""H",Wildwood Wall Cabinet,Cabinets,Wildwood,2025 Cabinet Price List Supplier,255.20,61,,each
WW-W1530,"Wildwood Wall Cabinet 15""W x 30""H",Wildwood Wall Cabinet,Cabinets,Wildwood,2025 Cabinet Price List Supplier,230.13,61,,each
WW-W1536,"Wildwood Wall Cabinet 15""W x 36""H",Wildwood Wall Cabinet,Cabinets,Wildwood,2025 Cabinet Price List Supplier,261.07,61,,each
WW-W1542,"Wildwood Wall Cabinet 15""W x 42""H",Wildwood Wall Cabinet,Cabinets,Wildwood,2025 Cabinet Price List Supplier,291.87,61,,each
WW-W1830,"Wildwood Wall Cabinet 18""W x 30""H",Wildwood Wall Cabinet,Cabinets,Wildwood,2025 Cabinet Price List Supplier,264.53,61,,each
WW-W1836,"Wildwood Wall Cabinet 18""W x 36""H",Wildwood Wall Cabinet,Cabinets,Wildwood,2025 Cabinet Price List Supplier,295.47,61,,each
WW-W1842,"Wildwood Wall Cabinet 18""W x 42""H",Wildwood Wall Cabinet,Cabinets,Wildwood,2025 Cabinet Price List Supplier,326.53,61,,each
WW-W2130,"Wildwood Wall Cabinet 21""W x 30""H",Wildwood Wall Cabinet,Cabinets,Wildwood,2025 Cabinet Price List Supplier,296.27,61,,each
WW-W2136,"Wildwood Wall Cabinet 21""W x 36""H",Wildwood Wall Cabinet,Cabinets,Wildwood,2025 Cabinet Price List Supplier,330.20,61,,each
WW-W2142,"Wildwood Wall Cabinet 21""W x 42""H",Wildwood Wall Cabinet,Cabinets,Wildwood,2025 Cabinet Price List Supplier,364.13,61,,each
WW-W2412,"Wildwood Wall Cabinet 24""W x 12""H",Wildwood Wall Cabinet,Cabinets,Wildwood,2025 Cabinet Price List Supplier,205.00,61,,each
WW-W2415,"Wildwood Wall Cabinet 24""W x 15""H",Wildwood Wall Cabinet,Cabinets,Wildwood,2025 Cabinet Price List Supplier,224.00,61,,each
WW-W2418,"Wildwood Wall Cabinet 24""W x 18""H",Wildwood Wall Cabinet,Cabinets,Wildwood,2025 Cabinet Price List Supplier,243.00,61,,each
WW-W2424,"Wildwood Wall Cabinet 24""W x 24""H",Wildwood Wall Cabinet,Cabinets,Wildwood,2025 Cabinet Price List Supplier,313.50,61,,each
WW-W2430,"Wildwood Wall Cabinet 24""W x 30""H",Wildwood Wall Cabinet,Cabinets,Wildwood,2025 Cabinet Price List Supplier,338.40,61,,each
WW-W2436,"Wildwood Wall Cabinet 24""W x 36""H",Wildwood Wall Cabinet,Cabinets,Wildwood,2025 Cabinet Price List Supplier,376.53,61,,each
WW-W2442,"Wildwood Wall Cabinet 24""W x 42""H",Wildwood Wall Cabinet,Cabinets,Wildwood,2025 Cabinet Price List Supplier,406.80,61,,each
WW-W2730,"Wildwood Wall Cabinet 27""W x 30""H",Wildwood Wall Cabinet,Cabinets,Wildwood,2025 Cabinet Price List Supplier,369.87,61,,each
WW-W2736,"Wildwood Wall Cabinet 27""W x 36""H",Wildwood Wall Cabinet,Cabinets,Wildwood,2025 Cabinet Price List Supplier,388.73,61,,each
WW-W2742,"Wildwood Wall Cabinet 27""W x 42""H",Wildwood Wall Cabinet,Cabinets,Wildwood,2025 Cabinet Price List Supplier,407.47,61,,each
WW-W3012,"Wildwood Wall Cabinet 30""W x 12""H",Wildwood Wall Cabinet,Cabinets,Wildwood,2025 Cabinet Price List Supplier,202.40,61,,each
WW-W301224,"Wildwood Refrigerator Wall Cabinet 30""W x 12""H x 24""D",Wildwood Refrigerator Wall Cabinet,Cabinets,Wildwood,2025 Cabinet Price List Supplier,280.67,61,,each
WW-W3015,"Wildwood Wall Cabinet 30""W x 15""H",Wildwood Wall Cabinet,Cabinets,Wildwood,2025 Cabinet Price List Supplier,223.93,61,,each
WW-W301524,"Wildwood Refrigerator Wall Cabinet 30""W x 15""H x 24""D",Wildwood Refrigerator Wall Cabinet,Cabinets,Wildwood,2025 Cabinet Price List Supplier,314.00,61,,each
WW-W3018,"Wildwood Wall Cabinet 30""W x 18""H",Wildwood Wall Cabinet,Cabinets,Wildwood,2025 Cabinet Price List Supplier,239.87,61,,each
WW-W301824,"Wildwood Refrigerator Wall Cabinet 30""W x 18""H x 24""D",Wildwood Refrigerator Wall Cabinet,Cabinets,Wildwood,2025 Cabinet Price List Supplier,345.20,61,,each
WW-W3021,"Wildwood Wall Cabinet 30""W x 21""H",Wildwood Wall Cabinet,Cabinets,Wildwood,2025 Cabinet Price List Supplier,288.00,61,,each
WW-W302124,"Wildwood Refrigerator Wall Cabinet 30""W x 21""H x 24""D",Wildwood Refrigerator Wall Cabinet,Cabinets,Wildwood,2025 Cabinet Price List Supplier,425.00,61,,each
WW-W3024,"Wildwood Wall Cabinet 30""W x 24""H",Wildwood Wall Cabinet,Cabinets,Wildwood,2025 Cabinet Price List Supplier,337.60,61,,each
WW-W302424,"Wildwood Refrigerator Wall Cabinet 30""W x 24""H x 24""D",Wildwood Refrigerator Wall Cabinet,Cabinets,Wildwood,2025 Cabinet Price List Supplier,455.13,61,,each
WW-W3030,"Wildwood Wall Cabinet 30""W x 30""H",Wildwood Wall Cabinet,Cabinets,Wildwood,2025 Cabinet Price List Supplier,401.13,61,,each
WW-W3036,"Wildwood Wall Cabinet 30""W x 36""H",Wildwood Wall Cabinet,Cabinets,Wildwood,2025 Cabinet Price List Supplier,445.33,61,,each
WW-W3042,"Wildwood Wall Cabinet 30""W x 42""H",Wildwood Wall Cabinet,Cabinets,Wildwood,2025 Cabinet Price List Supplier,489.40,61,,each
WW-W3312,"Wildwood Wall Cabinet 33""W x 12""H",Wildwood Wall Cabinet,Cabinets,Wildwood,2025 Cabinet Price List Supplier,230.87,61,,each
WW-W331224,"Wildwood Refrigerator Wall Cabinet 33""W x 12""H x 24""D",Wildwood Refrigerator Wall Cabinet,Cabinets,Wildwood,2025 Cabinet Price List Supplier,289.67,61,,each
WW-W3315,"Wildwood Wall Cabinet 33""W x 15""H",Wildwood Wall Cabinet,Cabinets,Wildwood,2025 Cabinet Price List Supplier,243.00,61,,each
WW-W331524,"Wildwood Refrigerator Wall Cabinet 33""W x 15""H x 24""D",Wildwood Refrigerator Wall Cabinet,Cabinets,Wildwood,2025 Cabinet Price List Supplier,323.00,61,,each
WW-W3318,"Wildwood Wall Cabinet 33""W x 18""H",Wildwood Wall Cabinet,Cabinets,Wildwood,2025 Cabinet Price List Supplier,256.20,61,,each
WW-W331824,"Wildwood Refrigerator Wall Cabinet 33""W x 18""H x 24""D",Wildwood Refrigerator Wall Cabinet,Cabinets,Wildwood,2025 Cabinet Price List Supplier,354.20,61,,each
WW-W332124,"Wildwood Refrigerator Wall Cabinet 33""W x 21""H x 24""D",Wildwood Refrigerator Wall Cabinet,Cabinets,Wildwood,2025 Cabinet Price List Supplier,450.00,61,,each
WW-W3324,"Wildwood Wall Cabinet 33""W x 24""H",Wildwood Wall Cabinet,Cabinets,Wildwood,2025 Cabinet Price List Supplier,353.47,61,,each
WW-W332424,"Wildwood Refrigerator Wall Cabinet 33""W x 24""H x 24""D",Wildwood Refrigerator Wall Cabinet,Cabinets,Wildwood,2025 Cabinet Price List Supplier,464.13,61,,each
WW-W3330,"Wildwood Wall Cabinet 33""W x 30""H",Wildwood Wall Cabinet,Cabinets,Wildwood,2025 Cabinet Price List Supplier,423.87,61,,each
WW-W3336,"Wildwood Wall Cabinet 33""W x 36""H",Wildwood Wall Cabinet,Cabinets,Wildwood,2025 Cabinet Price List Supplier,480.00,61,,each
WW-W3342,"Wildwood Wall Cabinet 33""W x 42""H",Wildwood Wall Cabinet,Cabinets,Wildwood,2025 Cabinet Price List Supplier,551.07,61,,each
WW-W3612,"Wildwood Wall Cabinet 36""W x 12""H",Wildwood Wall Cabinet,Cabinets,Wildwood,2025 Cabinet Price List Supplier,220.73,61,,each
WW-W361224,"Wildwood Refrigerator Wall Cabinet 36""W x 12""H x 24""D",Wildwood Refrigerator Wall Cabinet,Cabinets,Wildwood,2025 Cabinet Price List Supplier,298.67,61,,each
WW-W3615,"Wildwood Wall Cabinet 36""W x 15""H",Wildwood Wall Cabinet,Cabinets,Wildwood,2025 Cabinet Price List Supplier,257.53,61,,each
WW-W361524,"Wildwood Refrigerator Wall Cabinet 36""W x 15""H x 24""D",Wildwood Refrigerator Wall Cabinet,Cabinets,Wildwood,2025 Cabinet Price List Supplier,332.00,61,,each
WW-W3618,"Wildwood Wall Cabinet 36""W x 18""H",Wildwood Wall Cabinet,Cabinets,Wildwood,2025 Cabinet Price List Supplier,288.07,61,,each
WW-W361824,"Wildwood Refrigerator Wall Cabinet 36""W x 18""H x 24""D",Wildwood Refrigerator Wall Cabinet,Cabinets,Wildwood,2025 Cabinet Price List Supplier,363.20,61,,each
WW-W3621,"Wildwood Wall Cabinet 36""W x 21""H",Wildwood Wall Cabinet,Cabinets,Wildwood,2025 Cabinet Price List Supplier,328.00,61,,each
WW-W3621-24,"Wildwood Refrigerator Wall Cabinet 36""W x 21""H",Wildwood Refrigerator Wall Cabinet,Cabinets,Wildwood,2025 Cabinet Price List Supplier,464.00,61,,each
WW-W3624,"Wildwood Wall Cabinet 36""W x 24""H",Wildwood Wall Cabinet,Cabinets,Wildwood,2025 Cabinet Price List Supplier,371.27,61,,each
WW-W362424,"Wildwood Refrigerator Wall Cabinet 36""W x 24""H x 24""D",Wildwood Refrigerator Wall Cabinet,Cabinets,Wildwood,2025 Cabinet Price List Supplier,473.13,61,,each
WW-W3630,"Wildwood Wall Cabinet 36""W x 30""H",Wildwood Wall Cabinet,Cabinets,Wildwood,2025 Cabinet Price List Supplier,454.27,61,,each
WW-W3636,"Wildwood Wall Cabinet 36""W x 36""H",Wildwood Wall Cabinet,Cabinets,Wildwood,2025 Cabinet Price List Supplier,514.33,61,,each
WW-W3642,"Wildwood Wall Cabinet 36""W x 42""H",Wildwood Wall Cabinet,Cabinets,Wildwood,2025 Cabinet Price List Supplier,588.73,61,,each
WW-WCD3015,"Wildwood Plate Rack Cabinet 30""W x 15""H",Wildwood Plate Rack Cabinet,Cabinets,Wildwood,2025 Cabinet Price List Supplier,236.80,61,,each
WW-WDC2430,"Wildwood Wall Diagonal Cabinet 24""W x 30""H",Wildwood Wall Diagonal Cabinet,Cabinets,Wildwood,2025 Cabinet Price List Supplier,417.07,61,,each
WW-WDC2436,"Wildwood Wall Diagonal Cabinet 24""W x 36""H",Wildwood Wall Diagonal Cabinet,Cabinets,Wildwood,2025 Cabinet Price List Supplier,466.87,61,,each
WW-WDC2442,"Wildwood Wall Diagonal Cabinet 24""W x 42""H",Wildwood Wall Diagonal Cabinet,Cabinets,Wildwood,2025 Cabinet Price List Supplier,512.87,61,,each
WW-WDC273615,"Wildwood Wall Diagonal Cabinet 27""W x 36""H x 15""D",Wildwood Wall Diagonal Cabinet,Cabinets,Wildwood,2025 Cabinet Price List Supplier,549.67,61,,each
WW-WDC274215,"Wildwood Wall Diagonal Cabinet 27""W x 42""H x 15""D",Wildwood Wall Diagonal Cabinet,Cabinets,Wildwood,2025 Cabinet Price List Supplier,597.93,61,,each
WW-WEC1230,"Wildwood Wall Angle Cabinet 12""W x 30""H",Wildwood Wall Angle Cabinet,Cabinets,Wildwood,2025 Cabinet Price List Supplier,233.87,61,,each
WW-WEC1236,"Wildwood Wall Angled Cabinet 12""W x 36""H",Wildwood Wall Angled Cabinet,Cabinets,Wildwood,2025 Cabinet Price List Supplier,263.93,61,,each
WW-WEC1242,"Wildwood Wall Angled Cabinet 12""W x 42""H",Wildwood Wall Angled Cabinet,Cabinets,Wildwood,2025 Cabinet Price List Supplier,290.73,61,,each
WW-WES0930,"Wildwood Wall End Shelf 9""W x 30""H",Wildwood Wall End Shelf,Cabinets,Wildwood,2025 Cabinet Price List Supplier,161.73,61,,each
WW-WES0936,"Wildwood Wall End Shelf 9""W x 36""H",Wildwood Wall End Shelf,Cabinets,Wildwood,2025 Cabinet Price List Supplier,191.60,61,,each
WW-WES0942,"Wildwood Wall End Shelf 9""W x 42""H",Wildwood Wall End Shelf,Cabinets,Wildwood,2025 Cabinet Price List Supplier,225.00,61,,each
WW-WF1.5X96,"Wildwood Tall Filler 1.5""W x 96""H",Wildwood Tall Filler,Cabinets,Wildwood,2025 Cabinet Price List Supplier,64.00,61,,each
WW-WF330,"Wildwood Wall Filler 3""W x 30""H",Wildwood Wall Filler,Cabinets,Wildwood,2025 Cabinet Price List Supplier,25.00,61,,each
WW-WF336,"Wildwood Wall Filler 3""W x 36""H",Wildwood Wall Filler,Cabinets,Wildwood,2025 Cabinet Price List Supplier,29.67,61,,each
WW-WF342,"Wildwood Wall Filler 3""W x 42""H",Wildwood Wall Filler,Cabinets,Wildwood,2025 Cabinet Price List Supplier,34.60,61,,each
WW-WF396,"Wildwood Wall Tall Filler 3""W x 96""H",Wildwood Wall Tall Filler,Cabinets,Wildwood,2025 Cabinet Price List Supplier,71.27,61,,each
WW-WF630,"Wildwood Wall Filler 6""W x 30""H",Wildwood Wall Filler,Cabinets,Wildwood,2025 Cabinet Price List Supplier,49.20,61,,each
WW-WF636,"Wildwood Wall Filler 6""W x 36""H",Wildwood Wall Filler,Cabinets,Wildwood,2025 Cabinet Price List Supplier,56.00,61,,each
WW-WF642,"Wildwood Wall Filler 6""W x 42""H",Wildwood Wall Filler,Cabinets,Wildwood,2025 Cabinet Price List Supplier,62.93,61,,each
WW-WF696,"Wildwood Wall Tall Filler 6""W x 96""H",Wildwood Wall Tall Filler,Cabinets,Wildwood,2025 Cabinet Price List Supplier,137.93,61,,each
WW-WLS2430,"Wildwood Wall Corner Bi-Fold Door Cabinet 24""W x 30""H",Wildwood Wall Corner Bi-Fold Door Cabinet,Cabinets,Wildwood,2025 Cabinet Price List Supplier,415.00,61,,each
WW-WLS2436,"Wildwood Wall Corner Bi-Fold Door Cabinet 24""W x 36""H",Wildwood Wall Corner Bi-Fold Door Cabinet,Cabinets,Wildwood,2025 Cabinet Price List Supplier,465.00,61,,each
WW-WLS2442,"Wildwood Wall Corner Bi-Fold Door Cabinet 24""W x 42""H",Wildwood Wall Corner Bi-Fold Door Cabinet,Cabinets,Wildwood,2025 Cabinet Price List Supplier,510.00,61,,each
WW-WMC3030,"Wildwood Microwave Cabinet 30""W x 30""H",Wildwood Microwave Cabinet,Cabinets,Wildwood,2025 Cabinet Price List Supplier,464.00,61,,each
WW-WMC3036,"Wildwood Microwave Cabinet 30""W x 36""H",Wildwood Microwave Cabinet,Cabinets,Wildwood,2025 Cabinet Price List Supplier,482.93,61,,each
WW-WMC3042,"Wildwood Microwave Cabinet 30""W x 42""H",Wildwood Microwave Cabinet,Cabinets,Wildwood,2025 Cabinet Price List Supplier,509.87,61,,each
WW-WP1884,"Wildwood Pantry 18""W x 84""H",Wildwood Pantry,Cabinets,Wildwood,2025 Cabinet Price List Supplier,814.40,61,,each
WW-WP1890,"Wildwood Pantry 18""W x 90""H",Wildwood Pantry,Cabinets,Wildwood,2025 Cabinet Price List Supplier,867.20,61,,each
WW-WP1896,"Wildwood Pantry 18""W x 96""H",Wildwood Pantry,Cabinets,Wildwood,2025 Cabinet Price List Supplier,920.13,61,,each
WW-WP2484,"Wildwood Pantry 24""W x 84""H",Wildwood Pantry,Cabinets,Wildwood,2025 Cabinet Price List Supplier,884.60,61,,each
WW-WP2490,"Wildwood Pantry Cabinet 24""W x 90""H",Wildwood Pantry Cabinet,Cabinets,Wildwood,2025 Cabinet Price List Supplier,923.47,61,,each
WW-WP2496,"Wildwood Pantry 24""W x 96""H",Wildwood Pantry,Cabinets,Wildwood,2025 Cabinet Price List Supplier,988.93,61,,each
WW-WP3084,"Wildwood Pantry 30""W x 84""H",Wildwood Pantry,Cabinets,Wildwood,2025 Cabinet Price List Supplier,908.00,61,,each
WW-WP3090,"Wildwood Pantry 30""W x 90""H",Wildwood Pantry,Cabinets,Wildwood,2025 Cabinet Price List Supplier,961.00,61,,each
WW-WP3096,"Wildwood Pantry 30""W x 96""H",Wildwood Pantry,Cabinets,Wildwood,2025 Cabinet Price List Supplier,1012.00,61,,each
